artist	song	video_id	confidence	source	score	duration	channel	title	alternates
*NSYNC	Merry Christmas, Happy Holidays	wKj92352UAE	high	search	89	278	*NSYNC	*NSYNC - Merry Christmas, Happy Holidays (Official HD Video)	QPZZrk_N0Pc 83 *NSYNC: *NSYNC - Merry Christmas, Happy Holidays (Official Animated Music Video) | 2te_vUGeL3U 48 Abraham Aliaga: *NSYNC - Merry Christmas, Happy Holidays (Official Video) [UHD 60fps] | 0Rxhr5eZSQs 43 GoldenMusic: *NSYNC - Merry Christmas, Happy Holidays (Remastered) [Audio HQ]
*NSYNC	Pop	TWZKw_MgUPI	high	search	89	239	*NSYNC	*NSYNC - Pop (Official HD Video)	OjWumgBAKHA 44 life + lyrics: *NSYNC - Pop (Lyrics) | pnwHd7nJcuI 41 Music Worm: *NSYNC - Pop (Lyric VIdeo) | w84r1BaPmoY 40 Kedrick Burton: *NSYNC ''Pop''
.38 Special	Caught Up In You	zg21Rkew874	high	search	95	239	38 Special	38 Special - Caught Up In You (Official Music Video)	8_2bofm90og 41 ♪FenderGibson Sounds♪: 38 Special | Caught Up In You (HQ) | v0_xIO4e_S8 40 Music: 38 Special - Caught Up In You | kMtMnRkYHBI 39 uraass2utube: 38 special - Caught Up In You
.38 Special	Hold On Loosely	ikHvz4zfZrw	high	search	78	280	38 Special	Hold On Loosely	vJtf7R_oVaw 65 38 Special: 38 Special - Hold On Loosely (Live) (Official Music Video) | QvSmWeEOObA 53 38 Special: 38 Special - Hold On Loosely (Live) | tFUi8Wa03hc 40 RainbowDash72: Hold On Loosely - .38 Special (Lyrics)
2 Unlimited	Get Ready For This	iPOmFUid3vA	high	search	95	221	2 Unlimited Official	2 Unlimited - Get Ready For This (Official Music Video)	-PY5rQY4J1I 76 2 Unlimited Official: Get Ready For This | hMsCI2DmxPw 62 2unlimited-fanpage: 2 unlimited - Get Ready For This | 7zq99TF0BnM 41 77c715d881fc: 2 Unlimited - Get Ready For This
3 Doors Down	Kryptonite	xPU8OAjjS4k	high	search	95	235	3doorsdown	3 Doors Down - Kryptonite (Official Video)	m3lSLLklu7Q 83 3doorsdown: 3 Doors Down - Kryptonite (AOL Sessions) | NtBwVWWa3Ss 78 3doorsdown: Kryptonite | G9vlxepCpyE 76 3doorsdown: Kryptonite
311	Don't Tread On Me	5KbR0jg48YI	high	search	95	186	311	311 - Don't Tread On Me (Official Video)	UAfGqNe3SOk 52 311Archive: Don't Tread on Me | GIhoRMA5js0 41 BophatDude: 311-Don't Tread On Me | UwmYom3Q1nA 40 Jan killa: 311 - Don't Tread On Me (HQ)
311	My Stoney Baby	uKFmDxt5tvE	high	search	79	225	311	My Stoney Baby	GiowVQMciNw 62 A Brodel 311: 311 - My Stoney Baby 311 Music Album Concert N.Y.C 10/1/22 | xVtwo4EsZ84 60 A Brodel 311: 311 - My Stoney Baby @The Hive 11/11/20 | EKcUezudKHE 33 Nobelwars92: My Stoney Baby
3Quency	This Christmas	o0dfW94U2Go	high	search	95	159	3Quency	3Quency - This Christmas (3Q Version - Official Audio)	X3P9LepHsJY 49 Positive vibes: 3quency - this Christmas (3Q version - official audio)  | fwLnCveYvJ4 39 LyriczJustForYou: 3Quency - This Christmas (3Q Version) [Lyrics] | FGmaJxLI79M 28 3Quency: 3Quency - Once I Was A Good Girl (Official Video)
5 Seconds Of Summer	BLENDER	8ul1PBMZEnM	low	search	54	148	5SOS	5 Seconds of Summer - BLENDER (Official Visualizer)	8RaeTPo5a_c 47 5SOS: 5 Seconds of Summer - BLENDER | YTKy6vxVqI4 45 Polar Records: 5 Seconds of Summer - Blender (Lyrics) | rY28D_rTj40 43 Unique Sound: 5 Seconds of Summer - Blender (Lyrics)
5 Seconds Of Summer	Everyone’s A Star!	itHBJU_9gDI	low	search	55	215	5SOS	5 Seconds of Summer - EVERYONE'S A STAR! (Official Video)	oaJFYsO85_o 46 5SOS: 5 Seconds of Summer - Everyone’s A Star! (Visualizer) | HFMDMyNgBTE 43 Gold Coast Music: 5 Seconds of Summer - Everyone’s A Star! (Lyrics) | BtB85C8u3kI 40 Brian: 5 Seconds Of Summer Performs Everyone's a Star On The Today Show
5 Seconds Of Summer	Youngblood	-RJSbO8UZVY	low	search	55	230	5SOS	5 Seconds of Summer - Youngblood (Official Video)	Jqs5EaAaueA 45 5SOS: 5 Seconds of Summer - Youngblood (Alt Version) | 1ncISVNNzZg 41 RockHype: 5 Seconds of Summer - Youngblood | CXNv4_wQjKQ 36 5SOS: Youngblood
98°	Give Me Just One Night (Una Noche)	PYb2IdrN-ns	low	search	72	204	98 Degrees	98º - Give Me Just One Night (Una Noche) (Official Music Video)	37gzm3YRjvc 62 98 Degrees: 98º - Give Me Just One Night (Una Noche) (Lyric Video) | jjYedw67Lps 41 d7tvradio3: 98 Degrees Give Me Just One Night | GjAd4NduqIM 39 D23AP: 98 Degrees: Give Me Just One Night (Una Noche)
A Great Big World	Wrap Me Up Under the Christmas Tree	Js9CkdwZRVo	high	search	95	195	A Great Big World	A Great Big World - Wrap Me Up Under the Christmas Tree (Official Audio)	bskzSvHSpGk 86 A Great Big World: A Great Big World - Wrap Me Up Under the Christmas Tree (Lyric Video) | UfvkuG01zCk 54 A Great Big World: A Great Big World - Wrap Me Up Under the Christmas Tree (Live Band Performance) | 4kalSpPXp_Q 45 A Great Big World: A Great Big World - Wrap Me Up Under the Christmas Tree (Acoustic Performance)
A*Teens	I Wish It Could Be Christmas Everyday	J9muTuiNNwg	high	search	79	191	A*Teens Official	I Wish It Could Be Christmas Everyday	KzyLnI2UWDI 50 A Teens Music: CD 01 - 05 I Wish It Could Be Christmas Everyday (Sunday Retro Mix) | nShAEdCfYbw 41 Juancho Fuentes Bustos: A-Teens - I Wish It Could Be Christmas EveryDay (Extended Version) | PxTea7ZfxMo 40 J Counts: I Wish it Could be Christmas Everyday A Teens
A-ha	Take On Me	djV11Xbc914	high	search	97	244	a-ha	a-ha - Take On Me (Official Video) [4K]	-iKeUC5_Wyw 79 a-ha: Take on Me (Video Version) (2015 Remaster) | jg5mXCCbd0U 76 a-ha: Take On Me (MTV Unplugged / Edit) | kmDBDn8Ju6w 41 7clouds Acoustic: a-ha - Take On Me (Lyrics)
Aaron Carter	Aaron's Party (Come Get It)	y0p3jn7ODuc	low	search	72	204	Official Aaron Carter	Aaron Carter - Aaron's Party (Come Get It) (Official Video)	LqdrhjErPSw 42 The 4K Channel: Aaron Carter - Aaron's Party (Come Get It) (4K Remaster 60 FPS) | FsSwXRqrJ0U 41 musicandlyricz: Aaron's Party (Come Get It) w/ Lyrics - Aaron Carter | _kOjKU_k2t8 38 2000X-50X: Aaron Carter - Aaron's Party (Come Get It)
Aaron Goodvin	You Are	eMtRJl2il9w	high	search	95	185	Aaron Goodvin	Aaron Goodvin - You Are - Official Music Video	AXEd6pDoFDA 40 Kasey Todd: You Are - Aaron Goodvin | VFL762qpB_w 26 Aaron Goodvin: Aaron Goodvin - Lonely Drum - Official Music Video | jijvxtLXgfo 19 Aaron Goodvin: Aaron Goodvin - You Ain't (Official Lyric Video)
ABC	The Look Of Love	cNEdxZURTaI	low	search	64	212	ABC Martin Fry	ABC - The Look Of Love	dwJTQfx0Neo 53 ABC Martin Fry: The Look Of Love | VhVPU1Brmos 43 TopPop: ABC - The Look Of Love (1982) • TopPop | X9uwAs5QfiE 41 Danceelectric: ABC - The Look Of Love - Full Length - HQ
AC/DC	It's A Long Way to the Top (If You Wanna Rock 'N' Roll)	GChhRrU6BJU	high	search	86	304	AC/DC	AC/DC - It's a Long Way to the Top (If You Wanna Rock 'N' Roll) (Audio)	4ruJ4kAGbLc 75 AC/DC: It's a Long Way to the Top (If You Wanna Rock 'n' Roll) | g-qkY2yj4_A 52 Enhanced Music Videos: AC/DC - It's A Long Way To The Top [Official Music Video], Full HD (Remaster, Resy | j9Z39Uqybcw 46 Official Lives & Music Videos - Official Channel: AC/DC - It's a Long Way to the Top (If You Wanna Rock '
AC/DC	Moneytalks	2lqdErI9uss	high	search	89	226	AC/DC	AC/DC - Moneytalks (Official HD Video)	LBYZoc9lnvE 56 AC/DC: AC/DC - Moneytalks (Live at Donington, 8/17/91) | gyWGWDUXocw 46 AC/DC: Moneytalks (Live - 1991) | y37LZarWRKk 40 2083030: AC/DC - Money Talks
AC/DC	Thunderstruck	v2AC41dglnM	high	search	95	293	AC/DC	AC/DC - Thunderstruck (Official Video)	Af0P6XEkI7Y 57 AC/DC: AC/DC - Thunderstruck (Live at Donington, August 17, 1991 - Official HD Video) | n_GFN3a0yj0 54 AC/DC: AC/DC - Thunderstruck (Live At River Plate, December 2009) | mBksMIl9Kf0 41 RockHype: AC/DC - Thunderstruck
AC/DC	You Shook Me All Night Long	Lo2qQmj0_h4	high	search	89	209	AC/DC	AC/DC - You Shook Me All Night Long (Official 4K Video)	zWCINQn6k0s 88 AC/DC: AC/DC - You Shook Me All Night Long (Official HD Video [Who Made Who]) | zakKvbIQ28o 54 AC/DC: AC/DC - You Shook Me All Night Long (Live At River Plate, December 2009) | 3G6oLyWohUg 40 Luis Andres Arteaga Romero: AC/DC  -  You Shook Me All Night Long (HQ)
Ace Of Base	Beautiful Life	wh-07BzfgYY	high	search	95	223	Ace of Base	Ace of Base - Beautiful Life (Official Music Video)	1RS-1IKrNIg 46 VibersVibin: Ace of Base - Beautiful Life (Lyrics) | S6yu0i5P4Qc 40 Marina Prado: Ace of Base -  Beautiful Life (1995)🎧🎼🎵🎶 | IlEdx7N8lqU 38 Popular Music English: Ace of Base - Beautiful Life (Audio)
Ace Of Base	Cruel Summer	sUt0ut92vek	high	search	95	215	Ace of Base	Ace of Base - Cruel Summer [U.S. Version] (Official Video)	YYZwfssm7lc 93 Ace of Base: Ace of Base - Cruel Summer [Big Bonus Mix] (Official Music Video) | ZogE9W55heE 86 Ace of Base: Ace of Base - Cruel Summer (Lyric Video) | YqS5eIeVlvU 38 Maxi Remix: Ace Of Base - Cruel Summer (Album Version) 1998
ACRAZE	Believe (feat. Goodboys)	rht_fkVLk8I	high	search	87	189	ACRAZE	ACRAZE - Believe ft. Goodboys	"yyKGUJTR_Kc 86 ACRAZE: ACRAZE - Believe (Visualizer) ft. Goodboys | 5zfVb7Y6rZU 45 The Vibe Guide: ACRAZE - Believe (Lyrics) ""I need a miracle"" | vvx9yp27mAg 44 Dan Music: ACRAZE - Believe (Lyrics) ft. Goodboys"
Adam Ant	Goody Two Shoes	o41A91X5pns	low	search	64	202	adamantdotnet	Adam Ant - Goody Two Shoes	QpW4xYs57lc 55 adamantdotnet: Goody Two Shoes | dXH3n5kgqtg 50 Enhanced Music Videos: Adam Ant - Goody Two Shoes [Official Music Video], Full HD (Remastered and Upscale | 27Tj-Xo_eqI 39 fritz51334: Adam Ant - Goody two Shoes 1982
Adam Lambert	For Your Entertainment	IsPFDzAGb4A	high	search	95	217	Adam Lambert	Adam Lambert - For Your Entertainment (Official Video)	f9wAFmfhpmU 86 Adam Lambert: Adam Lambert - For Your Entertainment | CL-4KaRTx5c 60 AdamLambertMexico: Adam Lambert For Your Entertainment [Audio] | 0F2hqlV8-N8 40 J L: For your Entertainment Adam Lambert lyrics
Adam Levine	Good Mood - Original Song From Paw Patrol: The Movie	UUI5fgxpzgI	high	search	88	211	Adam Levine - Topic	Good Mood (Original Song From Paw Patrol: The Movie)	"ivIvRg9bGu0 -13 Interscope Records: Adam Levine - Good Mood (From PAW Patrol: The Movie Soundtrack) [Official Audio] | d64G6N-po-g -18 Paramount Pictures: PAW Patrol: The Movie (2021) - ""Adam Levine – Good Mood – Lyric Video"" - Paramount P | 8wuXE4Yul4U -20 Loku: Adam Levine - Good Mood (Lyrics)"
Adam Port	Move (feat. Camila Cabello, Stryv, Keinemusick)	si6Ox8IuZeU	low	search	55	181	Camila Cabello	Move (feat. Camila Cabello) - Adam Port, Stryv, Malachiii, Orso (Official Visualizer)	k2g3Wh8MEg0 13 Marcos Daudt Live!: ADAM PORT (KEINEMUSIK) 4K: Move - Live in Rio de Janeiro 2025 Carnival at Sambadrome! | 1EVeFp-oKZg -26 keinemusik: Keinemusik (Rampa, &ME, Adam Port) - Say What (feat. Chuala) | 2u6RTgti_8k -80 Dennis Gold: Dennis Gold AFRO HOUSE MIX In Style Of Keinemusik, Adam Port, Moojo / SUNSET DJ SET 2026
Adam Port	Move (feat. Stryv, Keinemusick)	si6Ox8IuZeU	low	search	55	181	Camila Cabello	Move (feat. Camila Cabello) - Adam Port, Stryv, Malachiii, Orso (Official Visualizer)	k2g3Wh8MEg0 12 Marcos Daudt Live!: ADAM PORT (KEINEMUSIK) 4K: Move - Live in Rio de Janeiro 2025 Carnival at Sambadrome! | 1EVeFp-oKZg -27 keinemusik: Keinemusik (Rampa, &ME, Adam Port) - Say What (feat. Chuala) | 2ECWX8GdDvA -87 MayanWarrior: Keinemusik (&ME, Rampa, Adam Port) - Mayan Warrior - Burning Man 2022
Afrojack	Awake Tonight (Feat. David Guetta, Sia)	lpgt1lex3P0	low	search	64	190	Afrojack and 2 more	Afrojack, Sia, David Guetta - Awake Tonight (lyric video)	CjRXgbm912U 46 WaveMusic: AFROJACK, Sia, David Guetta - Awake Tonight (Lyrics) | FNEIm-AHe4o 38 nyrewes 2: David Guetta & AFROJACK ft. Sia - Awake Tonight ID [Ultra 2026] | ht9W47kaZys 20 Illumi Music: AFROJACK, Sia, David Guetta - Awake Tonight (Extended Mix)
Afrojack	Day N Night (feat. Black V Neck, Muni Long)	4kXD4CwDPkA	high	search	87	178	Afrojack	AFROJACK, Black V Neck - Day N Night (Audio) ft. Muni Long	I0WFHHuTNNg 43 Illumi Music: Afrojack & Black V Neck - Day N Night (feat. Muni Long) | Cm-ok9aFFBs 40 XeonBeats: Afrojack & Black V Neck - Day N Night (Lyrics) [feat. Muni Long] | yqbQoRLxziU 38 Astralwerks Records: Afrojack & Black V Neck - Day N Night (feat. Muni Long)
Afrojack	Hero (Dubvision Remix)	U7FFX_OQNRw	high	search	87	232	Afrojack	Afrojack & David Guetta - Hero (Dubvision Remix)	heVV3Pj1360 41 This Vibe: Afrojack & David Guetta - Hero (DubVision Extended Remix) | GpFQrH8AjKw 40 GooseBumps HouSe MuSic: Hero (Dubvision Remix) David Guetta, Afrojack, Dubvision | tl4aRmaaiUc 39 Arnold Vibe: Afro jack & David Guetta - Hero ( Dubvision Remix ) [ HomeOf EDMMusic  PRESENTS ]
Afrojack	Hero (feat. David Guetta, Luxtides)	cZSoOQ-7Cuc	high	search	93	187	Afrojack	Afrojack & David Guetta - Hero (Official Music Video)	7u417sYommQ 87 Afrojack: Afrojack & David Guetta - Hero (Official Lyric Video) | 6cTee5vZKRs 46 Afrojack: Afrojack & David Guetta - Hero ft. Luxtides (Acoustic) | YiW0_NZF3Lg 38 Lexie Jaye: David Guetta + Afrojack Featuring Luxtides Hero Lyrics
Afrojack	Take Over Control (feat. Eva Simons)	Uht0dxfz2no	high	search	75	247	Afrojack	Take Over Control (Radio Edit) (feat. Eva Simons)	rVjcLL9WwU8 57 Spinnin' Records: Afrojack ft. Eva Simons - Take Over Control (Official Music Video) [HD] | jOZXMjbKD_w 39 Robbins Entertainment: Afrojack featuring Eva Simons- Take Over Control (Official Radio Edit) | adGVpCsf9N4 21 Spinnin' Records: Afrojack ft. Eva Simons - Take Over Control (Official Radio Mix)
AJR	100 Bad Days	2c4dB52ehAE	high	search	95	214	AJR	AJR - 100 Bad Days (Official Video)	eJMTnp6GW8Q 69 AJR Audio's: AJR - 100 Bad Days (Official Audio) | fOUXlz3kcHQ 46 LYMusics: AJR - 100 Bad Days (Lyrics) | 8693EvtJOpg 45 Its ok koy: 100 Bad Days - AJR
Alanis Morissette	Ironic	Jne9t8sHpUc	high	search	89	247	Alanis Morissette	Alanis Morissette - Ironic (Official 4K Music Video)	AakBK5leleE 78 Alanis Morissette: Ironic | H4bIXVTsJck 77 Alanis Morissette: Ironic | KPwo8RBeh-g 43 BBC Music: Alanis Morissette - Ironic | Glastonbury 2025
Alesso	Cool (feat. Roy English)	-aWtrEFfS4E	high	search	87	238	Alesso	Alesso - Cool ft. Roy English	Gi7ULog9PC0 86 Alesso: Alesso - Cool Feat. Roy English | zNIjY8QvmTc 40 Ivan Reyes: Alesso Feat. Roy English - Cool (Lyric Video) | draDyga8-tE 9 IAMSRR: Alesso - Cool ft. Roy English (LIVE at Tomorrowland 2015)
Alesso	Heroes (we could be) (feat. Tove Lo)	a7SouU3ECpU	high	search	87	295	Alesso	Alesso - Heroes (we could be) ft. Tove Lo	FBUJiUCWiz8 83 Alesso: Alesso - Heroes (We Could Be) ft Tove Lo (BBC Radio 1 Pete Tong World Premiere) | GwlOOLBASbw 76 Alesso: Heroes (We Could Be) | 1ZCxXjDlaf8 46 7clouds: Alesso, Tove Lo - Heroes (Lyrics) we could be
Alesso	In Your Eyes (feat. OneRepublic)	bS9C1ipyMy8	high	search	86	217	Alesso	Alesso, OneRepublic - In Your Eyes (Visualizer)	3EvujYssSZ4 64 Alesso and OneRepublic: Alesso, OneRepublic - In Your Eyes | BRZQXWilYyI 40 Vivo Lyrics: Alesso, OneRepublic - In Your Eyes (Lyrics) | goDRdGHLfjs 39 Impulse Records: Alesso - In Your Eyes (feat. Onerepublic)
Alex Sampson	This Christmas (Feels Like Love)	JPQuWHm-TYM	high	search	95	159	Alex Sampson	Alex Sampson - This Christmas (Feels Like Love) [Official Audio]	SFBeeUKP3-g 86 Alex Sampson: Alex Sampson - This Christmas (Feels Like Love) [Official Lyric Video] | Q_eYCtzsndI 48 Brianbaliey: Brianbaliey & Alex sampson - This Christmas (Feels Like Love) (Official Audio) | _VsqsnrqdVk 39 BK Riha: This Christmas (Feels Like Love) by Alex Sampson | SSATB a cappella
Alex Warren	Carry You Home	d4iGZ_jP-1U	high	search	95	188	Alex Warren	Alex Warren - Carry You Home (Official Video)	RQorrnJIc2Q 85 Alex Warren: Alex Warren - Carry You Home (Official Wedding Video) | LD24ridA9Zs 84 Alex Warren: Alex Warren - Carry You Home (feat. Ella Henderson) | kEPZ9r7iNdc 83 Alex Warren: Alex Warren - Carry You Home (Official Lyric Video)
Alexander Stewart	broken by you	J1YAu-pOCac	high	search	95	174	Alexander Stewart	Alexander Stewart - broken by you (Official Music Video)	69yH2yclt7c 46 VibesOnly: Alexander Stewart - ​​broken by you (Lyrics) | NmddmMHHVYg 40 LuckMusic: Broken by You - Alexander Stewart | wchduXpFExU 39 Brian: Alexander Stewart Performs Broken by You on CBC 2025
ALEXSUCKS	Flowers & Dirt	QR050E82BlA	high	search	95	129	alexsucks	alexsucks - Flowers & Dirt (Official Music Video)	ivqp0TcB2S4 86 alexsucks: alexsucks - Flowers & Dirt (Official Lyric Video) | LnOSjsT0exs 38 DJ SEU MUNIZ: ALEXSUCKS - Flowers & Dirt | vjK0x2yfSQI 26 alexsucks: alexsucks - Worm in the Sun (Official Music Video)
Alice Cooper	Poison	Qq4j1LtCdww	low	search	64	269	Official Alice Cooper	Alice Cooper - Poison	PodQg-qgUXs 46 7clouds Rock: Alice Cooper - Poison (Lyrics) | 9K2ktd6Ajkc 40 Retro Gaming Museum: Alice Cooper - Poison | obad6G5_1AA 39 Mr.Gaetano: Alice Cooper - Poison (High-Quality Audio)
Alice Deejay	Better Off Alone	Lgs9QUtWc3M	high	search	95	176	Alice Deejay	Alice Deejay - Better Off Alone (Official Video)	Ck0LO6b6OQc 78 Alice Deejay: Better Off Alone | 5nEWN4VX1MM 75 Alice Deejay: Better Off Alone | 6j9J9FLIafk 53 Alice Deejay: Better Off Alone (Remastered) (1999 Original Mix)
All Time Low	The Weather	KG9e_snLxy4	high	search	95	196	All Time Low	All Time Low: The Weather [Official Video]	RSAjHORvJ78 78 All Time Low: The Weather | n9OsN-nl1_M 54 All Time Low: All Time Low - The Weather | Live From Vevo Studios | XtcEFY92vuk 53 All Time Low: All Time Low - The Weather (Live from Vans Warped Tour, Orlando FL 2025)
Allison Russell	Stay Right Here	0Z5XX61ZlbM	high	search	95	247	Allison Russell	Allison Russell - Stay Right Here (Official Visualizer)	"3dUSLmKrpSw 45 BBC Music: Allison Russell - Stay Right Here | Later... with Jools Holland | B999LKSx5aA 30 Larry Hinze: ALLSION RUSSELL * Stay Right Here       2023  HQ | LzQJTR1rKe4 13 CBC Music: Watch Allison Russell perform ""Stay Right Here"" on CBC Music Live"
Almost Monday	can't slow down	2v18oySsS58	high	search	95	180	almost monday	almost monday - can't slow down (official video)	rID6KSx8BAU 53 almost monday: almost monday - can't slow down (Live from London) | 5T3t6n6os6o 45 Chill Only: almost monday - can't slow down (Lyrics) | 2h0nk5BVcxI 41 BIRP!: almost monday – can't slow down
Almost Monday	enjoy the ride	nNYOk4y8RsA	high	search	87	188	almost monday	almost monday - enjoy the ride	jDL7xujzuIk 41 AKR LYRICS: almost monday - enjoy the ride (Lyrics) | HDovMHXR49g 39 kasperdog2000: Almost Monday - enjoy the ride - October 30, 2025 | 2v18oySsS58 26 almost monday: almost monday - can't slow down (official video)
Almost Monday	is it too late?	K296A5tuYGw	high	search	95	163	almost monday	almost monday - is it too late? (official video)	ULdHbiHrBdM 38 czeringue: Almost Monday - Is It Too Late at the Toyota Music Factory in Dallas | 2v18oySsS58 28 almost monday: almost monday - can't slow down (official video) | IgRSVLYiVgY 11 WKFS: Almost Monday - Is It Too Late / Can't Slow Down [Live] @ Brighton Music Hall, Boston, MA 2025.02.0
Almost Monday	lost	4UZ1itzJOH8	high	search	87	186	almost monday	almost monday - lost	dj3lSVECuVw 41 Cosgrove: almost monday - lost (Visualizer) | 1kAOuYca7ek 38 Sean Gargan: Almost Monday -Lost @ IHeart Radio ALTer Ego 2026 | iczsZVZxHKs 28 almost monday: almost monday - no more regrets (official video)
Almost Monday	no more regrets	iczsZVZxHKs	high	search	95	184	almost monday	almost monday - no more regrets (official video)	NlGHgXGKYFU 56 almost monday: almost monday - no more regrets | Live From Vevo Studios | wF2JFIkqWGk 40 LyricArch: Almost Monday - No More Regrets (Lyrics) | _R8EW4SwNpE 39 Max Hazragvir XIII: almost monday - no more regrets (Lyric Video) New Release
Almost Monday	only wanna dance	pKtKkDly0Kk	high	search	95	154	almost monday	almost monday - only wanna dance (official video)	ziOVTrt8lJU 46 David Dean Burkhart: almost monday - only wanna dance | ZR_7yQZQ3gg 46 All About Las Vegas: almost monday   only wanna dance official video | kxzDQdpGd4A 40 Max Music: almost monday - only wanna dance
Almost Monday	she likes sports	X8L6OTiDVbw	high	search	95	167	almost monday	almost monday - she likes sports (official video)	d8KVU122YcQ 46 MOODLY: [THAISUB] she likes sports - almost monday | XRYIAxkaiTk 39 botondb: almost monday - she likes sports - Rock Werchter, Werchter 2025/07/05 | yGbFQOgt6C8 38 ximoonchild;: Almost Monday - ‘she likes sports’ || (Traducida al español + Lyrics)
Alok	All By Myself (feat. Sigala, Ellie Goulding)	q2Bg0kyxKoY	high	search	95	176	Alok	Alok, Sigala, Ellie Goulding - All By Myself (Official Video)	g8C17FSbzBo 94 Alok: Alok x Sigala x Ellie Goulding - All By Myself (Official Visualizer) | vt_YvYdAmH0 58 Alok: Alok, Sigala, Ellie Goulding – All By Myself (Club Mix) | jjyXhmJ0cCA 45 The Vibe Guide: Alok, Sigala, Ellie Goulding - All By Myself (Lyrics)
Alok	Deep Down (feat. Ella Eyre, Kenny Dope, Never Dull)	RQQY_zjjLxo	high	search	94	166	Alok	Alok x Ella Eyre x Kenny Dope feat. Never Dull – Deep Down (Official Visualizer)	WJvtX-Ec1S8 87 Alok: Alok x Ella Eyre x Kenny Dope feat. Never Dull – Deep Down (Lyric Video) | QS9UP3a9690 83 Alok: Alok x Never Dull x Kenny Dope feat. Ella Eyre & Crystal Waters - Deep Down  (In My Mind Edit) | NhjQNa_MO2I 59 Alok: Alok x Ella Eyre x Kenny Dope feat. Never Dull – Deep Down (Club Mix)
Alok	Hear Me Now (feat. Zeeba, Bruno Martini)	bbOw3Q2cRrw	high	search	83	315	Alok	Alok, Bruno Martini feat. Zeeba - Hear Me Now (Club Edit)	JVpTp8IHdEg 57 Spinnin' Records: Alok, Bruno Martini feat. Zeeba - Hear Me Now (Official Music Video) [4K] | yPCCBxqn45U 44 Pizza Music: Alok, Zeeba, Bruno Martini - Hear Me Now (Lyrics) | YKCr1bdwy0c 41 Mazeh Music: Alok, Bruno Martini feat. Zeeba | Hear Me Now [Lyrics]
Alok	Looking For Love (feat. Anitta)	ZvJqGOfsn8A	high	search	95	179	Alok	Alok & Anitta – Looking For Love (Official Video)	n8cin5kOKjk 46 Anitta: Alok & Anitta - Looking For Love (Official Lyric Video) | xHI9RGJkE24 45 Illumi Music: Alok & Anitta - Looking For Love | izOFSAbqd9I 44 Creative Chaos: Alok & Anitta - Looking For Love (Lyrics)
Alok	To The Moon (Feat. ILLENIUM)	vp8qL6kfjQs	low	search	64	270	Alok and ILLENIUM	Alok & ILLENIUM – To The Moon (Lyric Video)	T1gh4PTo3XY 56 Alok: Alok x ILLENIUM - To The Moon @ live at Keep Art Human São Paulo | xpgjaNiosVQ 45 WaveMusic: Alok, ILLENIUM - To The Moon (Lyrics) | Rwb1jBvZ7D0 44 Virtuau: Alok, ILLENIUM - To The Moon (Traducida al Español)
Alok	Work With My Love (Feat. James Arthur)	FPOyxPIpzcU	high	search	84	154	Alok	Alok & James Arthur - Work With My Love (Official Lyric Video)	ci3DrZXedS4 58 Alok: Alok & James Arthur – Work With My Love (Club Mix) | MIWV-oRxjps 55 James Arthur: Alok & James Arthur - Work With My Love (Official Visualizer) | Ar80f2ZvuD4 46 The Vibe Guide: Alok, James Arthur - Work With My Love (Lyrics)
Alok, Jennifer Lopez	Everything's Fine (PM)	omuBaHRavpQ	low	search	39	167	Alok and Jennifer Lopez	Alok & Jennifer Lopez – Everything’s Fine (PM) (Official Lyric Video)	8II8lFbpOyY 38 Jennifer Lopez and Alok: Alok & Jennifer Lopez – Everything’s Fine (AM) (Official Lyric Video) | 1fuRCMItvbQ 32 JLover Gr: Jennifer Lopez, Alok - Everything's Fine (PM) (Audio) | rqXNhFWLJUo 30 JLover Gr: Jennifer Lopez, Alok - Everything's Fine (AM) (Audio)
Amber	This Is Your Night	CZOOILsoN9Y	high	search	75	241	Amber	This Is Your Night (Original Edit)	"26K5UkTucI0 51 Amber: This Is Your Night (Original 12"" Mix) | TOqDdQmuypw 44 Tommy Boy: Amber - This is Your Night (Official 4K Music Video) | 54XoEIYMqjU 41 Tommy Boy: Amber - This Is Your Night"
America	Ventura Highway	E-BaXyirqi4	high	search	86	220	America	America - Ventura Highway (Musikladen, 1975)	"dAUUy7NMnaY 42 MNDXer1049: America - Ventura Highway (High Quality) | pdiHe6668iQ 40 Joanne Cooper Play Along Videos: Ventura Highway by America play along with scrolling guitar chords and l | uKEV-vttTm4 39 Ned Miller: America - ""Ventura Highway"". In the Sunshine."
American Authors	Christmas Karaoke	EhEFTHJtnAk	high	search	87	161	American Authors	"American Authors - ""Christmas Karaoke"" (Official Lyric Video)"	asIzK7bXLDg 41 GILL LYRICS: American Authors - Christmas Karaoke Lyrics | YFSu6l0skcI 3 American Authors: American Authors Yule Log (2023) | a6JskTwyQ3s -20 Sing King: American Authors - Best Day Of My Life (Karaoke Version)
American Authors	Coming Home To You	_51WoTSB7Wc	high	search	87	186	American Authors	American Authors - Coming Home To You (Audio)	4ZB2JesBv8A 20 American Authors: American Authors - Bring It On Home ft. Phillip Phillips, Maddie Poppe | fWEf1buNM54 19 American Authors: American Authors - Bring It On Home [featuring Phillip Phillips & Maddie Poppe] (Stripp | jY-rA0mQ2JU 13 American Authors: Come Home to Me
American Authors	Go Big Or Go Home	dUZoK20_KYQ	high	search	87	174	American Authors	American Authors - Go Big Or Go Home	Xi3YN19ev0I 48 American Authors: American Authors - Go Big Or Go Home (Taylor Wise Remix/Audio) | iZzFmnx4QmA 41 GLyrics: American Authors - Go Big Or Go Home (Lyrics) | MJoPow60gjo 40 VevoSpecials: American Authors - Vevo GO Shows: Go Big Or Go Home (Presented by Sperry)
Amii Stewart	Knock On Wood	XKuJUxGntRI	high	search	89	211	Amii Stewart (Official)	Amii Stewart - Knock On Wood (Official HD Video)	s95pTCDbIJ8 78 Amii Stewart (Official): Knock on Wood (Long Disco Version) | VP6Kap6rizw 77 Amii Stewart (Official): Knock on Wood | 1uvdhGJZdzY 40 Juan Classic Disco: Knock On Wood - Amii Stewart - HQ/HD
Amy Grant	Every Heartbeat	kcYIZ-cduvM	high	search	87	237	AmyGrantOfficial	Amy Grant - Every Heartbeat	jswsdiZ9psM 80 AmyGrantOfficial: Every Heartbeat (2021 Remastered Version) | 7RO3JuQEd_c 62 Flamy Grant: Flamy Grant // Every Heartbeat (Lip Sync) | RL7wtpl3VZM 53 AmyGrantOfficial: Amy Grant - Every Heartbeat (From Time Again…Live)
Anastacia	One Day In Your Life	vxgcJAf6iMk	high	search	87	206	Anastacia	Anastacia - One Day In Your Life	0RIlAPC6U3w 86 Anastacia: Anastacia - One Day In Your Life (International Version) | Zufjkm0NUFs 40 RockHype: Anastacia - One Day In Your Life (European Version) | O6aky4PVYtY 39 MAD Entertainment: Anastacia - One Day In Your Life (US Version)
Andy Grammer	Good Company	nS_WLttQN2U	high	search	95	192	Andy Grammer	Andy Grammer - Good Company (Official Audio)	QkN1p1SJ9ac 41 Good Vibes: Andy Grammer - Good Company (Lyrics) | FDevFzJFi9w 28 Andy Grammer: Andy Grammer - Good In Me (Official Music Video) | Go7gn6dugu0 26 Andy Grammer: Andy Grammer - Honey, I'm Good. (Official Music Video)
Andy Grammer	I Do (Feat. Maddie & Tae)	o7kTvr6CNAk	high	search	87	203	Andy Grammer	Andy Grammer, Maddie & Tae - I Do	y7VxSiIrgf4 41 Country Vibes: Andy Grammer, Maddie & Tae - I Do (Lyrics) | qg3fbsynbuU 40 Héctor González: Andy Grammer - I do (feat. Maddie & Tae) sub. español | GHWlRghr0gc 35 Maddie & Tae: I Don't Need To Know
Andy Grammer	Magic	TsSv0kUmIJc	high	search	95	194	Andy Grammer	Andy Grammer - Magic (Official Music Video)	"Y_RBUzGmF2U 83 Andy Grammer: Andy Grammer - Magic (Stripped) [Audio Stream] | sEL6zWWJZaI 45 PS22 Chorus: ""Magic"" Andy Grammer ft. PS22 Chorus | WjPuCar6uSQ 41 Shooting Star: Andy Grammer - Magic (Lyrics)"
Animotion	Obsession	hIs5StN8J-0	high	search	92	241	AnimotionVEVO	Animotion - Obsession	VVyO_baQI-4 88 Animotion - Topic: Obsession | B-WGXrAxsTE 86 Animotion - Topic: Obsession | sp1ucPjUl5M 60 Animotion - Topic: Obsession (`80s Weight Loss Workout Mix)
Anita Ward	Ring My Bell	TaBLlkqx7eU	low	search	45	216	malacomg	Anita Ward - Ring My Bell (Lyric Video)	"Dp11DjaUc5A 43 PS César: Ring My Bell - Anita Ward (1979) HD | jrXkleks57E 38 Mark Vissers: Anita Ward - Ring my Bell [HQ] | vsBak0oCgdY 38 Disko Heaven: Anita Ward - ""Ring My Bell"" 1979"
Anna Of The North	Dandelion	hR_8-zg8uD8	high	search	95	164	Anna of the North	Anna of the North - Dandelion [Official Visualizer]	rUy3xYgdyAc 38 iyasareru: Dandelion - Anna Of The North // Español | sMbupEyQXdE 29 Anna of the North: Anna Of The North - Bird Sing (Official Visualizer) | PcGX3QGFtv8 28 Anna of the North: Anna of the North - I Do You (Official Video)
Anne Murray	Snowbird	7b1SKcZoOsk	high	search	77	135	Anne Murray	Snowbird	4tYd2CbltzM 53 Anne Murray: Anne Murray - Snowbird (Live) | x0oc3IR4qGQ 42 TheOldrecordclub: Anne Murray ~ Snowbird (1970) | 9YmG2VTY63I 39 Music Playlist: Anne Murray-SnowBird (Lyrics)
Anne-Marie	Think of Christmas	n_OuJnQnwFE	high	manual	62	170	Warner Records	"Anne-Marie - Think of Christmas (From ""Happiest Season"")"	"9izD8dr94DI 44 1MILLION Dance Studio: Anne-Marie - Think of Christmas / Yeji Kim Choreography | n_OuJnQnwFE 42 Warner Records: Anne-Marie - Think of Christmas (From ""Happiest Season"") | Us8cczXlvoA 41 Christmas 365: Anne-Marie - Think Of Christmas (Lyrics)"
Annie Lennox	Little Bird	pjbNLVQ_Iwk	high	search	95	277	Annie Lennox	Annie Lennox - Little Bird (Official Video)	C-xfCbgtZnc 41 SayItLyrics: Annie Lennox - Little Bird | kCpc3CXlQ64 39 MAD Entertainment: Annie Lennox - Little Bird | 0PIPAf7cNjE 38 TheLoon: Annie Lennox - Little Bird (Extended Mix / No Fade-out)
ANOTR	How You Feel (Ft. Leven Kali)	-ljiRj6LJOs	high	search	79	362	ANOTR Music	How You Feel	rurC3PpW4pM 76 ANOTR Music: How You Feel | OmQupct7buY 41 No Art Music: ANOTR, Erik Bandt - How You Feel feat. Leven Kali (Lyric Video) | _CBee-enHlM 40 Epiphany: ANOTR - How You Feel (Lyrics) ft. Leven Kali, Erik Bandt
Arcade Fire	Sprawl II (Mountains Beyond Mountains)	NuSbELCNloc	high	search	95	341	Arcade Fire	Arcade Fire - Arcade Fire presents Sprawl II (Mountains Beyond Mountains) (Official Video)	CFT-IDLbHU4 55 Arcade Fire: Arcade Fire - Sprawl II (Mountains Beyond Mountains) (Live on Austin City Limits, 2012) | Q918fT0d0b0 54 Arcade Fire: Arcade Fire - Sprawl II (Mountains Beyond Mountains) (Live at Best Kept Secret Festival, 201 | Jwm6DQSO8jw 53 Arcade Fire: Arcade Fire - Sprawl II (Mountains Beyond Mountains) (Live in New Orleans, 2020)
Arctic Monkeys	505	CKI8iQTgZKU	low	search	47	252	Pizza Music	Arctic Monkeys - 505	bhk-yqnGlpM 44 BBC Music: Arctic Monkeys  - 505 | Reading Festival 2022 | MrmPDUvKyLs 41 AIIthatgIitters2l: 505 - Arctic Monkeys | iIRnWv1k-js 40 earth lyrics : Arctic Monkeys - 505 (lyrics)
Area21	Lovin' Every Minute (feat. Martin Garrix, Maejor)	eRGQbJBvRkE	high	search	95	170	AREA21	AREA21 (@MartinGarrix & @Maejor) - Lovin' Every Minute (Official Video)	"08IvY3DsIBk 43 Insko: Reacting to: ""AREA21, Martin Garrix, Maejor - Lovin' Every Minute"" | 4VC4yEet7EU 41 Collected Vibes: AREA21, Martin Garrix, Maejor - Lovin' Every Minute (Lyrics) | NnAFU-6oBIU 40 Happy Chill Music: Area21, Martin Garrix, Maejor - Lovin' Every Minute (Lyrics)"
Aretha Franklin	Freeway Of Love	Ip_pjb5_fgA	high	search	95	246	Aretha Franklin	Aretha Franklin - Freeway Of Love (Official Music Video)	hD62z4w4ZI4 94 Aretha Franklin: Aretha Franklin - Freeway Of Love (Official Audio) | dMWpbn1Fy3c 42 GoldenMusic: Aretha Franklin - Freeway Of Love (Remastered) [Audio HQ] | B-D0YP467Lg 41 Music Butler Channel: Aretha Franklin - Freeway Of Love (1985) 👉 HD
Aretha Franklin	I Say A Little Prayer	-8y0onSG3kg	high	search	94	217	Aretha Franklin	Aretha Franklin - I Say a Little Prayer (Official Audio)	TDyiREoBw0o 87 Aretha Franklin: Aretha Franklin - I Say A Little Prayer (Official Lyric Video) | mSJiWBKtI_M 77 Aretha Franklin: I Say a Little Prayer (2021 Remaster) | 5vl6hspNb4o 75 Aretha Franklin: I Say a Little Prayer
Aretha Franklin	Respect	U0yIf9Tkgu4	high	search	92	143	Aretha Franklin	Aretha Franklin - Respect Official Video Winner	A134hShx_gw 87 Aretha Franklin: Aretha Franklin - Respect (Official Lyric Video) | 9iayJ8u4Qew 77 Aretha Franklin: Respect | s3Itb17PXvw 41 Black Music Archive LIVE!: Aretha Franklin | Respect | 1967 | Best Version
Ariana Grande	Break Free (feat. Zedd)	L8eRzOYhLuw	high	search	95	248	Ariana Grande	Ariana Grande - Break Free (Official Video) ft. Zedd	2Ek3WMM7I-0 86 Ariana Grande: Ariana Grande - Break Free feat. Zedd (Audio) | pcRKNslSS5g 84 Ariana Grande Official: Ariana Grande - Break Free (Feat.  Zedd) [Audio] | hFchgev8mjc 83 Ariana Grande: Ariana Grande - Break Free (Lyric Video) Feat. Zedd
Ariana Grande	No Tears Left To Cry	ffxKSjUwKdU	high	search	95	239	Ariana Grande	Ariana Grande - no tears left to cry (Official Video)	fFuQfcAbCIA 46 SyrebralVibes: Ariana Grande - No Tears Left To Cry (Lyrics) | WQGB95tn2wc 44 Cakes & Eclairs: Ariana Grande - No Tears Left To Cry (Lyrics) | Gc9BwDR1KSo 40 RadioInnocence Music: Ariana Grande - No Tears Left To Cry (Audio)
Ariana Grande	One Last Time	BPgEgaPk62M	high	search	95	250	Ariana Grande	Ariana Grande - One Last Time (Official Video)	Wg92RrNhB8s 86 Ariana Grande: Ariana Grande - One Last Time (Official Lyric Video) | 3RfeSrrbxPI 45 Popular Music: Ariana Grande - One Last Time (Lyrics) | cshg5ktpPtI 43 BBC Music: Ariana Grande - One Last Time (One Love Manchester)
Armin Van Buuren	Easy To Love (feat. Teddy Swims, Matoma)	n054hpuFvr8	high	search	95	158	Armin van Buuren	Armin van Buuren & Matoma feat. Teddy Swims - Easy To Love (Official Video)	JaTSDa0mx_U 86 Armin van Buuren: Armin van Buuren & Matoma feat. Teddy Swims - Easy To Love (Lyric Video) | UCRQZyj-u7I 60 Armin van Buuren: Armin van Buuren & Matoma feat. Teddy Swims - Easy To Love (Armin van Buuren Club Mix)  | 5g1Pjr3--TQ 13 DistortionMusic: Armin van Buuren & Matoma Feat. Teddy Swims - Easy To Love (Matoma VIP Mix)
Armin Van Buuren	This Is What It Feels Like (feat. Trevor Guthrie)	smzdjWrmUWk	high	search	85	240	Armin van Buuren	Armin van Buuren feat. Trevor Guthrie - This Is What It Feels Like (4K Remastered Music Video)	HukyFUAVuGo 76 Armin van Buuren: This Is What It Feels Like | BR_DFMUzX4E 72 Armada Music TV and Armin van Buuren: Armin van Buuren feat. Trevor Guthrie - This Is What It Feels Like  | 2XSZPfd_HuI 56 Armin van Buuren: Armin van Buuren feat. Trevor Guthrie - This Is What It Feels Like (Live at The Best Of
Asia	Heat Of The Moment	lCALGlGuVUA	high	search	87	189	Asia	Asia - Heat Of The Moment	oOshnBz1Q1E 54 Asia: Asia - Heat Of The Moment (Live In Tokyo) | Ixxrew2TLAM 41 ♪FenderGibson Sounds♪: Asia | Heat of the Moment (HQ) | wRHfU0VJSMM 40 Long Live Rock 'n' Roll: Asia - Heat of the Moment
August Moon	Guard Down	bkDbD5cw7N0	low	search	55	176	Prime Video	Guard Down by August Moon - Official Music Video | The Idea of You | Prime Video	"ssFDskWezh0 46 Ethereal Music: August Moon - Guard Down (Lyrics) | M_gla9ciiRM 44 Rap Samurai: August Moon – Guard Down (Lyrics) ""i let my guard down"" | SM7YGZW3q5o 37 Prime Video AU & NZ: Guard Down | The Idea Of You | Prime Video"
Ava Max	Diamonds & Dancefloors	DBKhMXJtbUE	high	search	95	157	Ava Max	Ava Max - Diamonds & Dancefloors (Official Audio)	fEI7J5VcEjM 41 Fusion Music: Ava Max - Diamonds & Dancefloors (Lyrics) | sQy156dr-LU 40 DanceMusic: Ava Max - Diamonds & Dancefloors (Music Video) [4k - Ultra HD] | WSX6ZRX4_-Q 26 Ava Max: Ava Max - Million Dollar Baby (Official Video)
Ava Max	Don’t Click Play	r16uPptjnMY	high	search	95	150	Ava Max	Ava Max - Don't Click Play (Official Audio)	ee7QQTf2iA8 41 Majestic Sounds: Ava Max - Don't Click Play (Letra/Lyrics) | SbODY8XtV38 40 Top Songs: Ava Max - Don’t Click Play | Top Songs | Lyrics | 9HA2bJiunA4 38 Estu H: Ava Max - Don't Click Play (Music Video)
Ava Max	Kings & Queens	jH1RNk8954Q	high	search	95	163	Ava Max	Ava Max - Kings & Queens [Official Music Video]	RNx5f0snpK8 92 Ava Max: Ava Max - Kings & Queens [Official Visualizer] | KjyCCQ1N8s8 91 Ava Max: Ava Max - Kings & Queens Pt. 2 (feat. Lauv & Saweetie) [Official Visualizer] | aaqRCmrUs6k 55 Ava Max: Ava Max - Kings & Queens (Live Performance)
Ava Max	Maybe You%5)%/0		none	search	29	0			"w8mBplMtwJ8 26 Ava Max: Ava Max - My Head & My Heart [Official Music Video] | SxGLPVvNjvY 26 Ava Max: Ava Max - So Am I [Official Music Video] | 6tTgpVgduoY -23 Notion: Ava Max - Maybe You're The Problem (Lyrics) - ""But with you, it's always my fault"""
Ava Max	Maybe You’re The Problem	ijS_orLb6VU	high	search	95	197	Ava Max	Ava Max - Maybe You’re The Problem (Official Video)	DMFoYJ6GoUg 86 Ava Max: Ava Max - Maybe You’re The Problem (Official Lyric Video) | J7sTvSCgv84 45 Rap Samurai: Ava Max - Maybe You’re The Problem (Lyrics) | 9a6YlmDkzbY 38 LOS40 Music: Ava Max - Maybe You’re the Problem | En directo en LOS40 Music Awards 2022
Ava Max	Million Dollar Baby	WSX6ZRX4_-Q	high	search	95	206	Ava Max	Ava Max - Million Dollar Baby (Official Video)	X2wc1L1_1WA 91 Ava Max ™: Ava Max - Million Dollar Baby (Official Visualizer) | Tk-z1PsiPeI 46 Dan Music: Ava Max - Million Dollar Baby (Lyrics) | SISSypOPrGU 45 7clouds: Ava Max - Million Dollar Baby (Lyrics)
Ava Max	Salt	2EfE0vhxt1o	high	search	91	181	Ava Max	Ava Max - Salt (Official Audio)	PKWHYLtmAGA 86 Ava Max: Ava Max - Salt [Official Lyric Video] | vg2uVt6vx6Y 83 Ava Max: Ava Max - Salt [Official Lyric Video] | rhWOfWQGqHk 54 Ava Max: Ava Max – Salt (Live Performance)
Ava Max	Sweet but Psycho	WXBHCQYxwr0	high	search	95	208	Ava Max	Ava Max - Sweet but Psycho [Official Music Video]	y93xvnqLRss 60 Ava Max Oficial: Ava Max - Sweet but Psycho (Oficial Audio) | 12GDRH3W-ys 53 Ava Max: Ava Max - Sweet but Psycho (Live Performance) | fM99sGMJjc0 46 Lost Panda: Ava Max - Sweet But Psycho (Lyrics)
Ava Max, BIA, FIFA Sound	Energy	bzv4b9TqlI4	low	search	56	182	FIFA	Ava Max, BIA  - Energy (FIFA World Cup 2026™)	6QaD0TQsG7w 55 Ava Max: Energy | aWIGxYlxJ8o 32 Ava Max Scotland 🏴󠁧󠁢󠁳󠁣󠁴󠁿 : @avamax & ​@BIABIAofficial performs “Energy” at @fifa at Crypto.com Arena in L | NQmF2FYY3j0 31 Perfect Vibes: Ava Max, Bia - Energy (Lyrics) FIFA World Cup Song 2026
Average White Band	Pick Up The Pieces	7Rvk0NPupIU	high	search	85	159	Average White Band	Average White Band - Pick up the Pieces (From Top of The Pops, 20/03/1975) [TOTP HD]	CFOOtzQhGmk 78 Average White Band: Pick Up the Pieces (45 Version) | FnH_zwVmiuE 42 kidlunchbox: Average White Band - Pick Up The Pieces | ejQF3p_sqL4 40 humanjukebox45s: Average White Band - Pick Up The Pieces - Vinyl Play
Avicii	Hey Brother	6Cp6mKbRTQY	high	search	87	264	Avicii	Avicii - Hey Brother	YxIiPLVR6NA 86 Avicii: Avicii - Hey Brother (Lyric) | S1-BzgPjog8 75 Avicii: Hey Brother (Extended Version) | 69Fb6XozEx8 45 7clouds: Avicii - Hey Brother (Lyrics)
Avicii	Levels	_ovdm2yX4MA	high	search	87	199	Avicii	Avicii - Levels	wDuoOapZ9Z0 77 Avicii: Levels (Original Version) | 8-t268I1XWg 61 Avicii Music World: Avicii - Levels (Radio Edit) | C3Ti0nZjtp8 46 Creative Chaos: Avicii - Levels (Lyrics)
Avicii	Wake Me Up (EDX Miami Sunset Remix)	5Zmcd871v44	high	search	79	393	Avicii	Wake Me Up (EDX Miami Sunset Remix)	pIzlIX1dq68 75 Avicii: Wake Me Up (EDX Miami Sunset Remix) | 2nOgZgzeTDw 61 Avicii Music World: Avicii - Wake Me Up (EDX Miami Sunset Remix) | WGwD6ugEc5M 47 Avicii: Wake Me Up (EDX Miami Sunset Radio Edit)
Avicii	Wake Me Up (Feat. Aloe Blacc)	IcrbM1l_BoI	high	search	94	273	Avicii	Avicii - Wake Me Up (Official Video)	5y_KJAg8bHI 87 Avicii: Avicii - Wake Me Up (Official Lyric Video) | qHu1T7rck0M 53 Avicii: Avicii - Wake Me Up (Live From Jimmy Kimmel Live!/2019) ft. Aloe Blacc, Mike Einziger | TWCKQG5hMIY 43 Cooper Alan: Cooper Alan & Aloe Blacc - Wake Me Up (Country Version) (Official Visualizer)
Avril Lavigne	Hot	fzb75m8NuMQ	high	search	95	202	Avril Lavigne	Avril Lavigne - Hot (Official Video)	MWzhC5qBMPQ 41 Official Audio: Avril Lavigne - Hot (Audio) | FYyDxGrKgVM 40 Pillow: Hot - Avril Lavigne (Lyrics) 🎵 | i1o7vo-HPgk 40 RicDiOlive: Avril Lavigne - Hot (Remastered)
Avril Lavigne	Losing Grip	LOcKckBLouM	high	search	95	236	Avril Lavigne	Avril Lavigne - Losing Grip (Official Video)	N67yRMOVk1s 85 Avril Lavigne: Avril Lavigne - Losing Grip (Audio) | x5wmylWXQ0Q 41 Pillow: Losing Grip - Avril Lavigne (Lyrics) 🎵 | wdt3MfgsaS4 39 elegance2910: Avril Lavigne - Losing Grip (Lyrics)
Avril Lavigne	Sk8er Boi	TIy3n2b7V9k	high	search	95	219	Avril Lavigne	Avril Lavigne - Sk8er Boi (Official Video)	YHymfdlGaVU 86 Avril Lavigne: Avril Lavigne - Sk8er Boi (Official Lyric Video) | 3QVagZTrXXw 53 Avril Lavigne: Avril Lavigne - Sk8er Boi (Live at the BRIT Awards 2003) | jk7kOinbyP0 45 7clouds: Avril Lavigne - Sk8er Boi (Lyrics)
Ax and the Hatchetmen	Hotel Room	9Z1k8thLiNE	high	search	87	150	Ax and the Hatchetmen	Ax and the Hatchetmen - Hotel Room (Lyric Video)	dO-GXpcK0Gc 84 Ax and the Hatchetmen: Ax and the Hatchetmen - Hotel Room (Tour Edit) | pZXUflnVnAI 45 Vibe Music: Ax and the Hatchetmen - Hotel Room (Lyrics) | PiJOLOyf9hI 43 7clouds Rock: Ax and the Hatchetmen - Hotel Room (Lyrics)
Axwell / Ingrosso	More Than You Know	8yGKJl_U4Gg	low	search	47	204	7clouds	Axwell Λ Ingrosso - More Than You Know (Lyrics)	ycq5eYpvwds 40 Luis Fernando Flores: Axwell Λ Ingrosso  - More Than You Know (Audio) | Tdi63aFcQ3I 39 西洋MusicᐳWisher: Axwell Λ Ingrosso - More Than You Know 超過你所知道的 - 中文字幕MV | Mv-iEdw6MD0 38 Lilimusic: Axwell Λ Ingrosso - More Than You Know (Lyrics)
B.o.B	Magic (feat. Rivers Cuomo)	Cq-NShfefks	high	search	95	222	B.o.B	B.o.B - Magic (feat. Rivers Cuomo) [Official Video]	4FlziHpCJFM 41 austin: B.o.B - Magic ft. Rivers Cuomo (Lyrics On Screen) | cmk54q6q4Jg 40 Darling : B.o.B - Magic (feat. Rivers Cuomo) (Lyrics) | 7-GDizU6X-I 39 seanrumsey: B.o.B - Magic ft. Rivers Cuomo (Music Video)
Bachman-Turner Overdrive	Roll On Down The Highway	tIJ1-v9jv2Q	high	search	88	238	Bachman-Turner Overdrive - Topic	Roll On Down The Highway	Cli2Sm0D8_U 85 Bachman-Turner Overdrive - Topic: Roll On Down The Highway | 2oUBxyXxyFo 47 TopPop: Bachman Turner Overdrive - Roll On Down The Highway (1975) • TopPop | PBZqmJjIDPw 40 fab70smusic: Bachman Turner Overdrive - Roll On Down The Highway
Bachman-Turner Overdrive	Takin' Care Of Business	L6tpA9ltfqQ	high	search	87	290	Bachman-Turner Overdrive - Topic	Takin' Care Of Business	AMVX0tzaTwk 38 Georgy Porgy's Favorites: Bachman-Turner Overdrive ~ Takin' Care of Business (1973) | 0y-_WGjZgD8 9 YeOldeRock: Bachman-Turner Overdrive - Takin' Care Of Business (Live) | ybtl9qVFAjc 3 GIGS: Bachman & Turner - Takin' Care Of Business (Live At The Roseland Ballroom NYC)
Backstreet Boys	It's Christmas Time Again	OFlp5sRJFXg	high	search	92	204	Backstreet Boys	Backstreet Boys - It’s Christmas Time Again (Official Visualizer)	gY-qJW_n5N4 87 Backstreet Boys: Backstreet Boys - It’s Christmas Time Again | iB7Cur8s-VE 41 Desiree Arends: Backstreet Boys - It's Christmas Time Again (FULL) | _XUZyWKeh_Y 40 LazyMe334: Backstreet Boys-It's Christmas Time Again Lyrics
Badger	These Words (Feat. Natasha Bedingfield)	YhYe6kUZyP0	high	manual	45	137	life + lyrics	Badger - These Words ft. Natasha Bedingfield (Lyrics)	YhYe6kUZyP0 44 life + lyrics: Badger - These Words ft. Natasha Bedingfield (Lyrics) | iWako3_ENlk 43 Natasha Bedingfield: Natasha Bedingfield - These Words (US Version) [Official Video] | 4FAtNcQOkPk -13 The Vibe Guide: Natasha Bedingfield - These Words (Badger Remix) LYRICS
Bailey Zimmerman	Lost (feat. The Kid LAROI)	9Z97tEfd2Ws	high	search	95	197	Bailey Zimmerman	Bailey Zimmerman - Lost (feat. The Kid LAROI) [Official Music Video]	"dIm4QsOMb10 86 Bailey Zimmerman: Bailey Zimmerman - Lost (Feat. The Kid LAROI) [Lyric Video] | kgdKsIrqnpE 84 Bailey Zimmerman: Bailey Zimmerman and The Kid LAROI Perform ""Lost"" | 2025 Video Music Awards | nBcNO5sFShw 75 Bailey Zimmerman: Lost"
Bakar	Alive!	52K2O8SnkJ0	high	search	95	241	bakar	Bakar - Alive! (Official Video)	h3fbDY7nJFA 46 SauceOnly: Bakar - Alive! (Lyrics) | CIpJFvBVGo0 44 life + lyrics: Bakar - Alive! (Lyrics) | kp2fffL367E 38 WMG Radio: [WRP] Bakar - Alive!
Balu Brigada	Backseat	Jvv3cC6CamE	high	search	87	384	Balu Brigada	Balu Brigada - Backseat (Official Visualiser)	N1D9oUSjigQ 46 David Dean Burkhart: Balu Brigada - Backseat | mPZdtrvQzRE 45 Amazing Lyrics: Balu Brigada - Backseat (Lyrics) | hGcDTnxw1pk 39 serggmenez: Backseat (without final part) - Balu Brigada
Balu Brigada	Sideways	gbO7qQliXT8	high	search	95	188	Balu Brigada	Balu Brigada - Sideways (Official Video)	NFMiO7BFi0E 94 Balu Brigada: Balu Brigada - Sideways (Official Audio) | FoJQFLndN9c 39 Trending Now Lyrics: Balu Brigada - Sideways (Lyrics) | 5bJFvfgREDg 32 triple j and Balu Brigada: Balu Brigada - 'Sideways' (live for Like A Version)
Bananarama	I Heard a Rumour (Remix 2000)		none	search	10	0			WCzSG0dx7KE 8 Karol Ash (Karolkari1990 2010): BANANARAMA - I HEARD A RUMOUR | TLVyWWNH9HQ 8 Desmond You: I Heard A Rumour [Miami Mix] - Bananarama (MV) 1987 | Shtbud5tJMc -13 Good Old Days Productions: Bananarama - I Heard A Rumour (The Broken Heart Megamix)
Bananarama	Venus	yZXyGEZox1o	high	search	77	210	BananaramaOfficial	Venus	d4-1ASpdT1Y 72 London Records and BananaramaOfficial: Bananarama - Venus (Official Video) | AYCu5mws-R0 71 London Records and BananaramaOfficial: Bananarama - Venus (Official Audio) | jgOnLOvkV28 60 London Records and BananaramaOfficial: Bananarama - Venus (Top of The Pops 1986)
Bangles	Hazy Shade Of Winter	TxrwImCJCqk	low	search	72	167	The Bangles	The Bangles - Hazy Shade of Winter (Official Video)	8cNeXWpTVlo 71 The Bangles: The Bangles - Hazy Shade Of Winter (Official Audio) | 85ywPlPAkX0 44 Dan Music: The Bangles - Hazy Shade of Winter (Lyrics) | 19d2aolIx0E 40 ShoutFactoryMusic: The Bangles - Hazy Shade Of Winter (Return To Bangleonia)
Bangles	Hero Takes A Fall - single remix	1x97sfQjgvk	low	search	34	173	carl hunter	11   Hero Takes A Fall Single Remix	xxnkw-kyNpY 4 The Bangles: Hero Takes A Fall (Album Version) | YAbYsxd3ADg -32 The Bangles: The Bangles, Susanna Hoffs - Hero Takes A Fall | tbnkPjCEpkk -50 Generally Groovy: Hero Takes A Fall (actual single remix) - Bangles.
Bangles	Walk Like An Egyptian	Cv6tuzHUuuk	low	search	72	203	The Bangles	The Bangles - Walk Like an Egyptian (Official Video)	-tZ-iH_pkSo 54 The Bangles: Walk Like an Egyptian | JA0VfqtIK_A 44 TopPop: The Bangles - Walk Like An Egyptian (1987) • TopPop | vth-T1u7A58 43 Enhanced Music Videos: The Bangles - Walk Like an Egyptian (Video Version), Full HD (Digitally Remastered
Banners	Someone To You	XeLaiL9tk68	high	search	87	222	BANNERS	BANNERS - Someone To You	Sm72hbk4E0c 45 BANNERS: BANNERS - Someone To You (Acoustic) | U2H1LInYPXE 41 Studio503Music: Someone To You - Banners (Lyrics) | BijVohyKiy8 19 BANNERS: BANNERS - Have You Ever Loved Someone
Barenaked Ladies	One Week	fC_q9KPczAg	high	search	95	175	Barenaked Ladies (official)	Barenaked Ladies - One Week (Official Music Video)	cL2IZ6-QvjU 78 Barenaked Ladies (official): One Week | gES4Z1ll9nI 76 Barenaked Ladies (official): One Week | snZcn3Qt1xI 40 LyricssFromTheBest: Bare Naked Ladies - One week lyrics
Barry White	You're The First, The Last, My Everything	f2dwSG1x984	high	search	79	273	Barry White	You're the First, the Last, my Everything	PExaiAylNU8 75 Barry White: You're the First, the Last, My Everything | vf05-DHq99I 40 NH: Barry White - You're The First, The Last, My Everything | c4HuEP3PuY4 39 Young Pilgrim Music: Barry White - You're The First, The Last, My Everything (Lyrics)
Bastille	Good Grief	ZWCB3hpJDXM	low	search	72	237	BASTILLEvideos	Bastille - Good Grief (Official Music Video)	zhwgfERYuRo 60 BASTILLEvideos: Bastille - Good Grief (Vevo Presents) | EgunJrw2lrc 41 staywithme: Good Grief - Bastille // Lyrics | pEosxuzIjiQ 39 Tiff: Bastille - Good Grief Audio (Best Quality)
Bastille	Joy	hyvA-2JYEPs	low	search	71	201	BASTILLEvideos	Bastille - Joy (Official Music Video)	miy6aK6btgU 64 BASTILLEvideos: Bastille - Joy (Official Visualiser) | GwUU90zKuiM 62 BASTILLEvideos: Bastille - Joy | M9XhABxi-jQ 30 BASTILLEvideos: Bastille - Joy (Live on Good Morning America / 2019)
Bastille	Pompeii	F90Cw4l-8NY	low	search	72	233	BASTILLEvideos	Bastille - Pompeii (Official Music Video)	ilLEuwH4hws 63 BASTILLEvideos: Bastille - Pompeii (Lyric Video) | 8nfhHBJQXOY 60 BASTILLEvideos: Bastille, Hans Zimmer - Pompeii MMXXIII | o0ytWLfNmaM 44 BBC: Bastille, Freya Ridings & Hans Zimmer's STUNNING 'Pompeii' performance | The Earthshot Prize - BBC
Bastille	Pompeii - Audien Remix	wn74fEGwi0s	low	search	30	353	BASTILLEvideos	Pompeii (Audien Remix)	xoUVtthd7gY 22 Proximity: Bastille - Pompeii (Audien Remix) [Premiere] | 3d6Z6TRZTSY 18 Thrilling Music: Bastille - Pompeii (Audien Remix) | nBLSeSIyecI 15 EDMusicOnline: Bastille - Pompeii (Audien Remix) [Music Video]
Bastille	Pompeii - Kat Krazy Remix	Yd4_5-4ydGI	low	search	31	218	BASTILLEvideos	Pompeii (Kat Krazy Remix)	vxrfQbjzV14 29 BASTILLEvideos: Pompeii (Kat Krazy Remix) | hombU-pkGJM 16 NFSRivalsSoundtrack: Bastille - Pompeii (Kat Krazy Remix) (NFS Rivals Soundtrack) | 9K_SgOBuT4M 13 Matt Nevin: Bastille - Pompeii (Kat Krazy Remix) (Matt Nevin Video Edit)
Beach Bunny	Just Around the Corner	mKkH8X03OG0	high	search	95	194	Beach Bunny	Beach Bunny - Just Around the Corner (Official Video)	JYi-4Yv8Zcs 41 Zeta Music: Beach Bunny - Just Around the Corner (Lyrics) | _Cs0ikjMcPE 39 K8 Concerts: Just Around the Corner | Beach Bunny | North America Tour | Omaha, NE | August 20, 2026 | 4E39bY0Yt_g 38 IronChefWong: Beach Bunny - Just Around the Corner (Rough Trade Below, NYC 8/7/25)
Beach Weather	Pineapple Sunrise	P7Gm3H6oqJ8	low	search	55	181	ʙᴇᴀᴄʜ ᴡᴇᴀᴛʜᴇʀ	Beach Weather - Pineapple Sunrise (Official Video)	LmNvdBRI6DQ 46 ʙᴇᴀᴄʜ ᴡᴇᴀᴛʜᴇʀ: Beach Weather - Pineapple Sunrise (Lyric Video) | LhggBTBy0y0 45 Dan Music: @beachweather - Pineapple Sunrise (Lyrics) | UvVNtCkUTBc 44 Royal Music: Beach Weather - Pineapple Sunrise (Lyrics)
Beastie Boys	Ch-Check It Out	6iuGp9gUeNk	high	search	87	309	BeastieBoys	Beastie Boys - Ch-Check It Out	q5-5mgcBtA8 78 BeastieBoys: Ch-Check It Out | pnIlGxh2vfQ 75 BeastieBoys: Ch-Check It Out | K9TbNp-AFbc 40 dracaena: Beastie Boys - Ch-Check It Out (Uncensored Music Video)
Beastie Boys	Intergalactic	qORYO0atB6g	high	search	87	275	BeastieBoys	Beastie Boys - Intergalactic	jwqyTB_MUNg 77 BeastieBoys: Intergalactic | yUuwPeS2-Aw 77 BeastieBoys: Intergalactic (Edited; Digitally Remastered 2005) | ln-Jq6X6p-g 43 chuck jane: Intergalactic - Beastie Boys (HD)
Beastie Boys	Paul Revere	kdfF0cOC50w	high	search	79	221	BeastieBoys	Paul Revere	Mcm3P1McN1I 46 VDJ MikeyMike: Beastie Boys - Paul Revere (Official Non Official Video) | bk09RYSAFYQ 41 Patrick Filbin: Paul Revere - Beastie Boys | znkkpDC4CqY 40 Hands Free Lyrics: Beastie Boys - Paul Revere (Lyrics)
Beastie Boys	So What'Cha Want	ru3gH27Fn6E	high	search	87	220	BeastieBoys	Beastie Boys - So What Cha Want	qvvNxevHJhM 78 BeastieBoys: So What'Cha Want | RZWtHVi6vQ8 77 BeastieBoys: So What'Cha Want (Edited; Digitally Remastered 2005) | 4tuTrBcpCXE 40 Jump the Shark: So What'cha Want   Beastie Boys
Bebe Rexha	Count on Christmas	rV7X4kyD48o	high	search	79	180	Bebe Rexha	Count on Christmas	"HIPi-lKxWCY 76 Bebe Rexha: Count on Christmas | 0r-sU97R8LU 70 Bebe Rexha BR: ""Count On Christmas"" Performance ft. Bebe Rexha  (Official Video) | 5AoetD4ThRI 38 Giulia Mandolino: Bebe Rexha - Count On Christmas (Music Video)"
Bebe Rexha	Heart Wants What It Wants	OrGhXL9zCPQ	high	search	95	186	Bebe Rexha	Bebe Rexha - Heart Wants What It Wants (Official Music Video)	ux6jZZVybqg 85 Bebe Rexha: Bebe Rexha - Heart Wants What It Wants (The Prequel) | m9_TpBbuHPU 53 Bebe Rexha: Bebe Rexha - Heart Wants What It Wants (Live Performance) | Vevo | 9MqY7mCGGtU 46 BagOnly: Bebe Rexha - Heart Wants What It Wants (Lyrics)
Bebe Rexha	New Religion (Feat. Faithless)	366CV87TguE	high	search	87	174	Bebe Rexha	Bebe Rexha & Faithless - New Religion (Official Visual)	FLDaac4_hMc 86 Bebe Rexha: Bebe Rexha & Faithless - New Religion | eCfLBGimc4k 84 Bebe Rexha: Bebe Rexha & Faithless - New Religion (Official Lyric Video) | wUfiALUxWVQ 40 Mellifluous Lyrics: Bebe Rexha & Faithless - New Religion (Lyrics)
Bebe Rexha	One in a Million (Feat. David Guetta)	-zQwHAaj4ZI	high	search	95	161	Bebe Rexha	Bebe Rexha & David Guetta - One in a Million (Official Music Video)	"3ztSQh7jh_Q 94 Bebe Rexha: Bebe Rexha & David Guetta - One in a Million (Official Audio) | sA4x15plVk8 84 Bebe Rexha: Bebe Rexha x David Guetta - ""I’m Good (Blue)” and “One In a Million"" [2023 Billboard Music Aw | x-3O3rg1S30 45 The Vibe Guide: David Guetta, Bebe Rexha - One In A Million (Lyrics)"
Beck	Colors	WRCA_Fo0rWA	high	search	87	264	Beck	Beck - Colors	8I1B4n_8Cto 85 Beck: Beck - Colors (Slime Visualizer) | wpJpGyeQrlc 41 Romain: Beck / Colors | JQKZGziMOoI 24 Beck: Beck 'Colors' Video Out Now
Beck	Loser	YgSPaXgAdzE	high	search	95	233	Beck	Beck - Loser (Official Music Video)	r5uV-wHENnI 45 Mix with the Masters and Beck: Behind the Track｜'Loser’ by Beck | rhcJ7x44G48 41 Infinite Music: Beck - Loser (Lyrics) | CI-rKJdUiuU 40 Side B: Beck - Loser
Beck	Where It's At	EPfmNxKLDG4	high	search	95	210	Beck	Beck - Where It's At (Official Music Video)	dcG6oFlCCGU 77 Beck: Where It's At | -OnuOgJpa0U 41 MCFCRuss Brown: Beck - Where It's At [audio only] | B46jlR4zh2E 39 Lyrics World: Beck - Where It’s At (Lyrics)
Becky Hill	My Heart Goes (La Di Da) (feat. Topic)	AE0mg-WbJEg	high	search	95	151	Becky Hill Official	Becky Hill, Topic - My Heart Goes (La Di Da) | Official Video	KXsFTnmYLbo 46 House Nation: Becky Hill, Topic - My Heart Goes (La Di Da) (feat. Topic) | XF0rYNk7QTQ 43 Creative Chaos: Becky Hill & Topic - My Heart Goes (La Di Da) (Lyrics) | p3plMp-wdGI 43 Illumi Music: Becky Hill & Topic - My Heart Goes (La Di Da) [Extended Mix] | DEEP HOUSE
Becky Hill	Remember (feat. David Guetta)	NhCxrUEW3PM	high	search	95	160	Becky Hill Official	Becky Hill, David Guetta - Remember (Official Video)	7gEuJmbS5_Y 91 Becky Hill Official: Becky Hill, David Guetta - Remember (Official Audio) | IihI08Hu7BM 46 David Guetta: Becky Hill, David Guetta - Remember (Official Lyric Video) | 3NTkLins89M 45 7clouds Dance: Becky Hill & David Guetta - Remember (Lyrics)
Becky Hill	Run (Feat. Galantis)	Wx3gRx0Fyzk	high	search	87	191	Becky Hill Official	Becky Hill, Galantis - Run	fEDn5mvNrc8 46 Galantis: Becky Hill x Galantis - Run (Official Lyric Video) | _uD3GibCxa0 45 HIDEAWAY: Becky Hill & Galantis - Run (Lyrics) | G3UgBRpqhnE 39 Fabuloud : Becky Hill - Run (Lyrics)
Bee Gees	Night Fever	SkypZuY6ZvA	high	search	87	209	beegees	Bee Gees - Night Fever	"Lc8uj8eId7E 78 beegees: Night Fever (From ""Saturday Night Fever"" Soundtrack) | e6GB04zeDeQ 40 HD Film Tributes: Saturday Night Fever • Night Fever • Bee Gees | LnqWQnbvjuQ 40 Thaapa1: Bee Gees - Night Fever (John Travolta) [HD]"
Bee Gees	Tragedy	I248-SyRDnU	high	search	95	304	beegees	Bee Gees - Tragedy (Official Music Video)	gSq_KmikENc 53 beegees: Bee Gees - Tragedy (Live in Las Vegas, 1997 - One Night Only) | 3au75f1M4QU 41 BeeGeelover: Bee Gees - Tragedy (Video Music) | nYCRY3ePwng 40 Uti's Records: Bee Gees - Tragedy - 1979
Bee Gees	You Should Be Dancing (Serban Mix)	P79gptDkSiM	high	search	79	255	beegees	You Should Be Dancing (Serban Mix)	1sqE6P3XyiQ 77 beegees: You Should Be Dancing | FgXTygS865M 75 beegees: You Should Be Dancing | WDfe2RGzRAw 41 Pops Bong: Bee Gees - You Should Be Dancing (Serban Mix)
Belinda Carlisle	Heaven Is A Place On Earth	NOGEyBeoBGM	high	search	95	244	Belinda Carlisle	Belinda Carlisle - Heaven Is A Place On Earth (Official Music Video)	j2F4INQFjEI 94 Belinda Carlisle: Belinda Carlisle - Heaven Is A Place On Earth (Official Music Video) (4K Remaster) | W8axBpHxZYM 78 Belinda Carlisle: Heaven Is A Place On Earth | EqXd7mBDteo 40 Young Pilgrim Music: Belinda Carlisle - Heaven Is A Place On Earth (Lyrics)
Belinda Carlisle	Mad About You	XmdtJWmR9zQ	high	search	87	215	Belinda Carlisle	Belinda Carlisle - Mad About You	OPzF5S2dgfA 87 Belinda Carlisle: Belinda Carlisle - Mad About You (4K Version) | 22eQB7HSS8E 78 Belinda Carlisle: Mad About You (Album Version) | jYIIgRMmwLU 75 Belinda Carlisle: Mad About You
Bell Biv DeVoe	Poison (Clean Version)	hgnhVcyLy1I	high	search	95	296	Bell Biv Devoe	Bell Biv DeVoe - Poison (Official Music Video)	5I1TdayIj44 77 Bell Biv Devoe: Poison | u3ii4BpNVbs 41 The New Edition Music: Bell Biv DeVoe - Poison (Audio HQ) | oBc0vt5-c_s 39 Twins Lyrics: Bell Biv DeVoe - Poison (Lyrics) (Tiktok Song) Yo Slick blow it’s driving me out of my mind
BENEE	Glitter	D3gmU0GOTXI	high	search	95	182	BENEE	BENEE - Glitter (Official Video)	"hAWgpuTBdmE 94 BENEE: BENEE - Glitter (Official Audio) | DDKiBEFJXWI 53 BENEE: BENEE - ""Glitter"" Live Performance | Vevo | Je5dIzrV4FQ 45 SyrebralVibes: Benee - Glitter (Lyrics)"
BENEE	If I Get To Meet You	-rivIT8rbK0	high	search	95	184	BENEE	BENEE - If I Get To Meet You (Official Audio)	5aJsH90dNXM 41 Autumn Sounds : BENEE - If I Get To Meet You (Lyric video) | 8QGwkm-OIjU 39 blog.: BENEE - If I Get To Meet You | d76hTDZAYeM 38 OneSimpleGamer: BENEE - If I Get To Meet You (The Way Way Back)
Benson Boone	Mr Electric Blue	vL19WbWOxag	high	search	95	323	Benson Boone	Benson Boone - Mr Electric Blue (Official Music Video)	YKHHLG91sag 46 Creative Chaos: Benson Boone - Mr Electric Blue (Lyrics) | H0A7YTOM8XY 44 Minimal Sounds: Benson Boone - Mr Electric Blue | 2_qIm5IoNtU 38 MusickLife: Benson Boone - Mr Electric Blue HQ (Audio)
Benson Boone	Sorry I'm Here For Someone Else	O7Dt2L_rAhI	high	search	87	157	Benson Boone	Benson Boone - Sorry I'm Here For Someone Else (Official Lyric Video)	5cYvsA4rGxo 55 Benson Boone: Benson Boone - Sorry Im Here For Someone Else (Live on Saturday Night Live) | 6wlLdu7jl3A 46 Creative Chaos: Benson Boone - Sorry I'm Here For Someone Else (Lyrics) | 2kme-mUuWTg 38 MusickLife: Benson Boone - Sorry I'm Here For Someone Else HQ (Audio)
Berlin	No More Words	oIb9QUGjdIc	high	search	87	250	Berlin	Berlin - No More Words	mGKEkG-w9vQ 76 Berlin: No More Words | YVlrhahj8G4 41 Larry Hinze: BERLIN No More Words  1984   HQ | zv2VsjA4bOE 40 Android 18: Berlin - No More Words
Beyoncé	Dance For You	Mtz9Ai1z8r8	high	search	88	349	Beyonce VEVO	Beyonce Dance for you audio	PGc9n6BiWXA 87 Beyoncé: Beyoncé - Dance for You (Video) | IcILCFKVE7Y 54 Beyoncé: Beyoncé - Dance For You (Live in Atlantic City) | TOxHinQhxUg 41 Demra17: Beyonce - Dance for You. HQ Audio
Beyoncé	FIND YOUR WAY BACK	uj7mPGlpj9U	high	search	95	164	Beyoncé	Beyoncé - FIND YOUR WAY BACK (Official Audio)	X5ZpA2p4gOU 46 tsuki☆: Beyonce - FIND YOUR WAY BACK (official video) | Dj4gqJzlIvc 44 Jefferson Starship: Jefferson Starship - Find Your Way Back (Official Music Video) | Su5uyZhzaNY 43 Antonio Rivas: Beyoncé - Find Your Way Back (4K) [60FPS]
Beyoncé	Pretty Hurts	LXXQLa-5n5w	high	search	87	425	Beyoncé	Beyoncé - Pretty Hurts (Video)	ItH171xaHrI 60 Beyoncé Flawless: Beyoncé - Pretty Hurts (Audio Only) | o2hXyCyk-t4 41 LyricsSongs: Beyonce - Pretty Hurts Lyrics | CUvmpBtEmcM 40 Juanpi Vega: Beyoncé - Pretty Hurts (Audio)
Beyoncé	Single Ladies (Put A Ring On It)	4m1EFMoRFvY	high	search	87	201	Beyoncé	Beyoncé - Single Ladies (Put a Ring on It) (Video Version)	WJ75jGcGgPU 85 Beyoncé: Beyoncé - Single Ladies (Put A Ring On It) | -mIrGx3qC6c 60 BeyonceSasha1: Beyoncé - Single Ladies (Put A Ring On It) | _7zlfbXdWAY 41 Pillow: Single Ladies (Put A Ring On It) - Beyonce (Lyrics) 🎵
Beyoncé	Sweet Dreams	JlxByc0-V40	high	search	87	243	Beyoncé	Beyoncé - Sweet Dreams	WEE_eSRiZSQ 62 BeyonceSasha1: Beyoncé - Sweet Dreams | oodecnyzohU 53 Beyoncé: Beyoncé - Sweet Dreams (Live at Wynn Las Vegas) | CJdrfJW7-Ik 41 Lyrics Of The Song: Beyoncé  - Sweet Dreams (Lyrics)
Billy Idol	Catch My Fall	EiMFvx43vpw	high	search	95	223	Billy Idol	Billy Idol - Catch My Fall (Official Music Video)	IuRkk0vrKlE 80 Billy Idol: Catch My Fall (Remastered 1999) | 9TLw38QuxCE 75 Billy Idol: Catch My Fall (Edit) | TVRc0aF7sJc 75 Billy Idol: Catch My Fall (Early Version)
Billy Idol	Dancing With Myself	FG1NrQYXjLU	high	search	87	204	Billy Idol	Billy Idol - Dancing With Myself	cniSxTAbuco 79 Billy Idol: Dancing with Myself (2001 Remaster) | cCCQu5ozxuM 63 LoveBillyIdol: Billy Idol - Dancing with myself (Lyrics) | RLTv3qZ6gUE 41 esSQue: Billy Idol - Dancing With Myself (HD)
Billy Idol	Mony Mony	s9aOtXrO1Ps	high	search	78	302	Billy Idol	Mony Mony	VPwMsu63PUU 77 Billy Idol: Mony Mony | QkvE9yV5to4 75 Billy Idol: Mony Mony | sYYAv-QW38Q 57 Billy Idol: Billy Idol - Mony Mony (Live/1987)
Billy Idol	White Wedding	AAZQaYKZMTI	high	search	87	211	Billy Idol	Billy Idol - White Wedding Pt 1	EMEkkZmIBEI 79 Billy Idol: White Wedding (Pt. 1 / Remastered 2002) | fadsu8UC5nI 63 Billy Idol: White Wedding (Pts. 1 & 2) (Shotgun Mix / Remastered 2001) | DP8A3ZfwYj0 43 Music Topic: Billy Idol - White Wedding (Remastered)
Billy Joel	It's Still Rock And Roll To Me	5eAQa4MOGkE	high	search	89	175	Billy Joel	Billy Joel - It's Still Rock And Roll To Me (Official HD Video)	XEm3Kx7bAxo 86 Billy Joel: Billy Joel - It's Still Rock And Roll To Me (Audio) | ngPI9ySYIUU 53 Billy Joel: Billy Joel - It's Still Rock and Roll to Me (Live from Long Island) | iBbo0slWMW4 40 1444King: It's Still Rock and Roll To Me Billy Joel-Lyrics
Billy Joel	Only The Good Die Young	Crif5E67ar0	high	search	95	239	Billy Joel	Billy Joel - Only the Good Die Young (Official Audio)	46n1WSuaxOs 86 Billy Joel: Billy Joel - Only The Good Die Young (from Old Grey Whistle Test) | BC-n7HDGEeI 83 Billy Joel: Billy Joel - Only the Good Die Young (from A Matter of Trust - The Bridge to Russia) | Ef7wihluQDM 54 Billy Joel: Billy Joel - Only The Good Die Young (Live at Wembley Arena, June 8, 1984)
Billy Joel	Sometimes a Fantasy	hhJg1finpyU	high	search	95	230	Billy Joel	Billy Joel - Sometimes A Fantasy (Official Video)	nTWSXhMKX4I 86 Billy Joel: Billy Joel - Sometimes A Fantasy (Audio) | SRpFwfXFxBY 84 Billy Joel: Billy Joel - Sometimes a Fantasy (from A Matter of Trust - The Bridge to Russia) | _4UktD0AFxs 77 Billy Joel: Sometimes a Fantasy (Single Version)
Billy Joel	Tell Her About It	p0pM5dm--yQ	high	search	95	260	Billy Joel	Billy Joel - Tell Her About It (Official Video)	fprpTNVM8EY 86 Billy Joel: Billy Joel - Tell Her About It (Audio) | R0Z0E0_9CNA 55 Billy Joel: Billy Joel - Tell Her About It (Live at Wembley Arena, June 8, 1984) | cMTOyROx-N4 41 Nepo remaster: Billy Joel - Tell Her About It (1983) - Remaster
Billy Joel	Uptown Girl	hCuMWrfXG4E	high	search	95	203	Billy Joel	Billy Joel - Uptown Girl (Official Video)	o-0Oect0nVQ 94 Billy Joel: Billy Joel - Uptown Girl (Official Audio) | RsIPjV6yGp4 83 Billy Joel: Billy Joel - Uptown Girl (from A Matter of Trust - The Bridge to Russia) | xUZ2TYsEM5Y 45 7clouds Rock: Billy Joel - Uptown Girl (Lyrics)
Billy Joel	You're Only Human (Second Wind)	YhxjNYvJbgM	high	search	95	309	Billy Joel	Billy Joel - You're Only Human (Second Wind) (Official Video)	cLVTrD32Rs8 85 Billy Joel: Billy Joel - You're Only Human (Second Wind) [Audio] | wE69yWi5iHA 78 Billy Joel: You're Only Human (Second Wind) | 3AG_ororx8E 39 xRaPtoRx35x: Billy Joel-You're Only Human(Second Wind)Lyrics
Billy Ocean	Loverboy	CmhjXEkI5Lg	high	search	94	293	Billy Ocean	Billy Ocean - Loverboy (Official Video)	bW6vNbGGTJE 93 Billy Ocean: Billy Ocean - Loverboy (Official Audio) | tyrowWnlNnQ 89 Billy Ocean: Billy Ocean - Loverboy (Official HD Video) | g3Ikn-iv7Qk 76 Billy Ocean: Loverboy
Billy Preston	Nothing From Nothing	wlwYFkGMwhA	high	search	77	157	billyprestonmusic	Nothing From Nothing	IX2bE-OBtwk 46 TopPop: Billy Preston - Nothing From Nothing • TopPop | viD8uZdSLcw 43 The Midnight Special: Nothing From Nothing - Billy Preston | The Midnight Special | 8HqyEHqEYho 42 adamtrng: Billy Preston - Nothing From Nothing (1974)
Billy Squier	Everybody Wants You	TQyo6CrbvIU	low	search	64	229	Official Billy Squier	Billy Squier - Everybody Wants You	akoNGwohUl4 55 Official Billy Squier: Everybody Wants You | U5efImBREpE 40 Life is Music: Billy Squier - Everybody Wants You | griL0h_lVhc 38 M. Remington: Billy Squier - Everybody Wants You (1982 Music Video)
Billy Strings	Leadfoot	CBJudzjpi1w	high	search	95	218	Billy Strings	Billy Strings - Leadfoot (Official Music Video)	aDjNkeXRzPE 86 Billy Strings: Billy Strings - Leadfoot (Official Lyric Video) | f2mbCUq_1cU 42 Ohio Grown Live Music Archive: Billy Strings ‘’Leadfoot’’ 2/22/26 Ryman Auditorium | Nashville, Tennessee | 0mhCJQZHDEA 39 Country Vibes: Billy Strings - Leadfoot (Lyrics)
Bing Crosby	Christmas Dinner, Country Style	rkN6O2piD8s	high	search	81	150	Bing Crosby	Christmas Dinner, Country Style (Remastered 2006)	cfxY9PHKnoE 57 Bing Crosby: Country Style | aZanv1VD8Is 41 A Trip Down Memory Lane: Bing Crosby - Christmas Dinner Country Style | aBVMIQkpp2w 40 45rpmChristmas: Bing Crosby – “Christmas Dinner Country Style” (UK Capitol) 1963
Black Box	Everybody Everybody	18N2k1TBBRE	low	search	72	255	BlackBoxHouse	Black Box - Everybody Everybody (Official Video)	iYV0HyzLul4 40 Doris Jubas: Black Box – Everybody, Everybody 1990 | L-84B7CqN_0 38 Retro Hitz 506: Black Box - Everybody Everybody (1990) HQ | USolWiQWyOg 38 Retro Music from El Salvador by Nelson Rauda: BLACK BOX   EVERYBODY, EVERYBODY
Black Box	Strike It Up	Xo3kp5BLF6Q	low	search	72	212	BlackBoxHouse	Black Box - Strike It Up (Official Video)	"bA-1Zprsohw 55 BlackBoxHouse: Strike It Up | nqfLKtGoDQI 40 Z-L ☆ House É VIDA ☆: BLACK BOX - STRIKE IT UP (12"" SPECIAL ALBUM VERSION) - 1990 | Ki9Wu4Nx8l0 39 The Disco Dance & Soul Channel: Black Box - Strike It Up 1990"
Black Eyed Peas	I Gotta Feeling	uSD4vsh1zDA	high	search	95	292	Black Eyed Peas	The Black Eyed Peas - I Gotta Feeling (Official Music Video)	hs_yk24ghzA 75 Black Eyed Peas: I Gotta Feeling | l8Ii9K7SFqU 46 Latin City: Black Eyed Peas – I Gotta Feeling (Lyrics) | ipii7KbbJLY 44 Popular Music: The Black Eyed Peas - I Gotta Feeling (Lyrics)
Black Eyed Peas	Meet Me Halfway	I7HahVwYpwo	high	search	95	290	Black Eyed Peas	The Black Eyed Peas - Meet Me Halfway (Official Music Video)	-GY8MhHMxLM 75 Black Eyed Peas: Meet Me Halfway | zqTfDBX8qBE 46 432Hz VIBEz: Black Eyed Peas - Meet Me Halfway (Lyrics) | can you meet me halfway right at the borderline | gNRNzOERHuY 40 juliasvanholm: Black Eyed Peas - Meet Me Halfway (Official Music) HQ
BLACKPINK	GO	k7JitOG5wVo	high	search	93	196	BLACKPINK	BLACKPINK - ‘GO’ (Official Audio)	2GJfWMYCWY0 87 BLACKPINK: BLACKPINK - ‘GO’ M/V | hjvSWa3C2jI 44 Jaeguchi: BLACKPINK (블랙핑크) 'GO' (Color Coded Lyrics) | cULaw9lWKC8 41 7clouds K-pop: BLACKPINK - GO (Lyrics)
Blake Shelton	Sure Be Cool If You Did	kXmmXAUqfd8	high	search	95	220	Blake Shelton	Blake Shelton - Sure Be Cool If You Did (Official Music Video)	AMvsw-3DcpI 94 Blake Shelton: Blake Shelton - Sure Be Cool If You Did (Official Audio) | N1tOThZrves 39 Jose Guidi: Blake Shelton - Sure Be Cool If You Did | zPNHN2mZZ44 38 100NaturalSolutions: Blake Shelton Sure Be Cool If You Did (Lyrics)
Blanco Brown	The Git Up	DT4kQlM5xuE	high	search	95	212	Blanco Brown	Blanco Brown - The Git Up (Official Music Video)	bN8vY8qkgVs 92 Blanco Brown: Blanco Brown - The Git Up (Official Audio) | Q7U6AoZ27yE 86 Blanco Brown: Blanco Brown - The Git Up (Dance Video) | XeUBwpx8FEg 43 Lainey Wilson: The Git Up - Blanco Brown + Lainey Wilson
Bleachers	I Wanna Get Better	o5osPtE7kXI	high	search	95	293	bleachers	Bleachers - I Wanna Get Better (Official Video)	8twpQTna_9w 94 bleachers: Bleachers - I Wanna Get Better (Official Audio) | A81Z6hGjGJQ 83 bleachers: Bleachers - I Wanna Get Better (Lyric Video) | 1L4fypScT2Y 77 bleachers: I Wanna Get Better
Bleachers	Rollercoaster	ldk2pLyVZ4c	high	search	95	211	bleachers	Bleachers - Rollercoaster (Official Video)	FmUw1MmIYvU 86 bleachers: Bleachers - Rollercoaster (Audio) | Mcj0gnacT34 83 bleachers: Bleachers - Rollercoaster (Official Lyric Video) | _44U62nTLew 75 bleachers: Rollercoaster
Bleachers	Tiny Moves	kmpyfDF_pes	high	search	87	247	bleachers	Bleachers - Tiny Moves (Official)	-b9D3TVmssI 55 bleachers: Bleachers - Tiny Moves (Live at Red Rocks Amphitheatre) | oHYkoj_9r7w 44 cold boy.: Bleachers - Tiny Moves (Lyrics) | MrogF7V4jU8 43 Good Morning America: Bleachers perform 'Tiny Moves' on 'GMA'
Blessing Offor	Merry Christmas, Happy Holidays	zjE31ibeitY	high	search	87	212	Blessing Offor	Blessing Offor - Merry Christmas, Happy Holidays (Visualizer)	ZI6gTqdwq-k 29 Blessing Offor: Blessing Offor - Merry Christmas Baby (Official Visualizer) | 8pCC-daiLLw 27 Blessing Offor: Blessing Offor - To All A Good Night (Official Music Video) | _5ZKhBM-9EE 20 Blessing Offor: Blessing Offor - Wonderful Christmastime (Audio)
Blessing Offor	To All A Good Night	8pCC-daiLLw	high	search	95	178	Blessing Offor	Blessing Offor - To All A Good Night (Official Music Video)	TtLtl1f9R8g 26 Blessing Offor: Blessing Offor - Lift Me Up (Official Audio) | I6lp1Oxb9L4 21 Blessing Offor: Blessing Offor - Brighter Days | 3SBhSkRdWiM 19 Blessing Offor: Blessing Offor - Your Love (Lyric Video)
blink-182	All The Small Things	9Ht5RZpzPqw	high	search	95	171	blink-182	blink-182 - All The Small Things (Official Music Video)	r8RxevrNrbs 46 7clouds Rock: blink-182 - All The Small Things (Lyrics) | 0AWqxK6b62A 41 Virgiliu-Adrian Ropotă: blink-182 - All the Small Things [HD] | ok5BJlAd5-4 40 Skyline95100: Blink 182 - All the Small Things (HQ)
blink-182	First Date	vVy9Lgpg1m8	high	search	95	212	blink-182	blink-182 - First Date (Official Video)	_-O4HwwoOs4 41 Lyriment Music: Blink 182 - First Date [Lyrics] | L11FIv0HmVE 40 channel321 HD: blink-182 'First Date' (HQ) | JfmJL_Qf8S4 39 DHardcore2008: Blink-182 - First Date
Blondie	Call Me (Single Edit)	StKVS0eI85I	high	search	86	135	BlondieMusicOfficial	Blondie - Call me	"MoRjm-8x8qE 81 BlondieMusicOfficial: Call Me (Remastered 2002) | o3hHsVtqNFQ 61 BlondieMusicOfficial: Call Me (Theme From ""American Gigolo"") | sMSsJTRKj-4 43 7clouds Rock: Blondie - Call Me (Lyrics)"
Blue October	Calling You	iNyGK7ymW0k	high	search	87	251	Blue October	Blue October - Calling You	3JKOnYh6snc 86 Blue October: Blue October - Calling You (Closed Captioned Version) | s4HMxxN_3GA 40 Salamonh: Blue October: Calling you | 4pP8rNfH1SM 39 Naterade: Blue October - Calling You (07) (2006 CD Audio)
Blue Oyster Cult	Don't Fear The Reaper	Dy4HA3vUv2c	high	search	95	309	BLUE OYSTER CULT	Blue Oyster Cult - (Don't Fear) The Reaper (Official Audio)	"pe3jFvJ0qjs 45 7clouds: Blue Oyster Cult - (Don't Fear) The Reaper (Lyrics) | cEomy5LDBgg 45 Frontiers Music srl: Blue Öyster Cult - ""(Don't Fear) The Reaper"" (Re-issued/Remastered) [Official Audio] | 8GAylAoRR2A 41 wearyoldman: Don't Fear the Reaper - Blue Oyster Cult"
Blue Swede	Hooked On A Feeling	l6DepmNwbn8	low	search	55	174	Warner Music Sweden	Blue Swede & Björn Skifs - Hooked On A Feeling (Official Video)	NrI-UBIB8Jk 45 Joel Gustafsson: 1. Blue Swede - Hooked on a Feeling | Bo-qweh7nbQ 41 SniperFrans: Blue Swede - Hooked On A Feeling | C7laFir9deo 38 Life is Music: Blue Swede - Hooked On A Feeling
Blues Image	Ride Captain Ride	vOKaSr3B_II	high	search	88	226	Blues Image - Topic	Ride Captain Ride (Single)	HqFFjoRnltg 42 Gene Tourangeau: Ride Captain Ride - Blues Image - 1970 | CrHoTUnQfWE 40 Slow Burn Blues: Blues Image - Ride Captain Ride (Vinyl Visualizer) | r8lf7RLYIww 39 MrIncredibleFox: Blues Image-Ride Captain Ride
Blues Traveler	Run-Around	ousaiByU1ko	high	search	87	267	Blues Traveler	Blues Traveler - Run-Around	Eti4Xlc61qQ 78 Blues Traveler: Run-Around | q1_P4XNzDUs 44 The Howard Stern Show: Blues Traveler “Run-Around” at Howard Stern’s 1996 Birthday Show | OPn_PcAx9Lk 40 Music: Blues Traveler - Run-Around
Blur	Song 2	SSbBvKaM6sk	high	search	95	123	Blur	Blur - Song 2 (Official Music Video)	08-nsVGfqpA 84 Blur: Blur - Song 2 (Take 2) | Bz4l9_bzfZM 78 Blur: Song 2 | eXS89RFUlOY 42 Carlitos Manson: Blur - Song 2 (HD)
Bob Seger	Shakedown	B8hL12fVHbA	high	search	87	261	Bob Seger	"Bob Seger - Shakedown (From ""Beverly Hills Cop II"")"	uS-EGbXU_Fw 80 Bob Seger: Shakedown (Remastered 2011) | F3MTFJz50qc 39 NH: Bob Seger - Shakedown | Yf0kx2vZx8o 38 DjLara MexicoVevo: Bob Seger - Shakedown (DjLaraMexico 1987) mp4
Bob Seger And The Silver Bullet Band	Hollywood Nights	l85SmjhBQz0	low	search	58	304	Bob Seger	Hollywood Nights (Remastered 2011)	M-NW3qLcUlA 55 Bob Seger: Hollywood Nights | vNYK6zmt3yE 38 Cide Effex: Bob Seger and The Silver Bullet Band - Hollywood Nights | H7CojfR6sRI 32 Bobby Kid: Bob Seger  - Hollywood  Nights 10-14-14 Jimmy  Kimmel
Bob Seger And The Silver Bullet Band	Old Time Rock And Roll	N9G-lvqaBfM	low	search	55	196	Bob Seger	Old Time Rock & Roll	eMY1ewg-e9w 55 Bob Seger: Old Time Rock And Roll (Remastered 2011) | PXwF7g5wksQ 42 DJ Rome: Bob Seger - Old Time Rock And Roll [Official Music Video] | ehBQ4Crwm68 40 Young Pilgrim Music: Bob Seger & The Silver Bullet Band - Old Time Rock & Roll (Lyrics)
Bon Jovi	Legendary	g83Y19JezCM	high	search	87	244	Bon Jovi	Bon Jovi - Legendary	u3rpCGQwznY 86 Bon Jovi: Bon Jovi - Legendary (Lyric Video) | -6PelOdoKvk 83 Bon Jovi: Bon Jovi - Legendary (with James Bay) [Official Lyric Video] | KOGgCb3HXUU 76 Bon Jovi: Legendary
Bon Jovi	Living Proof	js8vwQgNmdk	high	search	87	220	Bon Jovi	Bon Jovi - Living Proof (Official Lyric Video)	qOHCngCC5Fw 85 Bon Jovi: Bon Jovi - Living Proof (with Jelly Roll) [Official Lyric Video] | _Me99k1EQms 76 Bon Jovi: Living Proof | yNog0zeJVts 41 Music: Bon Jovi - Living Proof
Bon Jovi	Runaway	s86K-p089R8	high	search	95	260	Bon Jovi	Bon Jovi - Runaway (Official Music Video)	yLUmgshaWf0 52 Bon Jovi: Runaway (Extended Version / 2024 Mix) | FHXcX0Jtjho 41 Chris R: Bon Jovi - Runaway | sVx3FlsP9fE 39 High Quality Music: Bon Jovi - Runaway - HQ
BONEY M	Sunny	ghGiv7YLC7Q	high	search	94	243	Boney M.	Boney M. - Sunny (Official Audio)	hutlaauYa2c 87 Boney M.: Boney M. - Sunny (ZDF Disco - 05.02.1977) | GAjvTs4vUVM 83 Boney M.: Boney M. - Sunny (ZDF Silvester-Tanzparty performance - 31.12.1977) | FOLccTgFJz8 83 Boney M.: Boney M. - Sunny (Ein Kessel Buntes, 26.12.1976)
Boston	Don't Look Back	2HuiH-0R6a0	high	search	94	244	Boston	Boston - Don't Look Back (Official Video)	AzNL-4sz95I 79 BOSTON: Don't Look Back | XUxBwF_A7Jg 43 7clouds Rock: Boston - Don't Look Back (Lyrics) | dTPnyfNBCzc 41 Stereo Classics: Boston - Don't Look Back (2021 Remaster)
Boston	Peace Of Mind	edwk-8KJ1Js	high	search	95	306	Boston	Boston - Peace of Mind (Official Audio)	UIsSNR6LfAI 77 BOSTON: Peace of Mind | jBDxBDCLvzg 46 7clouds Rock: Boston - Peace of Mind (Lyrics) | 7e1chjnNqJY 40 Stereo Classics: Boston - Peace Of Mind (2021 Remaster)
Bow Wow Wow	I Want Candy	JoXVYSV4Xcs	high	search	92	174	BowWowWowVEVO	Bow Wow Wow - I Want Candy	WBN19FnT13Y 91 BowWowWowVEVO: Bow Wow Wow - I Want Candy (Razzmatazz 1982) | JN2N2_OQUqE 85 Bow Wow Wow - Topic: I Want Candy | hV_U3FMUPhQ 48 Trending Songs: Bow Wow Wow - I Want Candy (Official Audio)
BoyGenius	Not Strong Enough	bIX_ouNJsTs	high	search	95	236	boygenius	boygenius – Not Strong Enough (official music video)	rTcF-tZwlXI 94 boygenius: boygenius - Not Strong Enough (official audio) | WPYc7VC6M-Q 54 boygenius: boygenius - Not Strong Enough (Jimmy Kimmel Live 2023) | _t6n_4UpT38 53 boygenius: boygenius - not strong enough (Live from SNL)
Boys Like Girls	The Great Escape	JGPgxoIPY6Q	high	search	87	208	BOYS LIKE GIRLS	Boys Like Girls - The Great Escape	rTE7vsJvuIM 83 BOYS LIKE GIRLS: Boys Like Girls - The Great Escape (from Read Between The Lines) | zIvEbOrpTfk 53 BOYS LIKE GIRLS: BOYS LIKE GIRLS - THE GREAT ESCAPE (LIVE FROM MGM MUSIC HALL AT FENWAY PARK) | Emj1_vmbFD8 46 7clouds Rock: Boys Like Girls - The Great Escape (Lyrics)
Boyz II Men	Motownphilly	Rciee-oQLoI	high	search	87	236	Boyz II Men	Boyz II Men - Motownphilly	dQkPNe8DR9A 78 Boyz II Men: Motownphilly | vcS_FyQIYak 40 Music: Boyz II Men - Motownphilly | 9z4TG0JJ3Js 38 Mikaela Rines: Boyz II Men- Motown Philly with lyrics
Boz Scaggs	Lido Shuffle	nZrRS261Edw	high	search	94	326	Boz Scaggs	Boz Scaggs - Lido Shuffle (Official Video)	HQZBaJAngH8 87 Boz Scaggs: Boz Scaggs - Lido Shuffle (Audio) | bFAwxmBOwic 75 Boz Scaggs: Lido Shuffle | 2yKFrwChIvU 44 The Midnight Special: Lido Shuffle - Boz Scaggs - The Midnight Special
Breakfast Club	Right On Track	r7nEk1TTRjY	high	search	88	257	Breakfast Club - Topic	Right On Track	1rgDAgh58u0 42 Aussiebattlervideos2: The Breakfast Club - Right On Track | KYWuVFWqTVk 42 gear: Breakfast Club - Right On Track (1987) HD Remastered | LqzGqah-JGE 39 RBsound Holland (Soul & Jazz Café): The Breakfast Club - Right On Track (12 inch version) HQ+Sound
Breathe Carolina	Rhythm Is A Dancer (feat. Kaleena Zanders)	xxvN4b42RAQ	low	search	55	178	Spinnin' Records	Breathe Carolina & Dropgun Ft. Kaleena Zanders - Rhythm Is A Dancer (Official Music Video)	v6XAt3x7y6s 53 Breathe Carolina: Rhythm Is A Dancer (feat. Kaleena Zanders) (Extended Mix) | 1hXaZJ6JiBA 52 Breathe Carolina: Rhythm Is A Dancer (feat. Kaleena Zanders) (Extended Mix) | _4QQaqeQgH0 50 Breathe Carolina: Rhythm Is A Dancer (Extended Mix)
Breathe Carolina	Sweet Dreams (feat. Kaleena Zanders)	B5g1ECINzKs	high	search	77	186	Breathe Carolina	Sweet Dreams (feat. Kaleena Zanders) (Mixed)	Lles_PvHqAk 55 Spinnin' Records: Breathe Carolina & Dropgun - Sweet Dreams (feat. Kaleena Zanders) [Official Music Video | B5ixFFXAB-o 46 Spinnin' Records: Breathe Carolina & Dropgun - Sweet Dreams (ft.Kaleena Zanders) [Dropgun & Sugar Mode Eu | N4aMJCe-X7k 39 Martin: Breathe Carolina & Dropgun - Sweet Dreams (feat. Kaleena Zanders) [NCS Fanmade]
Brenda Lee	Rockin' Around The Christmas Tree	TFsZy9t-qDc	high	search	95	129	Brenda Lee	Brenda Lee - Rockin' Around The Christmas Tree (Official Music Video)	1qYz7rfgLWE 61 Christmas Music and Brenda Lee: Brenda Lee - Rockin' Around The Christmas Tree (Official Lyric Video) | JriX4uMWkyk 41 Carlos Pérez Zavala: Brenda Lee - Rockin' Around the Christmas Tree (1958) (Bailando Rock Alrededor del Á | g7QPZti18Dk 40 Johann Meza Del Valle: Brenda Lee - Rockin' Around The Christmas Tree (1958)
Brett Eldredge	Don't Ya	D6ablYH-rpw	high	search	95	182	Brett Eldredge	Brett Eldredge - Don't Ya (Official Music Video)	1Q7sDzT2MMU 92 Brett Eldredge: Brett Eldredge - Don't Ya (Official Audio) | xgesPWGUigU 86 Brett Eldredge: Brett Eldredge - Don't Ya (Official Lyric Video) | CPmdfrBg-d4 40 Drake Yin's New Music Channel: Brett Eldredge - Don't Ya (pitch +1)
Brett Eldredge	Merry Christmas (Welcome to the Family)	hxo0dcYHnDg	high	search	94	274	Brett Eldredge	Brett Eldredge – Merry Christmas (Welcome To The Family) (Official Audio Video)	i8LI3h3-l8Y 87 Brett Eldredge: Brett Eldredge – Merry Christmas (Welcome To The Family) (Official Lyric Video) | pS9LlMcOHCw 85 Brett Eldredge: Brett Eldredge - Merry Christmas (Welcome to the Family) (Official Album Trailer) | bP2BaO4Rei4 75 Brett Eldredge: Merry Christmas (Welcome to the Family) (Piano)
Brett Kissel	She Drives Me Crazy	tItkNucx8DM	high	search	95	207	Brett Kissel	Brett Kissel - She Drives Me Crazy (Official Music Video)	GR6kBHqboiI 86 Brett Kissel: Brett Kissel - She Drives Me Crazy (Lyric Video) | XkjoEcEO9cQ 53 Brett Kissel: Brett Kissel - She Drives Me Crazy (Live) (Official Lyric Video) | Z7gBq2fyhCw 49 Brett Kissel: Brett Kissel - She Drives Me Crazy (feat. Nelly) [DND Remix] Lyric Video
Brett Young	Not Yet	TNzkoz4NNs8	high	search	95	183	Brett Young	Brett Young - Not Yet (Official Music Video)	-Er7at5KaPc 86 Brett Young: Brett Young - Not Yet (Lyric Video) | fKFSCGmucfg 45 Brett Young: Brett Young - Not Yet (Acoustic) | vhFdUvNyovk 39 The Country Vibe: Brett Young - Not Yet (lyrics)
Brian Setzer	Run Rudolph Run	qacl19KGwAI	high	search	87	212	Brian Setzer	The Brian Setzer Orchestra - Run Rudolph Run	iplU2DOS0hk 40 lams jack: Brian Setzer   Run Rudolph Run | 1XP0ewVIr-Y 38 Aldo Uriel: The Grinch Soundtrack 13. Run, Rudolph, Run - The Brian Setzer Orchestra | eeLa9SjMd6U -24 rock Cat: Brian Setzer Run Run Rudolph
Brigitte Calls Me Baby	Careless Whisper	ITBP3fo3fzY	high	manual	41	205	Brigitte Calls Me Baby	Brigitte Calls Me Baby - Careless Whisper (George Michael Cover)	t9rEZzMN0YU 28 Brigitte Calls Me Baby: Brigitte Calls Me Baby - Slumber Party (Official Video) | ITBP3fo3fzY 27 Brigitte Calls Me Baby: Brigitte Calls Me Baby - Careless Whisper (George Michael Cover) | RQFDLA0CzEk 26 Brigitte Calls Me Baby: Brigitte Calls Me Baby - I Danced With Another Love In My Dream (Official Video)
Brigitte Calls Me Baby	I Can Take the Sun Out of the Sky	r6mXnolb9KY	high	search	95	234	Brigitte Calls Me Baby	Brigitte Calls Me Baby - I Can Take the Sun Out of the Sky (Official Music Video)	4tvYg7nubko 94 Brigitte Calls Me Baby: Brigitte Calls Me Baby - I Can Take the Sun Out of the Sky (Official Audio) | 2zpNpp6xTDs 62 Brigitte Calls Me Baby and 2 more: Brigitte Calls Me Baby - I Can Take the Sun Out of the Sky | Vevo DSCV | jC3Ube9LMVc 54 Brigitte Calls Me Baby: Brigitte Calls Me Baby - I Can Take the Sun Out of the Sky (Live At Thalia Hall)
Brigitte Calls Me Baby	Slumber Party	t9rEZzMN0YU	high	search	95	239	Brigitte Calls Me Baby	Brigitte Calls Me Baby - Slumber Party (Official Video)	hxLkVmA_7Kg 86 Brigitte Calls Me Baby: Brigitte Calls Me Baby - Slumber Party (Official Lyric Video) | LGt4A2MtByo 40 ST∆R: Brigitte Calls Me Baby - Slumber Party | nIgyIkMJ1ZM 38 SunsetRider: Slumber Party- Brigitte Calls Me Baby 8/7/24 Reckless Records, Chicago
Brijean	Workin%5)%/0		none	search	-18	0			5RDSkR8_AQ0 -19 50 Cent: 50 Cent - Ayo Technology (Official Music Video) ft. Justin Timberlake | 7hx4gdlfamo -29 Kenny Rogers: Kenny Rogers - The Gambler | Y7ix6RITXM0 -30 Maroon 5: Maroon 5 - Maps (Lyric Video)
Brijean	Workin’ On It	usPaR8co_WA	high	search	95	216	Brijean	Brijean - Workin' On It (Official Visualizer)	I6XYF8W61sQ 26 Brijean: Brijean - Take A Trip (Official Video) | QIDG12nl2Yo 16 KEXP: Brijean - Workin' On It (Live on KEXP) | 0GJo_mwoAbo 15 KCRW: Brijean - Workin' On It (Live on KCRW)
Britney Spears	3	oTs6oQx1WJY	high	search	89	217	Britney Spears	Britney Spears - 3 (Official HD Video)	wrEi4YVXlvg 62 StreamBritneySpears: Britney Spears - 3 (Audio) | LFp7TVqzRu8 41 Blomma Joe: Britney Spears - 3 (Lyrics Video) 🎤 | gNq66goYa8A 39 Sam Stine: 3 - Britney Spears (Lyrics)
Britney Spears	Circus	lVhJ_A8XUgc	high	search	89	215	Britney Spears	Britney Spears - Circus (Official HD Video)	RcsUoC6DO-Y 77 Britney Spears: Circus | 8I5_gaxpuKE 46 7clouds: Britney Spears - Circus (Lyrics) | pjqNRjvSIAo 38 Britney Jean Spears: Britney Spears - Circus (Audio)
Britney Spears	Criminal	s6b33PTbGxk	high	search	94	323	Britney Spears	Britney Spears - Criminal (Official Video)	"PvKw4ljBohA 47 7clouds: Britney Spears - Criminal (Lyrics) | PxLZxWQxDlw 44 DopeMusic: Britney Spears - Criminal (Lyrics) | 2kxuX1LT6VM 43 Lazy Fox: Britney Spears - Criminal (Lyrics) ""Mama I'm in love with a CRIMINAL"""
Britney Spears	I Wanna Go	T-sxSd1uwoU	high	search	95	274	Britney Spears	Britney Spears - I Wanna Go (Official Video)	AHpXjp4N3Io 46 7clouds: Britney Spears - I Wanna Go (Lyrics) | MJMYdK_gcvI 43 Minimal Sounds: Britney Spears - I Wanna Go | 0Ogv-98HSxA 40 Britney Jean Spears: Britney Spears - I Wanna Go (Audio)
Britney Spears	My Only Wish (This Year)	_MzumcY3lpk	high	search	95	257	Britney Spears	Britney Spears - My Only Wish (This Year) (Official Audio)	mbGjV4fGAtk 91 Britney Spears: Britney Spears - My Only Wish (This Year) (Official Music Video) | S3PXCHgNqdI 84 Britney Spears: Britney Spears - My Only Wish (This Year) (Official Lyric Video) | VkGD-FpYoLA 41 scamparoo: Britney Spears - My Only Wish (This Year) (Music Video)
Britney Spears	Oops!...I Did It Again	CduA0TULnow	high	search	89	253	Britney Spears	Britney Spears - Oops!...I Did It Again (Official HD Video)	OO0aTOIU_3w 76 Britney Spears: Oops!...I Did It Again | zdwjvOVUTDg 53 Britney Spears: Britney Spears - Oops...I Did It Again (Live on Top Of The Pops - 5/12/2000) | gmWlNI4Zl2s 46 Unique Sound: Britney Spears - Oops!... I Did It Again (Lyrics)
Britney Spears	Soda Pop	KBn9DfhijaA	high	search	79	201	Britney Spears	Soda Pop	oRkgT1JvYVw 62 Britney Spears Lyrics: Britney Spears - Soda Pop (Lyrics) | 1HNsjTt3Y78 41 MaterialGirl: Britney Spears - Soda Pop | DD2C8W5HhfY 39 Chris Kristofferson: BRITNEY SPEARS - Soda Pop (SUMMER-Fun Music Video)
Bronski Beat	Smalltown Boy	zOkOK8afLHI	high	search	84	298	BRONSKI BEAT	Bronski Beat   Smalltown Boy	WL8W-bAlMhA 70 Bronski Beat - Topic: Smalltown Boy (12” Version) | 88sARuFu-tc 50 London Records: Bronski Beat - Smalltown Boy (Official Video) | E5i2Wa7daDA 49 London Records: Bronski Beat - Smalltown Boy (Official Audio)
Brooke Alexx	After December	DJlglRYMm04	high	search	95	134	Brooke Alexx	Brooke Alexx - After December (Official Audio)	"boT51Ot3oLA 86 Brooke Alexx: Brooke Alexx - After December (Christmas Flash Mob in Nashville, TN) | hmvT8Q2q4qU 60 Brooke Alexx: “After December” Flash Mob Premiere Watch Party | gu4EzSH3D2M 40 Salt Lick Sessions: Brooke Alexx: ""After December"""
Brooks & Dunn	My Maria	fZSiBj4vCiY	high	search	95	229	Brooks & Dunn	Brooks & Dunn - My Maria (Official Video)	gPoICeX33vY 78 Brooks & Dunn: My Maria | nWVaq6dpj2s 55 Brooks & Dunn: Brooks & Dunn - My Maria (Live at Cain's Ballroom) | FG_7lF5zMoc 43 CMT: Brooks & Dunn Perform “My Maria” | CMT Crossroads
Brooks & Dunn	Only In America	GN1iI-DaJNw	high	search	95	235	Brooks & Dunn	Brooks & Dunn - Only In America (Official Video)	d7raKBrwBvc 78 Brooks & Dunn: Only In America | u8eueOZLD9Y 46 Trending Songs: Brooks And Dunn - Only In America (Official Audio) | QM6gz0QaISI 39 LRHSandNMS: Only In America by Brooks and Dunn with lyrics
Brothers Osborne	All Night	MvaXV3Q6pN0	high	search	95	178	Brothers Osborne	Brothers Osborne - All Night (Official Music Video)	Pq9Xaeod8as 92 Brothers Osborne: Brothers Osborne - All Night (Official Audio) | AFaz40ZrQRU 86 Brothers Osborne: Brothers Osborne - All Night (Official Lyric Video) | GhMPNGa2-r0 83 Brothers Osborne: Brothers Osborne - All Night (Studio Video)
Brownsville Station	Smokin' In The Boys Room	Q9zWw0Ru28w	high	manual	47	179	Hector the Rocker	Brownsville Station-Smokin in the Boys room	Q9zWw0Ru28w 41 Hector the Rocker: Brownsville Station-Smokin in the Boys room | -fRb_MmyS8E 40 Mirrorball: Brownsville Station - Smokin’ in the Boys Room (3D Waveform Visualizer) | 5K59EMGgrUA 39 Keith McDonald: BROWNSVILLE STATION SMOKIN' IN THE BOYS ROOM
Bruce Springsteen	Dancing In The Dark	129kuDCQtHs	high	search	95	239	Bruce Springsteen	Bruce Springsteen - Dancing In the Dark (Official Video)	x7lfzARGXGw 55 Bruce Springsteen: Bruce Springsteen - Dancing In the Dark (from Born In The U.S.A. Live: London 2013) | R0Dk_LuD5d8 53 Bruce Springsteen: Bruce Springsteen & The E Street Band - Dancing in the Dark (Live In Barcelona) | 8cNS_Mecbw8 41 Cervavel: Bruce Springsteen - Dancing In The Dark
Bruce Springsteen	Ramrod	RJVauHVQ-X0	high	search	85	284	Bruce Springsteen	Bruce Springsteen - Ramrod (The River Tour, Tempe 1980)	BEhmiGQvjOY 78 Bruce Springsteen: Ramrod | Tv_7WMPpzb4 54 Bruce Springsteen: Bruce Springsteen & The E Street Band - Ramrod (Live in New York City) | kmN4CNTni3I 42 Bruce Springsteen: Bruce Springsteen & The E Street Band - Ramrod (Live In Barcelona)
Bruno Mars	On My Soul	gpc5c5PMQiw	high	search	95	175	Bruno Mars	Bruno Mars - On My Soul [Official Audio]	0D9U6ke72Dw 60 Bruno Mars - The Romantic : Bruno Mars - On My Soul [The Romantic] | wsbzEHdc0cc 46 Rap Samurai: Bruno Mars - On My Soul (Lyrics) | dnNjb-vhUoM 40 deep blue sounds: bruno mars - on my soul (lyrics)
Bruno Mars	Runaway Baby	HIgvP7B3Hg8	high	search	87	148	Bruno Mars	Bruno Mars - Runaway Baby (Official Lyric Video)	fpV1pxJZdlk 41 Pillow: Runaway Baby - Bruno Mars (Lyrics) 🎵 | gz29hgxKqUU 39 Tal: BRUNO MARS - RUNAWAY BABY ~HQ~ | mIBjdKn97T4 38 Shin (labdbio): (Lip sync MV) Bruno Mars - Runaway Baby
Bruno Mars	Skate (with Anderson .Paak as Silk Sonic)	CEw-7cMnBDY	high	search	95	204	Bruno Mars	Bruno Mars, Anderson .Paak, Silk Sonic - Skate [Official Music Video]	-TE1NoKHb8M 46 Vibe Music: Bruno Mars, Anderson .Paak, Silk Sonic - Skate (Lyrics) | OChrkKt8K-g 39 landon.edits.channel: Skate (Clean Radio Edit) (Audio) - Bruno Mars, Anderson .Paak & Silk Sonic | GG7fLOmlhYg 26 Bruno Mars: Bruno Mars, Anderson .Paak, Silk Sonic - Smokin Out The Window [Official Music Video]
Bruno Mars	Treasure (Clean Version)	nPvuNsRccVw	high	search	95	192	Bruno Mars	Bruno Mars - Treasure (Official Music Video)	jz7C2W4m26U 78 Bruno Mars: Treasure | hqbvokxST48 60 BrunoMarsSP: Bruno Mars performs Treasure @ Billboard Music Awards 2013 | U32IDVY5vsw 49 AOK: Treasure - Bruno Mars - Official Audio HD
Bryan Adams	Run To You	nCBASt507WA	high	search	87	226	Bryan Adams	Bryan Adams - Run To You	_g2g2v4QiZM 86 Bryan Adams: Bryan Adams - Run To You (Classic Version) | kx2pENBKnPY 35 Bon Jovi: Always Run To You (Album Version) | n4w3YYRWPpk 31 Sagar Gurung: GTA VC OST: Run to You
BTS	Body To Body	uqfF_qv477k	low	search	46	188	Jaeguchi	BTS (방탄소년단) 'Body to Body' (Color Coded Lyrics)	OOcAnav8ASk 44 elisssa: BTS (방탄소년단) 'Body To Body' MV | 3PHs-o5JPHM 42 rauhlren: BTS (방탄소년단) ‘Body to Body’ MV | GgyZi2asm6w 38 Bigsaebiim  : BTS (방탄소년단) 'Body To Body' MV 
BTS	Boy With Luv (Feat. Halsey)	XsX3ATc3FbA	low	search	47	253	HYBE LABELS	BTS (방탄소년단) '작은 것들을 위한 시 (Boy With Luv) (feat. Halsey)' Official MV	3J7rt7bkDCY 47 Nightly: BTS (방탄소년단) - 작은 것들을 위한 시 (Boy With Luv) feat. Halsey (Official Audio) | i4ywHpSXThs 45 Planet Lyrics: Boy With Luv - BTS (Ft.Halsey) | Lyrics Video | 62E_xyj_oDA 43 HYBE LABELS: BTS (방탄소년단) '작은 것들을 위한 시 (Boy With Luv) (feat. Halsey)' Official MV ('ARMY With Luv' ver.)
BTS	DNA	MBdVXkSdhwU	low	search	47	256	HYBE LABELS	BTS (방탄소년단) 'DNA' Official MV	Rx6D5FN1pvg 44 Lemoring: BTS (방탄소년단) - DNA [Color Coded Lyrics/Han/Rom/Eng/가사] | skqW8gbXx6g 43 KBS WORLD TV: BTS (방탄소년단) - DNA [Music Bank COMEBACK / 2017.09.22] | GEIU_7v40Dw 43 BANGTANTV: [CHOREOGRAPHY] BTS (방탄소년단) 'DNA' Dance Practice
BTS	FAKE LOVE	7C2z4GqqS5E	low	search	47	319	HYBE LABELS	BTS (방탄소년단) 'FAKE LOVE' Official MV	i4JGSpVBEJU 45 Jaeguchi: BTS (방탄소년단) - FAKE LOVE (Color Coded Lyrics Eng/Rom/Han) | Hoz5OQjXEA8 44 BANGTANTV: BTS (방탄소년단) - FAKE LOVE @BTS COMEBACK SHOW | x5ZeAfz4G3s 43 Mnet K-POP: [BTS - FAKE LOVE] Comeback Stage | M COUNTDOWN 180531 EP.572
BTS	FYA	QWDayFgPDjQ	high	manual	46	181	BANGTANTV	FYA	QWDayFgPDjQ 39 BANGTANTV: FYA | z47EwrU4okY 39 𝗡𝗮𝗶𝗹𝗼𝗿𝗮 ⁷: BTS (방탄소년단)' FYA' Official MV  | 7xq68gi3v9g 38 Bangtan French: BTS (방탄소년단) 'FYA'  MV
BTS	Run BTS	aqW4xXUgmno	high	manual	60	210	BANGTANTV	[CHOREOGRAPHY] BTS (방탄소년단) '달려라 방탄 (Run BTS)' Dance Practice	"aqW4xXUgmno 47 BANGTANTV: [CHOREOGRAPHY] BTS (방탄소년단) '달려라 방탄 (Run BTS)' Dance Practice | ssD6mzewGVo 46 Jaeguchi: BTS (방탄소년단) 'Run BTS' Lyrics (방탄소년단 달려라 방탄 가사) (Color Coded Lyrics) | Cb70gcTVvYI 44 BANGTANTV: BTS (방탄소년단) '달려라 방탄 (Run BTS)' @ BTS ""Yet To Come"" in BUSAN"
Buster Poindexter And His Banshees Of Blue	Hot Hot Hot	EhZba-P7R18	low	search	46	261	BusterPoindexterVEVO	Buster Poindexter - Hot Hot Hot (Official Video)	DylhUPDWOzo 40 Broeibak Records: Buster Poindexter And His Banshees Of Blue ‎– Hot Hot Hot (Radio Edit) | bKP18BpvX_o 34 Buster Poindexter - Topic: Hot Hot Hot | cTf8p3fQdU0 30 MyMusicKing: Buster Pointdexter And His Banshees Of Blue - Hot Hot Hot
C+C Music Factory	Gonna Make You Sweat (Everybody Dance Now)	LaTGrV58wec	low	search	41	247	C&C Music Factory	Gonna Make You Sweat (Everybody Dance Now) (Official HD Video)	j2pPJywRGTk 41 infotabasco: C+C Music Factory - Gonna Make You Sweat (1991) | KeiUvptQag4 35 C&C Music Factory: Gonna Make You Sweat (Everybody Dance Now) | 3qtP6h-KwQg 32 Lyrics Heaven: C&C Music Factory -  Gonna Make You Sweat(Everybody dance now) (Lyrics)
Cage the Elephant	Beaches In Tennessee	XLqsn100Lfg	high	search	95	197	Cage The Elephant	Cage The Elephant - Beaches In Tennessee (Official Music Video)	PUrPV59-YWQ 86 Cage The Elephant: Cage The Elephant - Beaches In Tennessee (Visualizer) | nUZ87R4t1Ds 83 Cage The Elephant: CAGE THE ELEPHANT - BEACHES IN TENNESSEE [NEW SONG OUT JULY 10] | BMx0v28BYYM 40 M.TΔLHΔ: Cage The Elephant - Beaches In Tennessee (Lyrics) | 🌅✨
Cage the Elephant	Metaverse	1ahYmrwRHNA	high	search	87	135	Cage The Elephant	Cage The Elephant - Metaverse (Lyric Video)	0CrpzyFeMZc 41 Top Hits USA: Cage The Elephant - Metaverse (Lyrics) | KxBrI-BuNoE 38 Chel FM Menu Edition: Cage The Elephant - Metaverse - NHL 25 Menu Soundtrack | axtmakGLHik 38 Chel FM: Cage The Elephant - Metaverse (+ Lyrics) - NHL 25 Soundtrack
Caius	In The Sun	Tx2LNF2bDW4	low	search	55	150	Spinnin' Records	Caius - In the Sun (Official Music Video)	TMnxP5-h8Lo 52 Caius: In The Sun (Extended Mix) | 9tKQ7J9FCbw 46 ElectroPosé: Caius - In the Sun | dGrbPmZqXc0 39 Sekora: Caius - In the Sun
Cake	The Distance	F_HoMkkRHv8	high	search	89	186	CAKE	CAKE - The Distance (Official HD Video)	"Ol5Q4V4lJzk 77 CAKE: The Distance | Yxthhkub89c 41 Victor Valasiadis: Cake - The Distance | WBu8SFr1eAc 39 Conan Fanatic: Cake Performs ""The Distance"" - 11/8/1996"
Calvin Harris	Blame	6ACl8s_tBzE	high	search	87	255	Calvin Harris	Calvin Harris - Blame ft. John Newman	HJb0VYVtaNc 86 Calvin Harris: Calvin Harris - Blame (Audio) ft. John Newman | QuF2r6NTyxc 40 Pillow: Blame - Calvin Harris (Feat. John Newman) (Lyrics) 🎵 | SnmSUBDCKY0 39 7clouds Drum & Bass: Calvin Harris - Blame (Lyrics) ft. John Newman
Calvin Harris	Feel So Close	dGghkjpNCQ8	high	search	95	247	Calvin Harris	Calvin Harris - Feel So Close (Official Video)	Tt7KcLSvjBU 46 7clouds: Calvin Harris - Feel So Close (Lyrics) | uSg3Y4oYGv8 44 Unique Sound: Calvin Harris - Feel So Close (Lyrics) | X9rWxVT52HU 43 Top Squad: Calvin Harris - Feel So Close
Calvin Harris	Giant (Feat. Rag'N'Bone Man)	ir6nk2zrMG0	high	search	95	235	Calvin Harris	Calvin Harris, Rag'n'Bone Man - Giant (Official Video)	SMRVFIrPevA 84 Calvin Harris: Calvin Harris, Rag’n’Bone Man, Sam Smith, Dua Lipa – Giant / Promises / One Kiss (BRITs 20 | xUpBiiMqI6g 53 Calvin Harris: Calvin Harris, Rag'n'Bone Man - Giant (Live on The Graham Norton Show) | GXZeAiZMqLs 45 7clouds Dance: Calvin Harris, Rag'n'Bone Man - Giant (Lyrics)
Calvin Harris	How Deep Is Your Love (Feat. Disciples)	EgqUJOudrcM	high	search	87	261	Calvin Harris	Calvin Harris & Disciples - How Deep Is Your Love	qWWSM3wCiKY 86 Calvin Harris: Calvin Harris & Disciples - How Deep Is Your Love (Audio) | FyTkpGhi-wE 51 Calvin Harris: How Deep Is Your Love (Extended Mix) | E4CdpOLGMyc 45 Dan Music: Calvin Harris & Disciples - How Deep Is Your Love (Lyrics)
Calvin Harris	I Need Your Love (feat. Ellie Goulding)	AtKZKl7Bgu0	high	search	95	227	Calvin Harris	Calvin Harris - I Need Your Love (Official Video) ft. Ellie Goulding	pWqgjqewZBo 46 TikTokHymn: Calvin Harris, Ellie Goulding - I Need Your Love (Lyrics) | GEks2H4lQPg 43 7clouds Dance: Calvin Harris, Ellie Goulding - I Need Your Love (Lyrics) | ZvzwYUz66bo 40 Diego Mendonça: I Need Your Love (Feat. Ellie Goulding) - Calvin Harris
Calvin Harris	Let's Go (feat. Ne-Yo)	LYZ6gXWZfZM	high	search	95	247	Calvin Harris	Calvin Harris - Let's Go (Official Video) ft. Ne-Yo	"kdih7kjmQJw 86 Calvin Harris: Calvin Harris featuring Ne-Yo - ""Let's Go"" | lUT_yWga3tM 76 Calvin Harris: Let's Go (Radio Edit) | mSxkN6zuKE8 75 Calvin Harris: Let's Go (Radio Edit)"
Calvin Harris	Miracle (feat. Ellie Goulding)	961v0E3b01g	high	search	95	186	Calvin Harris	Calvin Harris, Ellie Goulding - Miracle (Official Video)	SiDefgrw-ws 86 Calvin Harris: Calvin Harris, Ellie Goulding - Miracle (Church Version) | dGEk2VI_m_U 84 Calvin Harris: Calvin Harris, Ellie Goulding - Miracle (Official Lyric Video) | wr8OysfH-AM 45 The Vibe Guide: Calvin Harris, Ellie Goulding - Miracle (Lyrics)
Calvin Harris	My Way	b4Bj7Zb-YD4	high	search	95	245	Calvin Harris	Calvin Harris - My Way (Official Video)	fhSwgomqc-g 46 7clouds: Calvin Harris - My Way (Lyrics) | kTfqbTjP7KI 44 Aura Vision: Calvin Harris - My Way (Lyrics) | KSbxm6wMcDI 40 breezy wizzy: Calvin Harris - My Way
Calvin Harris	Outside (feat. Ellie Goulding)	J9NQFACZYEU	high	search	95	226	Calvin Harris	Calvin Harris - Outside (Official Video) ft. Ellie Goulding	MjEYCUJuh-g 86 Calvin Harris: Calvin Harris - Outside [Audio] ft. Ellie Goulding | incSa-8gLHo 45 7clouds: Calvin Harris - Outside (Lyrics) ft. Ellie Goulding | ubz6Ir8TYrs 43 DopeMusic: Calvin Harris - Outside (Lyrics) ft. Ellie Goulding
Calvin Harris	Outside (Hardwell Remix)	VIi0hegMeLg	low	search	47	297	Spinnin' Records	Calvin Harris Feat. Ellie Goulding - Outside (Hardwell Remix)	2np4TY3b6IE 46 Hardwell: Calvin Harris feat. Ellie Goulding - Outside (Hardwell Remix) [OUT NOW!] | eiUbTd0_81I 40 Fly Eye Records: Calvin Harris ft. Ellie Goulding - Outside (Hardwell Remix) | YRaVy0ivrDI 38 Up beat Culture: Outside: Elie Goulding and Calvin Harris (Hardwell remix)
Calvin Harris	Stay With Me (feat. Justin Timberlake, Pharrell, Halsey)	eMQuofsOOzo	high	search	95	311	Calvin Harris	Calvin Harris - Stay With Me (Official Video) ft Justin Timberlake, Halsey & Pharrell	NIkhkIRf-sw 93 Calvin Harris: Calvin Harris - Stay With Me (Pt 2 Official Audio) ft Justin Timberlake, Halsey & Pharrell | hLhMhYM4L5I 84 Calvin Harris: Calvin Harris - Stay With Me ft Justin Timberlake, Halsey & Pharrell (BTS) | kRGV-NYHRrY 46 TrendingTracks: Calvin Harris - Stay With Me (Lyrics) ft. Justin Timberlake, Halsey, Pharrell
Calvin Harris	Summer	ebXbLfLACGM	high	search	95	234	Calvin Harris	Calvin Harris - Summer (Official Video)	NF_BiW05Rtw 94 Calvin Harris - Topic: Calvin Harris - Summer (AUDIO) | McEoTIqoRKk 86 Calvin Harris: Calvin Harris - Summer (Audio) | ZaAyTrhjK28 45 7clouds: Calvin Harris - Summer (Lyrics)
Calvin Harris	Sweet Nothing (feat. Florence Welch)	17ozSeGw-fY	high	search	95	269	Calvin Harris	Calvin Harris - Sweet Nothing (Official Video) ft. Florence Welch	0ylnK2stNKs 83 Calvin Harris: D.O.D, Calvin Harris - Sweet Nothing (2025 Edit) ft. Florence Welch | 5bReeNoKcx4 41 LatinHype: Calvin Harris - Sweet Nothing ft. Florence Welch | oFfjk-HGAbY 39 BigManu2000: Calvin Harris Feat. Florence Welch - Sweet Nothing (Long / Extended Version) - HQ
Calvin Harris	This Is What You Came For (Dillon Francis Remix)	-OziZ-54kZk	high	search	87	91	Calvin Harris	Calvin Harris, Rihanna - This Is What You Came For (Dillon Francis Remix) [Audio Clip]	WQ7RoCBdd5A 41 Music Nation T&T: Calvin Harris & Rihanna - This Is What You Came For [Dillon Francis Remix] | UC4hM1wT2tI 40 Historical Facts : Calvin Harris feat. Rihanna - This Is What You Came For (Dillon Francis Remix) | dgx4I5laTYo 39 Violent Bass: Calvin Harris - This Is What You Came For (Dillon Francis Remix) ft. Rihanna [Bass Boosted]
Calvin Harris	This Is What You Came For (Feat. Rihanna)	kOkQ4T5WO9E	high	search	95	240	Calvin Harris	Calvin Harris, Rihanna - This Is What You Came For (Official Video)	Ybo4QvKVHoE 83 Calvin Harris: Calvin Harris, Rihanna - This Is What You Came For (Audio Clip) | ipLRRzJ9sWg 46 Dan Music: Calvin Harris, Rihanna - This Is What You Came For (Lyrics) | bOp0mRChXYk 45 7clouds: Calvin Harris - This Is What You Came For (Lyrics) ft. Rihanna
Calvin Harris, Jazzy	Satisfy	VCUSH0pWnTc	high	manual	70	187	Calvin Harris	Calvin Harris, Jazzy - Satisfy (Official Audio)	GEqcQnf05cw 64 Calvin Harris: Calvin Harris, Jazzy - Satisfy (Official Visualiser) | VCUSH0pWnTc 54 Calvin Harris and Jazzy: Calvin Harris, Jazzy - Satisfy (Official Audio) | njL_BC_5qWA 35 TrendingTracks: Calvin Harris & Jazzy - Satisfy (Lyrics)
Canaan Cox	Take My Time	ozCZ6qp2epI	high	search	87	196	Canaan Cox	Canaan Cox - Take My Time	5YTAAXZdyOg 45 Canaan Cox: Canaan Cox - Take My Time (acoustic video) | ToPF1B1Jsao 38 Anna Moore: Take My Time - Canaan Cox | _oXlX_FX7lA 27 Canaan Cox: Canaan Cox - When It Comes To You (Official Music Video)
Capital Cities	One Minute More	w0IIYU9om_k	high	search	95	236	Capital Cities	Capital Cities - One Minute More (Official Video)	KOIe7sU9KAg 86 Capital Cities: Capital Cities - One Minute More (Lyric Video) | _fu15YL5iQ4 83 Capital Cities: Capital Cities - One Minute More (Behind The Scenes) | Gj3FOwb7xOc 40 TheGoodMusic Tv: Capital Cities - One Minute More (Audio) ✔
Capital Cities	Safe and Sound	47dtFZ8CFo8	high	search	87	227	Capital Cities	Capital Cities - Safe And Sound	SAYgWRWWxoE 84 Capital Cities: Capital Cities - Safe And Sound (lyric video) | rWZr2F0qohA 83 Capital Cities: Capital Cities - Safe And Sound (Original) | 9-4V1rx5-Ns 75 Capital Cities: Safe & Sound
Carly Rae Jepsen	Cut To The Feeling	Qlsu7RhOnsQ	high	search	87	206	Carly Rae Jepsen	Carly Rae Jepsen - Cut To The Feeling (Audio)	o97_jDomyqc 86 Carly Rae Jepsen: Carly Rae Jepsen - Cut To The Feeling | dD4kkeJv34o 84 Carly Rae Jepsen: Carly Rae Jepsen - Cut To The Feeling (Lyric Video) | Bb8C13_gJ_U 45 Royal Music: Carly Rae Jepsen - Cut To The Feeling (Lyrics / Lyric Video)
Carly Rae Jepsen	I Really Like You	qV5lzRHrGeg	high	search	87	209	Carly Rae Jepsen	Carly Rae Jepsen - I Really Like You	77PzXCKDyVQ 86 Carly Rae Jepsen: Carly Rae Jepsen - I Really Like You (Audio) | XhgJCO70yog 83 Carly Rae Jepsen: Carly Rae Jepsen - I Really Like You (Lyric Video) | 5kwZCFItrfY 54 Carly Rae Jepsen: Carly Rae Jepsen - I Really Like You (Live At Capital Summertime Ball)
Carly Rae Jepsen	Now That I Found You	CnGjfxJqf6I	high	search	87	275	Carly Rae Jepsen	Carly Rae Jepsen - Now That I Found You	cyP_JyP1QJg 86 Carly Rae Jepsen: Carly Rae Jepsen - Now That I Found You [Audio] | 4PeqXCl8mFU 54 Carly Rae Jepsen: Carly Rae Jepsen - Now That I Found You - Live Performance | Vevo | L7wqhviG8mU 40 Audioandlyrics: Carly Rae Jepsen - Now That I Found You (Lyrics)
Carly Rae Jepsen	Run Away With Me	TeccAtqd5K8	high	search	87	253	Carly Rae Jepsen	Carly Rae Jepsen - Run Away With Me	"SSjS6pZ1-pI 84 Carly Rae Jepsen: Carly Rae Jepsen - Run Away With Me (Audio) | tq0cQVDy5_I 83 Carly Rae Jepsen: Carly Rae Jepsen - Run Away With Me/Your Type - Medley (Late Night with Seth Meyers) | uWReSUcih9Q 43 Pitchfork: Carly Rae Jepsen performs ""Run Away With Me"" | Pitchfork Music Festival 2016"
Carrie Underwood	Favorite Time Of Year	T86M4WqZE2M	high	search	95	195	Carrie Underwood	Carrie Underwood - Favorite Time Of Year (Official Audio Video)	ZepsFL00VzI 86 Carrie Underwood: Carrie Underwood - Favorite Time Of Year (2021 Macy’s Thanksgiving Day Parade) | 10yfDlrEKD4 85 Carrie Underwood: Favorite Time Of Year – My Gift: A Christmas Special from Carrie Underwood | HBO Max | rd_7mS8Xui4 39 The Country Vibe: Carrie Underwood - Favorite Time Of Year (lyrics)
Carrie Underwood	Hate My Heart	38cj05ziHoc	high	search	94	184	Carrie Underwood	Carrie Underwood - Hate My Heart (Official Audio)	qGrqDqNcATU 87 Carrie Underwood: Carrie Underwood - Hate My Heart | lirhCg_yteQ 54 Carrie Underwood: Carrie Underwood - Hate My Heart (Live from the 56th CMA Awards) | LttvQt2-cCw 53 Carrie Underwood: Carrie Underwood - Hate My Heart (Live From The CMT Music Awards)
Carrie Underwood	Something in the Water	mH9kYn4L8TI	high	search	95	240	Carrie Underwood	Carrie Underwood - Something in the Water (Official Video)	6iQ2d2E6wpM 94 Carrie Underwood: Carrie Underwood - Something in the Water (Official Audio) | kOy2Vdejc1U 83 Carrie Underwood Channel: Carrie Underwood - Something in the Water | 8doN0HXfXWY 61 Carrie Underwood Lover: Carrie Underwood - Something In The Water (American Idol Finale 07. 04. 2016)
Cascada	Everytime We Touch	84sHTvn6xf8	high	search	79	198	CASCADA	Everytime We Touch	4Z260ojNQPA 51 Steve Aoki: Steve Aoki & Cascada - Everytime We Touch [Official Music Video] | 4G6QDNC4jPs 49 SteveAATW: Cascada - Everytime We Touch (Official Video) | Eurodance Classic | RbKuWJQ3xBg 44 Cakes & Eclairs: Cascada - Everytime We Touch
Cash Cash	Surrender	7Vi578l61V4	high	search	95	211	Cash Cash	Cash Cash - Surrender (Official Video)	K22v4xolOsc 85 Cash Cash: Cash Cash - Surrender (Official Lyric Video) | xAIoh9rxRi8 46 Proximity: Cash Cash - Surrender | J79wLqY86Gk 35 Cash Cash: Surrender (Acoustic)
Cash Cash	Take Me Home (feat. Bebe Rexha)	wvzfOyW0ZMo	high	search	95	205	Cash Cash	Cash Cash - Take Me Home ft Bebe Rexha [Official Video]	"kDo2SiW3JHU 86 Cash Cash: Cash Cash - Take Me Home feat. Bebe Rexha [Official Lyric Video] | hlXnFFpvIN4 43 AweLyrics: Cash Cash - Take Me Home (Lyrics) feat. Bebe Rexha | nWZ5_F45r4s 43 Cash Cash: Cash Cash - ""Take Me Home"" feat. Bebe Rexha [Official Acoustic Video]"
Cash Cash	Tell It To My Heart (Feat. Taylor Dayne)	Mauyix_wOIM	high	search	87	176	Cash Cash	Cash Cash, Taylor Dayne - Tell It To My Heart (Lyric Video)	Gxi-oIM2CiQ 46 MrRevillz: Cash Cash x Taylor Dayne - Tell It To My Heart | YdgVyg5sw1Y 43 7clouds Dance: Cash Cash, Taylor Dayne - Tell It To My Heart (Lyrics) | ke_-s0-3AcE 39 househead: Cash Cash x Taylor Dayne - Tell It To My Heart
Cassie	Long Way 2 Go	pC1YuWwgKP4	high	search	83	226	Cassie	Cassie - Long Way 2 Go (video)	agNvdSIIkXA 50 Bad Boy Entertainment: Cassie - Long Way 2 Go (Official Music Video) | 20vdjA1dzSc 45 Digital Mount: Cassie - Long Way 2 Go (Lyrics) | 020cX4wnguI 41 Dark City Sounds: Cassie - Long Way 2 Go | Lyrics
CeCe Peniston	Finally	xk8mm1Qmt-Y	high	search	100	244	CeCePenistonVEVO	CeCe Peniston - Finally (Official Music Video)	"5i09-rMdo_8 60 CeCe Peniston - Topic: Finally (12"" Choice Mix) | zGYO9lEodQE 41 Larry Hinze: CeCe Peniston * Finally   1991  HQ | 1jV5d-77HCQ 40 Philip Jennelle: CeCe Peniston - Finally"
CeCe Peniston	We Got A Love Thang	PcvozN0Oj5o	high	search	100	270	CeCePenistonVEVO	CeCe Peniston - We Got A Love Thang (Official Music Video)	WM0qEa5Ge84 86 CeCe Peniston - Topic: We Got A Love Thang (Silky House Thang) | Q0X75yBZMJw 58 CeCePenistonVEVO: CeCe Peniston - We Got A Love Thang (Live From Top Of The Pops 1992) | ZbYDvC3_lIw 41 Love Nest: We Got A Love Thang : Ce Ce Peniston
Celeste Kellogg	Save a Dance for Me This Christmas	q9uBTzCd4Bs	high	search	95	231	Celeste Kellogg	Celeste Kellogg - Save a Dance for Me This Christmas - Official Music Video	F1wmpOxn6hE 84 Celeste Kellogg: Celeste Kellogg - Save a Dance For Me This Christmas | zbJFfaDOBtA 48 Celestemusic5: Celeste Kellogg - Save a Dance for Me This Christmas (Official Music Video) | rURVPMGRRM8 41 Celestemusic5: Celeste Kellogg - Save a Dance for Me This Christmas (Official Lyric Video)
Chaka Khan	I Feel For You	YW0sxgYAmLM	high	search	97	248	Chaka Khan	Chaka Khan - I Feel for You (Official Music Video) [HD Remaster]	VXZoLGWs-8o 77 Chaka Khan: I Feel for You (Single Version) | G_2aSqF6JHU 41 rsibal20: Chaka Khan - I Feel For You - | zub33js_Mxk 40 R&B Music Classic: Chaka Khan - I Feel For You (2024 Remastered)
Charli XCX	Apple	CPWxExGk7PM	high	search	87	155	Charli xcx	Charli xcx - Apple (official lyric video)	vfSKSoriTTU 46 Pizza Music: Charli xcx - Apple (Lyrics) | yB6b9cyU6oA 45 shmooblesworld: Bad Apple (Charli xcx - Apple) | YfVtEMdDNxQ 39 Audios: Charli xcx - Apple (Audio)
Charli XCX	Beg For You (feat. Rina Sawayama)	hw_Gtwdnp1Q	high	search	95	183	Charli xcx	Charli XCX - Beg For You feat. Rina Sawayama [Official Video]	7OhqYJyZcvM 94 Charli xcx: Charli XCX - Beg For You (Feat. Rina Sawayama) - [Official Audio] | h69otAKumSg 85 Charli xcx: Charli XCX - Beg For You (ft. Rina Sawayama) [Official Visualiser] | ilWduZ-ffLE 57 Charli xcx: Charli XCX - Beg For You feat. Rina Sawayama - A.G Cook & Vernon of Seventeen Remix [Official
Charli XCX	Good Ones	kjAuUXdSFaM	high	search	95	170	Charli xcx	Charli XCX - Good Ones [Official Video]	tuzW1MWOZWc 85 Charli xcx: Charli XCX - Good Ones [Official Lyric Video] | ggSEm8Vf0c8 84 Charli xcx: Charli XCX - Good Ones [Drag Performance Video] | reIgoVVdXOg 46 TrendingTracks: Charli XCX - Good Ones (Lyrics)
Charli XCX	In The City (Feat. Sam Smith)	kmvi8wsHzDU	high	search	95	177	Charli xcx	Charli XCX & Sam Smith - In The City [Official Audio]	rsFpkn_Uf2c 43 RouxioMusic: Charli XCX - In The City (Lyrics) ft. Sam Smith | Pd_i2yuthBc 41 Sunset Sounds: Charli XCX - In The City (feat. Sam Smith) | Lyrics | YzJDho6UMXc 40 Le Ciel Musical: Charli xcx ft. Sam SMITH - In The City [Music Video]
Charli XCX	Speed Drive	y7jzzvKxgZ8	high	search	95	165	Charli xcx	Charli XCX - Speed Drive (From Barbie The Album) [Official Music Video]	TxZwCpgxttQ 94 Charli xcx: Charli XCX - Speed Drive (From Barbie The Album) [Official Audio] | dbbjWuqdmZ4 76 Charli xcx: Speed Drive | h4p6K5_Xf_8 45 TheGoodVibe: Charli XCX - Speed Drive (From Barbie The Album)
Charli XCX	Talk talk	pIs46LzZUws	high	search	87	172	Charli xcx	Charli xcx - Talk talk (official lyric video)	K5jyIoPbu4M 86 Charli xcx: Charli xcx - Talk talk featuring troye sivan (official lyric video) | FTRleONpG1c 40 Audios: Charli xcx - Talk talk (Audio) | PTh2orf9rDI 38 MuseMix: Charli XCX - Talk talk featuring troye sivan 'Audio'
Chayce Beckham	Everything I Need	DCWs1SI8gd8	high	search	95	201	Chayce Beckham	Chayce Beckham - Everything I Need (Official Music Video)	DcJld5whlyw 94 Chayce Beckham: Chayce Beckham - Everything I Need (Official Audio) | vYMrQ3EpKT4 85 Chayce Beckham: Chayce Beckham - Everything I Need (Lyric Video) | eIN-_JlN2zg 75 Chayce Beckham: Everything I Need
Chayce Beckham	This Ol' Rodeo	HWrEV2XvZNI	high	search	95	259	Chayce Beckham	Chayce Beckham - This Ol' Rodeo (Official Audio)	FPqD1vHpbP0 86 Chayce Beckham: Chayce Beckham - This Ol' Rodeo (Lyric Video) | Tp2_QuGL3lE 40 Whiskey & Willows: Chayce Beckham - This Ol' Rodeo (Lyrics) | u8rmAmk_qks 38 OkiePatriot 76 Radio: Chayce Beckham - This Ol' Rodeo
Cheap Trick	Dream Police	OPemyipJzAM	high	search	95	294	Cheap Trick	Cheap Trick - Dream Police (Official Video)	fu9sEdi48Tg 78 Cheap Trick: Dream Police | S_lONzZiNLc 75 Cheap Trick: Dream Police (No Strings Version) | Ip6fDkkLU6Y 43 7clouds Rock: Cheap Trick - Dream Police (Lyrics)
Cheap Trick	I Want You For Christmas	6xc2NcULOfk	high	search	87	223	Cheap Trick	Cheap Trick - I Want You For Christmas	RQo70T6GwXM 41 theatino1: I Want You For Christmas   Cheap Trick | BZEfu6sWTFg 40 Lights on Marco: Cheap Trick - I Want You For Christmas | JIU_GaGYCjw 38 Michael Brown: Gremlins [Cheap Trick - I Want You For Christmas]
Cheap Trick	I Want You To Want Me (Studio Version)	-qgpewMCVjs	high	search	86	223	Cheap Trick	Cheap Trick - I Want You to Want Me (from Budokan!)	eXy6MJLyl-w 77 Cheap Trick: I Want You to Want Me (Alternate Version) | dCvbWvQYOmI 45 Cheap Trick: I Want You to Want Me (Live at Nippon Budokan, Tokyo, JPN - April 1978) | f1H2Ueuauew 42 ChicagoMan823: Cheap Trick - I Want You to Want Me (1976 Original Studio Version)
Cheap Trick	Surrender	T_Km11HNzUY	high	search	95	256	Cheap Trick	Cheap Trick - Surrender (Official Audio)	ZbkypX1OhZ0 86 Cheap Trick: Cheap Trick - Surrender (from Budokan!) | 78s_E8JG_ik 45 7clouds Rock: Cheap Trick - Surrender (Lyrics) | QiduU7w0p74 43 Top Squad: Cheap Trick - Surrender
Cheat Codes	Bloom (Feat. Train)	jzL6SzcOk-A	high	search	95	149	Cheat Codes	Cheat Codes x Train - Bloom (Official Video)	8mhjIuLkPl0 46 Cheat Codes: Cheat Codes x Train - Bloom (Acoustic Version) | G0MAntILWGg 43 Dance Paradise: Cheat Codes & Train - Bloom (Lyrics) | 85KfrULjxlU 40 soundbox Records: Cheat Codes feat. Train - Bloom
Cheat Codes	Find Love Now (feat. Punctual & Raphaella)	qHcMz2xrdQ4	high	search	87	161	Cheat Codes	"Cheat Codes, Punctual & Raphaella - ""Find Love Now"""	JOjLSn-Q_Gc 46 WaveMusic: Cheat Codes, Punctual & Raphaella - Find Love Now (Lyrics) | 4AuREcdmbPo 44 Dance Paradise: Cheat Codes, Punctual & Raphaella - Find Love Now (Lyrics) | RKplAa7pVlU -20 Vip's Acapellas: Cheat Codes, Punctual & Raphaella - Find Love Now (Acapella)
Cheat Codes	TYSM (feat. salem ilese)	JLFN6Y9fq24	low	search	42	170	soundbox Records	Cheat Codes feat. Salem Ilese - TYSM	-S0ZJ7oclPA 33 Live, Love, Move with Kim : TYSM- Mat Pilates with Kim - An Upper Body Track | Vk7SH37ZZdY -33 bowl2024 super: KASSANDRA - Quevedo | BUENAS NOCHES | YZSQnWczopA -129 Top Music: Uncover - Zara Larsson | Afterfab Remix  | Nhạc Nền Hot TikTok Cực Gây Nghiện (US - UK)
Cher	Believe	nZXRV4MezEw	high	search	97	237	Cher	Cher - Believe (Official Music Video) [4K Remaster]	_iM6F35RGuE 83 Cher: Cher - Believe (Wetten, dass..?, 01/23/1999) | DundeXWAfIA 63 AllCherMusic: Cher - Believe | VZRAmH-KjOo 40 Cassette Classics: Cher - Believe (Lyrics)
Cher	DJ Play A Christmas Song	nPEJooq7kos	high	search	94	210	Cher	Cher - DJ Play a Christmas Song (Official Audio)	-Z6AnCRjWX0 87 Cher: Cher - DJ Play a Christmas Song (Official Lyric Video) | WJ4J3_skh4E 85 Cher: Cher - DJ Play A Christmas Song (SNL) | vAFv6uqxQN4 84 Cher: Cher - DJ Play A Christmas Song (Wetten, dass..?, November 25, 2023)
Cher	Put A Little Holiday In Your Heart (with Cyndi Lauper)	DsMs2PdbPjk	high	search	95	188	Cher	Cher - Put a Little Holiday In Your Heart [with Cyndi Lauper] (Official Audio)	Aw6S9dbacOM 41 Ch3rky: Cher - Put a Little Holiday in your Heart (ft Cyndi Lauper) Lyrics | FOWbQF-JUpg 40 André Luis: Cher e Cyndi Lauper - Put a Little Holiday In Your Heart. | zN81_yXooE4 38 Gryphon Lights: Christmas Light Show 2025 - Put a Little Holiday in Your Heart - Cher with Cyndi Lauper
Cheryl Lynn	Star Love	wbTFz0tpUUE	high	search	95	446	Cheryl Lynn	Cheryl Lynn - Star Love (Official Audio)	"AAFlRkrIAuo 75 Cheryl Lynn: Star Love (Disco Version) | iMxHJl2nGXw 50 Cheryl Lynn: Star Love (Original 12"" Mix) | kwDpAlJ8Qa4 41 DiscoSaturdayNightTV: Cheryl Lynn - Star Love (Columbia Records 1978)"
Chic	Le Freak	7PC-AcrHEKU	low	search	56	329	Nile Rodgers & CHIC	Le Freak (2006 Remaster)	aXgSHL7efKg 55 RHINO: CHIC - Le Freak (Official Music Video) | IHfsRbUjTXQ 55 Nile Rodgers & CHIC: Le Freak | 4-Vz6tNfV1Y 38 LiveFromHolland: Chic - Le Freak
Chicago	25 Or 6 To 4	8A3HZvGN0qs	high	search	95	290	Chicago Band	Chicago - 25 or 6 to 4 (Official Audio)	F9MyD-wJEwY 77 Chicago Band: 25 or 6 to 4 (2002 Remaster) | CxJVHaP3zRo 77 Chicago Band: 25 or 6 to 4 (2002 Remaster) | iUAYeN3Rp2E 41 Rockin' Hits Productions: Chicago - 25 Or 6 To 4 (HD)
Chicago	Along Comes a Woman	yzYWnfk5rZw	high	search	80	256	Chicago Band	Along Comes a Woman (2006 Remaster)	851jar65Al8 79 Chicago Band: Along Comes a Woman (2009 Remaster) | laZ0pB5jbzA 77 Chicago Band: Along Comes a Woman (2009 Remaster) | M-kWUvd12vM 60 ChicagoKid1969: Chicago (band)- Along Comes A Woman (1987)
Chris Stapleton	Parachute	F0Ga_nPZuiI	high	search	79	254	Chris Stapleton	Parachute	ClrBiMp7_Uk 54 Chris Stapleton: Chris Stapleton - Parachute (Live on SNL) | v6ABKvVn9R8 46 CMT: Chris Stapleton Performs “Parachute” at 2016 CMT Music Awards | CXuVgJ8oPD8 40 WC Lyrics & Beats: Chris Stapleton  - Parachute (Lyric Video)
Christina Aguilera	Ain't No Other Man	8x7Ta89QLo4	high	search	95	293	Christina Aguilera	Christina Aguilera - Ain't No Other Man (Official Video)	fExPl8H3HlA 41 Familia Arango: Christina Aguilera  Ain't No Other Man Lyrics | jj-zC-jEss4 40 MVIDEO4K: Christina Aguilera - Ain't No Other Man (Music Video) | _jdlqWfd5HM 38 Ernesto Viana: Christina Aguilera Ain't No Other Man
Christina Aguilera	Come On Over Baby (All I Want Is You)	0RQDIJ2CvbA	high	manual	43	231	Christina Aguilera	Christina Aguilera - Come On Over (All I Want Is You) (Official Video)	6RsWz_FQQNw 39 ana smith: Christina Aguilera - Come On Over Baby (All I Want Is You) | 0RQDIJ2CvbA 30 Christina Aguilera: Christina Aguilera - Come On Over (All I Want Is You) (Official Video) | kaUa9omrOPM 13 Christina Aguilera: Come On Over (All I Want Is You)
Christina Milian	AM To PM	os-OoiMe5jc	high	search	88	232	Christina Milian - Topic	AM To PM	fN9KNsj0lYU 86 Christina Milian - Topic: AM To PM (Spanglish Version) | GeTGLNAchOc 52 Tuga93: Christina Milian - AM To PM Official Musicvideo 4K UHD | QrC8vi_AVUE 40 prettyemzy: Christina Milian - am to pm - with lyrics
Chrystal	The Days (NOTION Remix)	o8RcHrz2-uU	high	search	85	233	CHRYSTAL	CHRYSTAL - The Days (Notion Remix)	t-knFuqQdGc 47 NOTION: CHRYSTAL - THE DAYS  (NOTION REMIX) | r52Skqzbe2A 46 Amazing Lyrics: CHRYSTAL - THE DAYS (NOTION REMIX) (Lyrics) | N0lgzxjQh64 39 Empty: Chrystal - The Days (Notion Remix) x Pusher (Tonny)
Chuck Berry	Johnny B Goode	Y-9Y4CCIWnM	low	search	61	163	Chuck Berry	Johnny Be Goode	"6swgiM9vSEE 45 Rock & Roll Hall of Fame: Chuck Berry with Bruce Springsteen & The E Street Band ""Johnny B. Goode"" | Conc | aKCt8ssC7cs 43 VisageClub80s: CHUCK BERRY : Johnny B. Goode (1958) HD | xHM3uGATtT4 43 The Midnight Special: Johnny B Goode - Chuck Berry | The Midnight Special"
Chumbawamba	Amnesia	5G6JZlBRYMQ	high	search	88	249	Chumbawamba - Topic	Amnesia	3e7vfZIC_U0 42 SilentBob73: Chumbawamba - Amnesia | Kyoj3L9L1X8 40 Shadow TV Network: Chumbawamba - Amnesia - TOTP - 30 January 1998 | o7-YxONzfzs 39 Huppelplopp1848: Chumbawamba - Amnesia
CHVRCHES	Clearest Blue	BZyzX4c1vIs	high	search	87	264	CHVRCHES	CHVRCHES - Clearest Blue	"QpFXXPruuqU 86 CHVRCHES: CHVRCHES - Clearest Blue (lyric video) | 6NPnfxnvH7w 45 Baeblemusic: Chvrches performs ""Clearest Blue"" from Central Park Summerstage | 7XrTEjwpAjU 43 Pitchfork: Chvrches perform ""Clearest Blue"" - Pitchfork Music Festival 2015"
CHVRCHES	Miracle	e1YqueG2gtQ	high	search	95	198	CHVRCHES	CHVRCHES - Miracle (Official Video)	CdcORL2jzDw 60 CHVRCHES Latinoamérica: CHVRCHES - Miracle (Lyrics) | 5nI9Bm7z3gE 53 CHVRCHES: CHVRCHES - Miracle (From Jimmy Kimmel Live!) | bmXxLzrue6A 44 TheEllenShow: CHVRCHES Brings 'Miracle' to Ellen!
CHVRCHES	Over	8ecVwQIUTHA	high	search	87	225	CHVRCHES	CHVRCHES - Over	8Eb9JFsgG0c 86 CHVRCHES: CHVRCHES - OVER (Lyric Video) | Dcmwaea5n0U 55 CHVRCHES: CHVRCHES - Over (Live at Audio São Paulo) | BNK57k8neio 39 excessVEVO: CHVRCHES - Over (Audio)
CHVRCHES	Recover	JyqemIbjcfg	high	search	87	236	CHVRCHES	CHVRCHES - Recover	SQc7b-nKsLo 86 CHVRCHES: CHVRCHES - Recover (Travelogue) | DQRs7WIeL8g 61 CHVRCHES Latinoamérica: CHVRCHES Recover | RXdZY74VfJc 30 CHVRCHES Latinoamérica: Recover (Glastonbury 2016) CHVRCHES Live
Claire Rosinkranz	Dancer	Q8vLXtVQ8FU	high	search	95	182	Claire Rosinkranz	Claire Rosinkranz - Dancer (Official Visualizer)	eFxrHpyZEK4 55 Claire Rosinkranz: Claire Rosinkranz - Dancer | Live from Vevo Studios | H7Vm1bHd8FU 41 Untuned: Claire Rosinkranz - Dancer (Lyrics) | FXktVjoxSqo 39 Pop Station: Claire Rosinkranz - Dancer
Clairo	Sofia	L9l8zCOwEII	low	search	47	189	Claire Cottrill	Clairo - Sofia	q-L4svkSj9s 46 Chilled Sad: Clairo - Sofia (Lyrics) | bXO6sCwcTgs 45 JusCer: Clairo // sofia | 0y8AEEyS20Q 39 Jason Photography: Clairo - Sofia (Music Video)
Clare Dunn	Salt and Lime	UNfqFbrd5CU	high	search	94	167	Clare Dunn	"Clare Dunn - ""Salt and Lime"" (Official Audio)"	"SkIkh2N6PYc 87 Clare Dunn: Clare Dunn - Salt and Lime (Official Lyric Video) | rgnlKJH-ndI 53 Clare Dunn: Clare Dunn - Salt and Lime (Acoustic) [Official Audio] | i547SQsq2Qw 39 Payn Endas: Clare Dunn performing ""Salt and Lime"" at Wild Goose Saloon - Parker, CO - February 6, 2025"
Clean Bandit	Cry Baby (feat. Anne-Marie, David Guetta)	P6OgpKqb-HA	high	search	95	167	Clean Bandit	Clean Bandit, Anne-Marie, David Guetta – Cry Baby (Official Video)	Xx50kYLMxPY 85 Clean Bandit: Clean Bandit, Anne-Marie, David Guetta - Cry Baby (Official Lyric Video) | _IhwePmppqI 46 7clouds: Clean Bandit, Anne-Marie, David Guetta - Cry Baby (Lyrics) | vTypUFguoT0 44 WaveMusic: Clean Bandit & David Guetta - Cry Baby (Lyrics) feat. Anne-Marie
Clean Bandit	Rather Be (feat. Jess Glynne)	m-M1AtrxztU	high	search	95	269	Clean Bandit	Clean Bandit - Rather Be ft. Jess Glynne [Official Video]	8uT2rzHDkUc 47 MusicWorld: Rather be - Clean Bandit feat. Jess Glynne (Official Audio) | 2YTDWLKDnuk 46 Bad Boy Edd: Clean Bandit - Rather Be ft. Jess Glynne Official Music Video | mX2Y9yWfHBI 41 Sunrise Sounds: Clean Bandit, Jess Glynne - Rather Be (Lyrics)
Clean Bandit	Symphony (Feat. Zara Larsson)	aatr_2MstrI	high	search	95	246	Clean Bandit	Clean Bandit - Symphony (feat. Zara Larsson) [Official Video]	V3_GgMyVypw 75 Clean Bandit: Symphony (feat. Zara Larsson) (Alternative Version) | pU_B-13jjkc 54 Clean Bandit: Clean Bandit - Symphony feat. Zara Larsson [Live at the Teen Choice Awards 2017] | PIf9GvWaxQQ 45 7clouds: Clean Bandit - Symphony (Lyrics) feat. Zara Larsson
Coast Modern	Dive	ILvLMuooYhI	high	search	95	216	Coast Modern	🌴🐬Coast Modern - Dive [Official Video]🐬🌴	-UUC8-hErZ4 94 Coast Modern: Coast Modern - Dive [Official Visualizer] | L9loCE8dk-g 44 Paste Magazine: Coast Modern - Dive - 9/25/2017 - Paste Studios, New York, NY | jaTuCsO-cN8 40 House of Indie: Coast Modern - Dive
Cobra Starship	You Make Me Feel... (feat. Sabi)	HpyZEzrDf4c	low	search	55	215	Fueled By Ramen	Cobra Starship: You Make Me Feel... ft. Sabi [OFFICIAL VIDEO]	"5NfJbjARpwQ 41 cloudberry : Cobra Starship - You Make Me Feel... (feat. Sabi) (Lyrics) | 6-dx7fzFeuQ 40 Espaço Music: Cobra Starship - You Make Me Feel... (Feat. Sabi) | 4BJNC2yWw6I 39 Sabi: Cobra Starship ft. Sabi - ""You Make Me Feel...."" [Audio]"
Coco & Breezy	Everyday	zh8zPWHBTQ4	high	search	87	194	Coco & Breezy	Coco & Breezy - Everyday (Lyric Video)	W-S13lT6ZNY 39 deldrik: Everyday Rain (Coco & Breezy × Girls Last Tour) | LdnO0uTLNVE 21 Coco & Breezy: Coco & Breezy - I Am Free [Visualizer] | T8QbT1KFV-A 18 Coco & Breezy: Coco & Breezy - Manifest [Visualizer]
Coco Jones	Me And You	rPfJrZ4hdXQ	low	search	48	197	Disney¡Fan!	Let It Shine – Me and You (Official Music Video) HD 1080p	"HDn-IjrmO18 47 DisneyMusicVEVO: Me And You (from ""Let It Shine"") - Coco Jones, Tyler Williams | M2mgmOywNzs 39 Светлана Шуйская: Me & You by Tyler James Williams & Coco Jones on Good Morning America 06/13/2012 | KLnakElfwpg 38 Movie Soundtracks: Tyler James Williams and Coco Jones - Me And You"
Cody Johnson	That’s Texas	y77Qjf0uIf8	high	search	87	164	Cody Johnson	Cody Johnson - That's Texas (Lyric Video)	gI2Lnwc-Smo 56 Cody Johnson: Cody Johnson - That's Texas (Live from CMA Fest 2024) | CFhFFB1qG7M 54 Cody Johnson: Cody Johnson - That's Texas (Live from the 2024 CMT Awards) | 6cEma3fgcyk 40 Country Vibes: Cody Johnson - That's Texas (Lyrics)
Coheed and Cambria	Someone Who Can	mld4KuTNg0M	high	search	95	226	Coheed and Cambria	Coheed and Cambria - Someone Who Can (Official Music Video)	CcQsGqiOWRQ 78 Coheed and Cambria: Someone Who Can | 1ADi0uyzI8I 40 Tcold7: Coheed and Cambria - Someone Who Can (Lyrics) | fBVgXDEz-ac 38 Rock Paradise: Coheed and Cambria - Someone Who Can (Lyrics)
Colbie Caillat	Let It Snow (Feat. Gavin Degraw)	ujHroNJnnh8	low	search	41	232	Beat Culture	Colbie Caillat & Gavin DeGraw – Let It Snow | Holiday Pop Duet	PlHmJWvbET8 31 CMT Crossroads: Brett Young and Maddie & Tae Perform 'Let it Snow' ❄️ CMT Crossroads Christmas | kiJRVdF0uoE 30 Premiere A Cappella: Let It Snow / Baby It's Cold Outside - Premiere A Cappella | tHOzVtb-cIE 27 HitZone Music: Colbie Caillat, Gavin DeGraw – Let It Snow (Holiday Duet)
Colbie Caillat	Live Without (feat. Maddie & Tae)	bTCIp9O9j7w	high	search	95	193	Colbie Caillat	Colbie Caillat, Maddie & Tae - Live Without (Official Music Video)	dEe88TtxvpU 41 Trending Now Lyrics: Colbie Caillat, Maddie & Tae - Live Without (Lyrics) | yRxb5D5ooPU 40 Mpw music: Colbie Caillat - Live Without // sub español || ft. Maddie & Tae | V0cxxV_32Fw 30 Alexis Williams (Strong) (Lex’s Liners): Live Without Line Dance 
Cold War Kids	Love Is Mystical	Qbe3oSfUG00	high	search	87	222	Cold War Kids	Cold War Kids - Love Is Mystical	zzvk_k-MPYA 54 Cold War Kids: Cold War Kids - Love Is Mystical (Live From Jimmy Kimmel Live!) | vrPn-pQyDOo 41 LyricsVerse: Cold War Kids - Love Is Mystical (Lyrics) | 8Ongs5zq-C8 40 Suits Music: Cold War Kids - Love Is Mystical | Suits Music 8x16
Cold War Kids	Run Away With Me	PVVK7HkdW9k	high	search	87	193	Cold War Kids	Cold War Kids - Run Away With Me (Official Lyric Video)	K1EfLVnpp7Q 41 Best Mus1c : Run Away With Me - Cold War Kids | Rock Week by Music HUB | zE23hMLbHg4 27 Cold War Kids: Cold War Kids - First (Official Audio) | 60Rx9_K_Pqw 26 Cold War Kids: Cold War Kids - What You Say (Official Video)
Coldplay	A Sky Full Of Stars	VPRjCeoBqrI	high	search	95	254	Coldplay	Coldplay - A Sky Full Of Stars (Official Video)	zp7NtW_hKJI 94 Coldplay: Coldplay - A Sky Full Of Stars (Official audio) | W9kVVVMAcrQ 75 Coldplay: A Sky Full of Stars | Fpn1imb9qZg 54 Coldplay: Coldplay - A Sky Full Of Stars (Live at River Plate)
Coldplay	ALL MY LOVE (PNAU x Coldplay)	q0lO78i2w3M	high	search	95	193	Coldplay	PNAU x Coldplay - ALL MY LOVE (Official Video)	tmM9saeLC40 94 Coldplay: PNAU x Coldplay - ALL MY LOVE (Official Audio) | pSeaHfkd3M8 93 Coldplay: Coldplay - ALL MY LOVE (Official Video) | oYeIMKbNc5A 53 Coldplay: Coldplay - ALL MY LOVE (Live on the Graham Norton Show)
Coldplay	Charlie Brown	zTFBJgnNgU4	high	search	95	286	Coldplay	Coldplay - Charlie Brown (Official Video)	KhKxtv1FiUM 54 Coldplay: Coldplay - Charlie Brown (Live in Madrid 2011) | Wl-pTejqra8 53 Coldplay: Coldplay - Charlie Brown (Live on Letterman) | f9Ex4cAfU6U 41 Sunset Sounds: Coldplay - Charlie Brown | Lyrics
Coldplay	Higher Power	3lfnR7OhZY8	high	search	95	257	Coldplay	Coldplay - Higher Power (Official Video)	gXgf5smLEgQ 92 Coldplay: Coldplay - Higher Power (Official Audio // Extraterrestrial Transmission) | e-B7jMljhbk 86 Coldplay: Coldplay - Higher Power (Official Lyric Video) | 3WOwa0lWEz4 83 Coldplay: Coldplay - Higher Power (Official Dance Video)
Coldplay	Jupiter	07Pmjxhuo4k	high	search	87	241	Coldplay	Coldplay - JUPiTER (Official Lyric Visualiser)	wbRB7yawmnM 86 Coldplay: Coldplay - JUPiTER (A Film For The Future) | Np46gH98wps 85 Coldplay: Coldplay - Jupiter (Single Version) (Official Lyric Visualiser) | 6iJmMC_LKgs 44 Iyan Music: Coldplay - JUPiTER (Lyrics)
Coldplay	My Universe (Galantis Remix)	AnBP4sqp5MM	high	search	95	226	Coldplay	Coldplay X BTS - My Universe (Galantis Remix) [Official Audio]	f1mKf7mjLgo 92 Coldplay: Coldplay X BTS - My Universe (David Guetta Remix) [Official Audio] | HwRozlhZeIU 85 Coldplay: Coldplay X BTS - My Universe (SUGA's Remix) - (Official Lyric Video) | UDSXLUoIk08 46 Proximity: Coldplay X BTS - My Universe (Galantis Remix)
Coldplay	Viva La Vida	dvgZkm1xWPE	high	search	95	243	Coldplay	Coldplay - Viva La Vida (Official Video)	-ZvsGmYKhcU 55 Coldplay: Coldplay - Viva La Vida (Live In São Paulo) | 9ldOuVuas1c 53 Coldplay: Coldplay - Viva La Vida (Live in Madrid 2011) | y4zdDXPYo0I 46 Dan Music: Coldplay - Viva la Vida (Lyrics)
Cole Swindell	She Had Me At Heads Carolina	pW98g-Fb-EU	high	search	95	207	Cole Swindell	Cole Swindell - She Had Me At Heads Carolina (Official Music Video)	446TNAxwg_g 86 Cole Swindell: Cole Swindell - She Had Me At Heads Carolina (Audio) | iL4my7XOBVs 38 Lyrics Planet: Cole Swindell - She Had Me At Heads Carolina (Lyrics) | BcnnaPlgpAY 24 Cole Swindell: Cole Swindell & Jo Dee Messina - She Had Me At Heads Carolina (Remix) [2022 CMA Awards]
Colony House	Y.O.U.	PcoIbdT6n9I	high	search	95	345	Colony House	Colony House - You & I (Official Video)	DkfBxIH0g0k 94 Colony House: Colony House - You Know It (Official Video) | Mtckm-2lfQY 83 Colony House: Colony House - A-Sides Session: Colony House “You & I” (9.30.16) | CpH7K9VRuN8 54 Colony House: Colony House - You & I (Live From The Honda Stage)
Commodores	Brick House	ZdJmXeod0RE	low	search	64	213	The Commodores	Commodores - Brick House (Audio)	67xfYARWQjk 43 The Midnight Special: Brick House - The Commodores | The Midnight Special | -5EmnQp3V48 40 steelydan1979: The Commodores - Brick House | rrBx6mAWYPU 39 Miranda Mivino: The Commodores-Brick House
Commodores	Lady (You Bring Me Up)	phNLASyPsUU	low	search	64	241	The Commodores	Commodores - Lady (You Bring Me Up)	upijaChJz00 54 The Commodores: Lady (You Bring Me Up) | -xI4T4beTfI 53 The Commodores: Lady (You Bring Me Up) (Single Version) | YxNRQ5U-3g4 41 RWCBlogger: Lady - The Commodores
Commodores	Machine Gun	gXuiaQnA8ls	low	search	54	159	The Commodores	Machine Gun	wj_t86lIm3U 53 The Commodores: Machine Gun | vVoMJSMgsUM 42 mavrtje: Commodores - Machine gun (SoulTrain) | ho_Od3o9OLg 41 Scifier939: Commodores -  Machine Gun
Commodores	Nightshift	FrkEDe6Ljqs	low	search	72	279	The Commodores	Commodores - Nightshift (Official Music Video)	WMSbBg4_y54 61 The Commodores: Commodores- Nightshift | e-wxnOQYIT4 54 The Commodores: Nightshift (Single Version) | xgIgpDKGlk4 52 The Commodores: Nightshift
Commodores	Too Hot Ta Trot	eJmJL1wXYn8	low	search	56	339	The Commodores	Too Hot Ta Trot	"zRUji82RSxE 54 The Commodores: Too Hot Ta Trot (Single Version) | UgqeesjA9Gg 41 ReelinInTheYears66: The Commodores • ""Too Hot Ta Trot"" 1978 [Reelin' In The Years Archive] | LFJKwoXK8Lk 38 Nice memories 60s, 70s and 80s: Commodores  Too Hot Ta Trot  1978"
Conan Gray	Bourgeoisieses	8ALpoMsaoTg	high	search	87	152	Conan Gray	Conan Gray - Bourgeoisieses (Lyric Video)	OsD6B8_8n2Y 41 Max Music: Conan Gray - Bourgeoisieses | jxvYupyzcXk 39 TheeLyrics.: Conan Gray - Bourgeoisieses [Lyrics] | V3JbK3Tx5zU 38 K8 Concerts: Bourgeoisieses | Conan Gray | Wishbone Pajama Show | Kansas City, MO | September 29, 2025
Conan Gray	Never Ending Song	a0q6JMuLBYQ	high	search	95	219	Conan Gray	Conan Gray - Never Ending Song (Official Music Video)	sgci2K2PTpM 86 Conan Gray: Conan Gray - Never Ending Song (Official Lyric Video) | l9sdq7hegwk 53 Conan Gray: Conan Gray - Never Ending Song (Live Performance) | Vevo | MVaOkJAqXaw 40 Universal Music Japan International: 【和訳MV】Conan Gray - Never Ending Song / コナン・グレイ - ネヴァー・エンディング・ソング
Conner Smith	Creek Will Rise	-fxZOzAjKHo	high	search	95	175	Conner Smith	Conner Smith - Creek Will Rise (Official Music Video)	z97EWJ9g0ps 86 Conner Smith: Conner Smith - Creek Will Rise (Lyric Video) | IAtwyP7gYpc 54 Conner Smith: Conner Smith - Creek Will Rise (Live) | Y3eMXXVXlsM 43 Conner Smith: Conner Smith – Creek Will Rise (Acoustic Version)
Conner Smith	Steal My Thunder (feat. Tucker Wetmore)	vfKUxlymI4U	high	search	87	190	Conner Smith	Conner Smith - Steal My Thunder (feat. Tucker Wetmore) [From Twisters: The Album]	AIbCOezt4YY 78 Conner Smith: Steal My Thunder (feat. Tucker Wetmore) | j83ddKiyNLU 40 Whiskey & Wallows: Conner Smith - Steal My Thunder (Lyrics) | slgfA5Y_mh8 39 Fr4me lyrics: Conner Smith - Steal My Thunder (feat. Tucker Wetmore) (lyrics)
Crash Adams	Good Side	E6KfK-JU4Vs	high	search	87	164	Crash Adams	Crash Adams - Good Side (Official Lyric Video)	JAn6W16XipM 85 Crash Adams: Good Side (Feat. @shazza21)  - Crash Adams | bjnORTloqrg 84 Crash Adams: Good Side (Feat. @KALAN_zc ) - Crash Adams | uKd3b2RZSKU 83 Crash Adams: Good Side (Feat. @WillyWinarko) - Crash Adams
Creedence Clearwater Revival	Suzie Q (Pt. 1) (Mono Single)	3PGvzP6WyUo	high	search	79	279	Creedence Clearwater Revival	Suzie Q (Pt. 1) (Pt. 1 / Mono Single)	F0Wxs-nphSo 40 AnotherProf: 1968 HITS ARCHIVE: Suzie Q. (Part One) - Creedence Clearwater Revival (mono 45) | kCmdzR21A6g -24 Paul Clearwater: Creedence Clearwater Revival - Susie Q (Part 1 / Mono Single) | xP84SjwHph0 -26 BrazilianUploader: Creedence Clearwater Revival - Susie Q
Culture Club	It's A Miracle	1vhB25Yjp9c	high	search	92	201	CultureClubReleasesVEVO	Culture Club - It's A Miracle (Official Remastered Audio)	YewVugPHon4 87 Culture Club: Culture Club - It's A Miracle | 9S48eqKeEs8 84 Culture Club: Culture Club - It's A Miracle (The Tube, June 24, 1983) | bAphVxqbCV4 78 Culture Club: It's A Miracle
Cyndi Lauper	Girls Just Want To Have Fun	PIb6AZdTr-A	high	search	95	267	Cyndi Lauper	Cyndi Lauper - Girls Just Want To Have Fun (Official Video)	"jRr5EasAq84 78 Cyndi Lauper: Girls Just Want to Have Fun | biw4s8RQNn8 61 Rock & Roll Hall of Fame and Cyndi Lauper: Cyndi Lauper ""Girls Just Want to Have Fun"" with Avril Lavigne  | iS61LkCObFc 53 Cyndi Lauper: Cyndi Lauper - Girls Just Want to Have Fun (Live in Paris)"
Cyril	Stumblin' In	57VMB1IzLKY	low	search	72	214	CYRIL and Spinnin' Records	CYRIL - Stumblin' In (Official Music Video)	d5wURLqNTXE 70 Spinnin' Records and CYRIL: CYRIL - Stumblin' In (Official Audio) | 9UCB1ZqSb-s 46 The Vibe Guide: CYRIL - Stumblin' In (Lyrics) | 0AbvnTgGH8s 43 Smokie: Chris Norman, Suzi Quatro - Stumblin' in (Official Video)
Cyril	True (Feat. Kita Alexander)	LGwFeWQzB0o	high	search	87	126	CYRIL	CYRIL, Kita Alexander - True (Official Lyric Video)	EsDVTXrsVkk 40 soundbox Records: Cyril feat. Kita Alexander - True | EWzLwuysESs 21 Illumi Music: CYRIL & Kita Alexander - True (Extended Mix) | 57VMB1IzLKY 3 CYRIL and Spinnin' Records: CYRIL - Stumblin' In (Official Music Video)
D4vd	Feel It (From The Original Series “Invincible”)	vZi8ET9k11g	high	search	95	155	d4vd	d4vd - Feel It (Official Music Video)	11rpGprITo0 83 d4vd: d4vd - Feel It (Animated Lyric Video) | V5ugDWsGM6g 46 Rap Samurai: d4vd - Feel It (Lyrics) | 77KTJ2qa158 40 raazuh: d4vd - Feel It | Spider-Verse
Da Hool	Meet Her at the Love Parade	YdRMpwaP0Bs	high	search	86	247	Da Hool - Topic	Meet Her at the Loveparade (Nalin & Kane Radio Edit)	ydrr0zOFa2k 70 Da Hool - Topic: Meet Her at the Loveparade | KO4y3nkJXDA 55 kosmorecords: Da Hool - meet her at the Loveparade -  Official Video (HQ) | MuIA63oAQ0E 38 ptimecbenji: Da hool - meet her at the love parade
Daft Punk	Around The World	K0HSD_i2DvA	high	search	97	242	Daft Punk	Daft Punk - Around The World (Official Music Video Remastered)	dwDns8x3Jb4 94 Daft Punk: Daft Punk - Around the World (Official Audio) | ARfJ55bUAw0 75 Daft Punk: Around the World (Radio Edit) | x84m3YyO2oU 55 Daft Punk: Daft Punk - Around the World / Harder Better Faster Stronger (Official Live Video 2007)
Daft Punk	Digital Love	FxzBvqY5PP0	high	search	95	265	Daft Punk	Daft Punk - Digital Love (Official Video)	4whD6uAryMs 94 Daft Punk: Daft Punk - Digital Love (Official Audio) | MfO6EYbVBFw 76 Daft Punk: Digital Love (Radio Edit) | ulUkWYSdpBA 40 Liquid Music: Daft Punk - Digital Love (Lyrics / Lyrics Video)
Daft Punk	One More Time	FGBhQbmPwH8	high	search	95	322	Daft Punk	Daft Punk - One More Time (Official Video)	A2VpR8HahKc 94 Daft Punk: Daft Punk - One More Time (Official Audio) | fa5IWHDbftI 76 Daft Punk: One More Time | QxaaUVsbhrU 42 Matt Page: Daft Punk   One More Time 4K Remastered 60fps
DAMEDAME*	FREEDOM (feat. Jorja Smith)	TNnPk0JXYDc	low	search	42	161	EXPLICIT HOUSE MUSIC	DAMEDAME* - FREEDOM (feat. Jorja Smith)	"MHgR5ttiWmU 41 Pulse Pop: DAMEDAME* - FREEDOM (feat. Jorja Smith) | XWmfwNTWkIk 31 Run The Flex Studio: ""Freedom"" - Intermediate Choreography | Ashley Cole-Daley | PA5uuBCtZ5k -30 Jorja Smith: Jorja Smith X Preditah - On My Mind"
Damiano David	Born With a Broken Heart	Z4-g8UXa944	high	search	95	254	Damiano David	Damiano David - Born With a Broken Heart (Official Video)	BD8jIlBA1nA 85 Damiano David: Damiano David - Born With a Broken Heart (Official Visual Video) | 4OvBp7lJtbY 54 Damiano David: Damiano David - Born With a Broken Heart (Live from NYC) | A-8gBgDrqrc 46 Vibe Music: Damiano David - Born With a Broken Heart (Lyrics)
Dan + Shay	Heaven + Back	rIAWbD3hK6E	high	search	87	189	Dan + Shay	Dan + Shay - Heaven + Back (Audio)	"PMT0pLsLLVc 62 Daily Dash Of Dan + Shay: Dan + Shay Performing ""Heaven + Back"" At Van Andel Arena on March 14, 2024 | Ia5NTnuPHCI 41 Shooting Star: Dan + Shay - Heaven + Back (Lyrics) | RrcVjSCN4FE 39 The Fine Line Dance: Heaven + Back by Dan + Shay (Danced With An Angel)"
Dan + Shay	Long Live Christmas	amaD7Aa87JY	high	search	95	200	Dan + Shay	Dan + Shay - Long Live Christmas (Official Music Video)	2WUWFnUkXvE 86 Dan + Shay: Dan + Shay - Long Live Christmas (Visualizer) | h4MED8Xd6Mc 40 Christmas 365: Dan + Shay - Long Live Christmas (Lyrics) | qf7l1khgVcw 39 Cadince MasterDrop 9837: Dan + Shay: Long Live Christmas (Audio)
Dan Hartman	Instant Replay	jW-OfaiBs9k	high	search	100	240	DanHartmanVEVO	Dan Hartman - Instant Replay (Official Video)	"P7cjkZA0SI0 87 Dan Hartman - Topic: Instant Replay (7"" Version) | 9C7rHWKc8x0 73 Dan Hartman - Topic: Instant Replay (12"" Single) | hyldpc_MmFw 43 TopPop: Dan Hartman - Instant Replay • TopPop"
Daniel Bedingfield	Gotta Get Thru This	aeCnEY_AemU	high	search	77	162	Daniel Bedingfield	Gotta Get Thru This (D'N'D Radio Edit)	9HEdLmbZoJQ 42 Retro Music Television: Daniel Bedingfield - Gotta Get Thru This (2000) (Music Video) | PgV4NPneN2A 41 TheKoolkanadian: Daniel Bedingfield ~ Gotta Get Thru This | 1vhVcuBQAWo 40 Brian's VCR Tape Recordings: Daniel Bedingfield - Gotta Get Thru This (Promo Only) 4K 60fps AI Upscale
Danny L Harle	Two Hearts (Feat. Dua Lipa)	6s72AHV2cfU	high	search	87	233	Danny L Harle	Danny L Harle - Two Hearts (ft. Dua Lipa)	nVAPMfv-1pY 41 Trillex Music Group: Danny L Harle & Dua Lipa - Two Hearts (Lyrics) | bdKzflhi2Ww 40 Impulse Records: Danny L Harle, Dua Lipa - Two Hearts | wADrEenh1ZQ 39 Lyrics Fantasia : Danny L Harle - Two Hearts (Lyrics) ft. Dua Lipa
Darius Rucker	Alright	etr7UtnUflM	high	search	87	230	Darius Rucker	Darius Rucker - Alright	yjyOIWHYvGo 43 CMT: Darius Rucker Performs “Alright” | CMT Storytellers | l4S3_AMPQv4 40 cooldustint: Alright Darius Rucker w/ lyrics | 0gLtBMPtL7E 39 sxfx: Darius Rucker – Alright
Darius Rucker	Wagon Wheel	hvKyBcCDOB4	high	search	95	347	Darius Rucker	Darius Rucker - Wagon Wheel (Official Music Video)	"-2xH-HOxiss 53 Darius Rucker: Darius Rucker: ""Wagon Wheel"" At New Year's Eve Live: Nashville's Big Bash | ceAJ4_3my20 45 CMT: Darius Rucker ""Wagon Wheel"" Story + Performance | CMT Storytellers | wjzYh36uMds 41 Young Pilgrim Music: Darius Rucker - Wagon Wheel (Lyrics)"
Darius Rucker	Winter Wonderland	LReXz4y8N1A	high	search	79	169	Darius Rucker	Winter Wonderland	J9DbBSWCim0 78 Darius Rucker: Winter Wonderland | Ro9lfGFYfa0 40 Music Channel Vault: Darius Rucker - Winter Wonderland (Keep It Country TV) | gk9n7KjHOp0 39 cmajonek: Darius Rucker winter wonderland
Darkness	I Believe in a Thing Called Love	zUVKhOshF9E	low	search	62	216	The Darkness	The Darkness - original I Believe In A Thing Called Love video	tKjZuykKY1I 57 RHINO: The Darkness - I Believe In A Thing Called Love (Official Music Video) [HD] | tlq-Le7V18Q 52 The Darkness: I Believe In A Thing Called Love | RZtcz4WVBGg 41 rocker2321: I BELIEVE IN A THING CALLED LOVE - THE DARKNESS LYRICS
Dasha	What Happens Now?	1BrH7tcr7rg	low	search	47	154	7clouds Country	Dasha - What Happens Now? (Lyrics)	dqM3HoynblA 41 Whiskey & Willows: dasha - what happens now? (lyrics) | kWCPRMYsz0w 38 JUMPIN SOUNDS: Dasha-What Happens Now? @ Scala, London, 19th August 2024 | _wlPsmIEnIw 28 Dasha: Dasha - Didn't I (Official Music Video)
Dave Matthews Band	What Would You Say	7gXuYFih6Y8	high	search	95	247	Dave Matthews Band	Dave Matthews Band - What Would You Say (Official Video)	pGRAG1xaSdg 86 Dave Matthews Band: Dave Matthews Band - What Would You Say (from The Central Park Concert) | IC_sooXlEhY 53 Dave Matthews Band: What Would You Say - Dave Matthews Band - LIVE - 8/30/25 Gorge Amphitheatre, George,  | xXlbN0Kus_E 53 Dave Matthews Band: Dave Matthews Band - What Would You Say - LIVE 5.11.19 Bridgestone Arena, Nashville, 
David Archuleta	Christmas Every Day	G0QuvuTEGiU	high	search	95	221	David Archuleta	David Archuleta - Christmas Every Day (Official Video)	8DGGVA6Ouvc 80 David Archuleta: Christmas Every Day (Remastered) | MQ8yLMo6IB4 53 David Archuleta: David Archuleta - Christmas Every Day - Exclusive Live Performance from GMA | zP4lniouiSc 40 Midnight Soul: David Archuleta - Christmas Every Day
David Archuleta	Sleigh Ride	nFywKEwaZzE	high	search	87	159	David Archuleta	David Archuleta - Sleigh Ride (Official Lyric Video)	D-oU6iXbPeU 41 8throwcenter: David Archuleta - Sleigh Ride - Stroudsburg | DmgNXIPoVrg 40 aura3000: David Archuleta Anaheim MKOC - Sleigh Ride | xn-XxLcrrCA 39 Archie Fan for Life : David Archuleta-Sleigh Ride- Anaheim-12/17/11
David Bowie	Fame	_Up1s8z7jH8	high	search	94	226	David Bowie	David Bowie - Fame 90 (Official Video)	Ypgq0qdgVZA 81 David Bowie: Fame (2016 Remaster) | enenlBsUrTI 40 Punisher 316: David Bowie   Fame | J-_30HA7rec 39 Allu: David Bowie - Fame
David Bowie	Young Americans	iO6OvHxD_m8	high	search	81	314	David Bowie	Young Americans (2016 Remaster)	GwHlRb4GdAQ 77 David Bowie: Young Americans (Single Version) [2002 Remaster] | ydLcs4VrjZQ 41 Kate Stardust: David Bowie- Young Americans | V3X23ZPLLd4 39 menchitty11: David Bowie - Young Americans (single version) (1975)
David Guetta	Beautiful People (feat. Sia)	S2fSojJqyNY	high	search	95	205	David Guetta	David Guetta & Sia - Beautiful People (Official Video)	r12ac0AxnCk 83 David Guetta: David Guetta & Sia - Beautiful People [Visualizer] | DLiPo2PKxkw 54 David Guetta: David Guetta & Sia - Beautiful People (Live in Marseille) | p2-zNn3vwc4 53 David Guetta: David Guetta & Sia - Beautiful People (Edit) (Live Performance at Ultra Music Festival 2025
David Guetta	Crank It Up (feat. Akon)	KSAk-SsxcfM	high	search	79	193	David Guetta	Crank It Up (feat. Akon)	oLqU1B2B8Es 77 David Guetta: Crank It Up (feat. Akon) | kSoEs4C1glc 60 DavidGuettaHits: DavidGuetta feat. Akon - Crank it up | 65t3ZBfZo8w 44 Loku: David Guetta - Crank It Up (Lyrics) ft. Akon
David Guetta	Crazy What Love Can Do (feat. Becky Hill, Ella Henderson)	8bzesUu_a4I	high	search	95	178	David Guetta	David Guetta & Becky Hill & Ella Henderson - Crazy What Love Can Do (Official Music Video)	EHby74kKc4s 85 David Guetta: David Guetta & Becky Hill & Ella Henderson - Crazy What Love Can Do (Lyric Video) | o-iBRKYsjlc 51 Becky Hill Official: David Guetta, Becky Hill & Ella Henderson - Crazy What Love Can Do (Official Audio) | pXpaRS2SPQA 46 Cakes & Eclairs: David Guetta - Crazy What Love Can Do (Lyrics) ft. Becky Hill, Ella Henderson
David Guetta	Forever Young (feat. Alphaville & Ava Max)	_AfmgOpoCHI	high	search	95	158	David Guetta	David Guetta, Alphaville & Ava Max - Forever Young (Official Music Video)	JMtack-i2vw 84 David Guetta: David Guetta, Alphaville & Ava Max - Forever Young (Lyric video) | u15U3Z55k2Y 56 David Guetta: David Guetta, Alphaville & Ava Max - Forever Young (Live Performance) | wIN1VB-posg 45 The Vibe Guide: David Guetta, Alphaville, Ava Max - Forever Young (Lyrics)
David Guetta	Gettin' Over You (Feat Fergie & LMFAO)	hWjrMTWXH28	high	search	95	188	David Guetta	David Guetta & Chris Willis Feat. Fergie & LMFAO - Gettin' Over You (Official Video)	RvhvTAy8ZH4 42 musiCShow: David Guetta & Chris Willis Feat. Fergie & LMFAO - Gettin' Over You (Ai HD) | Zw-IDtX-I-I 41 Salva70HD: David Guetta & Chris Willis - Gettin Over You (Feat. Fergie & Lmfao) | YO1GMuaUqVs 39 - DayLords -: David Guetta & Chris Willis ft.Fergie & LMFAO - Gettin' over you (Lyrics)
David Guetta	Gone Gone Gone (Feat. Teddy Swims, Tones & I)	2Qe3pztJg0A	high	search	85	199	David Guetta	David Guetta, Teddy Swims, Tones and I - Gone Gone Gone [Official Lyric Video]	KEQmgEs2xVc 75 David Guetta: Gone Gone Gone (Extended) | 8iT9DRe3cHE 71 David Guetta and 2 more: David Guetta, Teddy Swims, Tones and I - Gone Gone Gone [Official Music Video] | _kwiNpRZlDI 64 David Guetta and 2 more: David Guetta, Teddy Swims, Tones and I - Gone Gone Gone [Official Studio Video]
David Guetta	I Don't Wanna Wait (Feat. OneRepublic)	dSDbwfXX5_I	high	search	95	155	David Guetta	David Guetta & OneRepublic - I Don't Wanna Wait (Official Video)	1z5pt8RClWY 75 David Guetta: I Don't Wanna Wait (Extended) | 4PUAFCtkk7g 54 David Guetta: David Guetta & OneRepublic - I Don't Wanna Wait (Live performance at Ultra Music Festival 2 | SxooGdQ3oew 46 OneRepublic: David Guetta & OneRepublic - I Don't Wanna Wait (Official Lyric Video)
David Guetta	I'm Good (Blue) (feat. Bebe Rexha)	90RLzVUuXe4	high	search	95	178	David Guetta	David Guetta & Bebe Rexha - I'm Good (Blue) [Official Music Video]	uFLt7knYUek 75 David Guetta: I'm Good (Blue) | kXhBKjDKF84 56 David Guetta: David Guetta & Bebe Rexha - I'm Good (Blue) [Live Performance] | NN1f066QTMU 44 Bebe Rexha: David Guetta & Bebe Rexha - I'm Good (Blue) [Official Lyric Video]
David Guetta	I'm Good (Blue) (feat. Bebe Rexha) (Clean Version)	90RLzVUuXe4	high	search	95	178	David Guetta	David Guetta & Bebe Rexha - I'm Good (Blue) [Official Music Video]	uFLt7knYUek 75 David Guetta: I'm Good (Blue) | kXhBKjDKF84 56 David Guetta: David Guetta & Bebe Rexha - I'm Good (Blue) [Live Performance] | NN1f066QTMU 44 Bebe Rexha: David Guetta & Bebe Rexha - I'm Good (Blue) [Official Lyric Video]
David Guetta	Let's Love (feat. Sia)	efCUMvwo6Tk	high	search	95	204	David Guetta	David Guetta & Sia - Let's Love (Official Video)	UBsPNEVt0SM 86 David Guetta: David Guetta & Sia - Let’s Love (Lyric video) | R4YY7jeJbJA 62 David Guetta & Sia: David Guetta - Let's Love (feat. Sia) [Offcial Audio] | GsQ-v1ttaCA 53 David Guetta: David Guetta ft Raye - Let’s Love (Live from the MTV EMA 2020)
David Guetta	Mad Love (Feat. Becky G)	mlf4bidp2yc	low	search	47	200	Sean Paul	Sean Paul, David Guetta - Mad Love ft. Becky G	_KBc4B5JFoQ 46 Sean Paul: Sean Paul, David Guetta - Mad Love (Lyric Video) ft. Becky G | 5Pk1vgW66FM 40 Satturn: Sean Paul, David Guetta - Mad Love ft. Becky G | aTd3vuXCKZg 38 Royal Audio: Mad Love - David Guetta, Sean Paul ft. Becky G (Audio)
David Guetta	Play Hard (feat. Ne-Yo & Akon)	5dbEhBKGOtY	high	search	95	242	David Guetta	David Guetta - Play Hard ft. Ne-Yo, Akon (Official Video)	cOlmylwEDdk 41 Pillow: Play Hard - David Guetta (Feat. Ne-Yo & Akon) (Lyrics) 🎵 | GCWvOJItDhQ 40 Top Songs: David Guetta feat. Ne-Yo, Akon - Play Hard | 2013 Top Songs | Lyrics | auCLfgne7DI 39 Alejandro Villabona: David Guetta - Play Hard (feat. Ne-Yo & Akon) [Audio]
David Guetta	Titanium (feat. Sia)	JRfuAukYTKg	high	search	95	246	David Guetta	David Guetta - Titanium ft. Sia (Official Video)	Rohq0D72X3Q 68 David Guetta & Sia: David Guetta - Titanium (feat. Sia) [Official Audio] | gRw_6NTbPSo 53 David Guetta: Titanium LIVE at Ultra’s 25th Anniversary – David Guetta, Sia & Afrojack reunite on Stage!  | Xn_kp8OZtc8 41 Sunset Sounds: David Guetta - Titanium (feat. Sia) | Lyrics
David Guetta	Turn Me On (feat. Nicki Minaj)	YVw7eJ0vGfM	high	search	94	211	David Guetta	David Guetta - Turn Me On ft. Nicki Minaj (Official Video)	WLTI2rWAlV4 87 David Guetta: David Guetta - Turn Me On ft. Nicki Minaj (Lyric Video) | wevSzB-0UDg 75 David Guetta: Turn Me On (Extended) | qNyq9rI9XCE 46 Bad Boy Edd: David Guetta - Turn Me On (feat. Nicki Minaj) [Official Music Video]
David Guetta	Walked Away	lRikivCSR0I	high	search	86	164	David Guetta	David Guetta & Hypaton - Walked Away (Lyric Video)	AiIdoy0XmO0 76 David Guetta: Walked Away (Extended) | 2QjBHOVTaow 64 David Guetta and Hypaton: David Guetta, Hypaton - Walked Away (Visualizer) | SBz87t9u55s 55 David Guetta: David Guetta & Hypaton - Walked Away (Live Performance @ Tomorrowland 2025)
David Guetta	When We Were Young (The Logical Song) (feat. Kim Petras)	YBGtzfK5Bak	high	search	95	165	David Guetta	David Guetta & Kim Petras - When We Were Young (The Logical Song) [Official Video]	6dIKj79x1Ao 85 David Guetta: David Guetta & Kim Petras - When We Were Young (The Logical Song) [Lyric Video] | Rb10kmQCHAs 49 David Guetta: David Guetta & Kim Petras - When We Were Young (The Logical Song) [Seth Hills remix] | CyQ2yBTJs3Y 48 David Guetta: David Guetta & Kim Petras - When We Were Young (The Logical Song) [Bennett remix]
David Guetta	Without You (feat. Usher)	jUe8uoKdHao	high	search	95	210	David Guetta	David Guetta - Without You ft. Usher (Official Video)	doWIkO1GGVo 83 David Guetta: David Guetta - Without You ft. Usher (Lyric video) | v_OxR1WGT38 76 David Guetta: Without You (feat. Usher) (Radio Edit) | NgugssSF48w 75 David Guetta: Without You (feat. Usher) (Extended)
DayDreamers	Colourblind	ObOZx9DCzgI	high	search	87	165	daydreamers	daydreamers - Colourblind (Visualiser)	Di9ffAQDSXE 44 Mr.Radio: daydreamers - Colourblind (Lyrics) | Vk0ilvDnRBQ 41 Rock Paradise: daydreamers - Colourblind (Lyrics) | Lz_BPxAGsKU 38 Lyrics4U: Colourblind (Lyrics) - daydreamers
Dayglow	Can I Call You Tonight?	hh1WeQxfCX0	high	search	95	300	Dayglow	Dayglow - Can I Call You Tonight? (Official Video)	n-IwmbARwBo 78 Dayglow: Can I Call You Tonight? | E4lf9ndesi4 45 Cassiopeia: Dayglow - Can I Call You Tonight? (Lyrics) | kEpON9AqdMY 44 Aurora Vibes: Dayglow - Can I Call You Tonight? (Lyrics)
Dayglow	Close To You	otPB54Wxf5c	high	search	95	196	Dayglow	Dayglow - Close to You (Official Video)	m1MVSDbZYoc 84 Dayglow: Dayglow - Close To You (Lyric Video) | 31udvDQ5I4Y 53 Dayglow: Dayglow - Close To You (Live From My Living Room) | 33zP7zQZ2N4 41 BIRP!: Dayglow - Close To You ♪
Dayglow	Every Little Thing I Say I Do	wFAXvCE3pUY	high	search	87	191	Dayglow	Dayglow - Every Little Thing I Say I Do	CjhytzmX-nc 86 Dayglow: Dayglow - Every Little Thing I Say I Do (Official Lyric Video) | CWykuNmIafg 54 Dayglow: Dayglow - Every Little Thing I Say I Do (Live From My Garage) | 4B6LuzOZcvE 45 David Dean Burkhart: Dayglow - Every Little Thing I Say I Do
Dayglow	Mindless Creatures	mNjJDLnnh0A	high	search	87	279	Dayglow	Dayglow - Mindless Creatures (Official Lyric Video)	nx80aUoYCJQ 56 Dayglow: Dayglow - Mindless Creatures (Live From My Garage) | Dnc9fHfTq-U 40 Janelle: Mindless Creatures by Dayglow lyrics (Sloan Struble) Original Song! | ipO7wCneTGc 30 st2bing: mindless creatures
Dayglow	Then It All Goes Away	LCdeGt7mQTg	high	search	95	203	Dayglow	Dayglow - Then It All Goes Away (Official Video)	"fSRmwEpqoBY 86 Dayglow: Dayglow - Then It All Goes Away (Lyric Video) | PsF4KoDD2_o 83 Dayglow: Dayglow - How I Made ""Then It All Goes Away"" | 4cGqjxULID0 45 Cassiopeia: Dayglow - Then It All Goes Away (Lyrics)"
Dazz Band	Let It Whip	TDMfH1rx7rk	high	search	88	245	Dazz Band - Topic	Let It Whip (Single Version)	NOiqT3G2-Go 52 Classic Motown: Dazz Band - Let It Whip (Official Audio) | POMhbImDQLo 48 Weedy Weed Smoker: Dazz Band - Let It Whip — (Official Video) | Gd3gl5gnMeA 42 RETROVISOR: Dazz Band ~ Let It Whip 1982
Dead or Alive	You Spin Me Round (Like A Record)	rc6vowZjWOs	high	search	77	200	deadoralivetv	You Spin Me Round (Like a Record)	bD2e6t7ERMo 75 deadoralivetv: You Spin Me Round (Like a Record) | oatHj0uAgMU 75 deadoralivetv: You Spin Me Round (Like a Record) (Rip It Up Version) | PGNiXGX2nLU 65 deadoralivetv: Dead Or Alive - You Spin Me Round (Like a Record) (Official Video)
Deadmau5	Science (Feat. Steve Appleton)	KfhkYEI-CKk	high	search	77	212	deadmau5	Science (Radio Edit)	_ih6kBeqcvk 72 deadmau5: deadmau5, Stevie Appleton - Science (feat. Stevie Appleton) [Official Lyric Visualizer] | bbMxtNt8jHw 71 deadmau5 and Stevie Appleton: Science (Piano Version) - deadmau5, Stevie Appleton [Official Music Video] | ZjF3qMovm8I 39 Colorave Records: deadmau5 - Science (feat. Stevie Appleton) [Radio Edit]
Dean Brody	Bring Down The House	r9_0u0porO8	high	search	87	244	Dean Brody	Dean Brody - Bring Down the House (Official)	Y6AdXyisJnI 86 Dean Brody: Dean Brody - Bring Down the House (Audio) | JWyzBKjGEGM 40 CanadianMusicians2: DEAN BRODY - BRING DOWN THE HOUSE LYRICS | 1VoFJIXSvuk 30 Cadance: BRING DOWN THE HOUSE
Dean Brody	Dose Of Country	RXzecRCENA4	high	search	87	240	Dean Brody	Dean Brody - Dose of Country	Z40KwsBlVNU 27 Dean Brody: Dean Brody - Right Round Here (Official Visualizer) | hbrYRWl2ek8 12 Dean Brody: Everything’s Better | 9OAZ0J6txHs 10 Dean Brody: Soggy Bottom Summer
Dean Martin	Silent Night	eut867oOmOs	high	search	87	166	Dean Martin	Dean Martin - Silent Night (Official Lyric Video)	KCiZybJzj8w 41 christmastime4u: Dean Martin - Silent Night | d62Wt3kQPiM 40 Mr Subtitled Videos: Dean Martin & Frank Sinatra - Silent Night | rqNvqnInE84 39 Guy Miller: SILENT NIGHT-PEACE ON EARTH - DEAN MARTIN
Death Cab for Cutie	Here to Forever	R7jZorZeWro	high	search	95	283	Death Cab for Cutie	Death Cab for Cutie - Here To Forever (Official Music Video)	rbjzZPk1p5E 52 Death Cab for Cutie: Death Cab for Cutie - Here to Forever (Acoustic) [Official Audio] | yo3eHwbDwDs 46 David Dean Burkhart: Death Cab for Cutie - Here To Forever | uc1R3kv6qTQ 38 BIRP!: Death Cab For Cutie - Here to Forever
Death Cab for Cutie	Riptides	YhruCF_beiA	low	search	72	198	Death Cab for Cutie and ANTI- Records	Death Cab for Cutie - Riptides (Official Music Video)	vu_zj0VI4Jg 45 Jimmy Kimmel Live: Death Cab for Cutie – Riptides | h3Jthe8uOkQ 41 Pop Station: Death Cab for Cutie - Riptides | ZpVPVIcTXbU 38 DJ SEU MUNIZ: DEATH CAB FOR CUTIE - Riptides 
DeBarge	Rhythm Of The Night	cAQSZhazYk8	high	search	95	233	DeBarge	DeBarge - Rhythm Of The Night (Official Music Video)	"N0k0FAlLlK0 78 DeBarge: Rhythm Of The Night | PNRhCZkQoYY 75 DeBarge: Rhythm Of The Night (From ""The Last Dragon"" Soundtrack) | rUNZ9eLd-vI 40 Vy718: DeBarge - Rhythm Of The Night"
Debbie Deb	Funky Little Beat	aK_25BCYxmM	high	search	89	296	Debbie Deb - Topic	Funky Little Beat	CCZg1N0dzHM 85 Debbie Deb - Topic: Funky Little Beat | cn4JdJzePjs 42 VJ ROBERTO PORTHINARY Official: CONNIE - FUNKY LITTLE BEAT - OFFICIAL VIDEO - HD (1985 ) | w0Dtw2fD_r0 33 CONNIE - Topic: Funky Little Beat
Debbie Deb	Lookout Weekend	4D93GPUH7Pg	high	search	89	375	Debbie Deb - Topic	Lookout Weekend	KSC-8mxfXKI 41 Albert Johnson (DeeJay Punanny Don): Debbie Deb - Lookout Weekend (1984) | 0fadAsmB7tg 40 Freestyle Video Vault: Debbie Deb - Lookout Weekend (2010) | zKAaOV0ODhU 39 Somethin' For The Radio: Debbie Deb - Look Out Weekend (Radio Version)
Debbie Deb	When I Hear Music	RNSuX4KoWWQ	high	search	88	426	Debbie Deb - Topic	When I Hear Music	"bLiQJFPejuE 85 Debbie Deb - Topic: When I Hear Music | uUQEmXcu6q8 42 MusicUnlimited101: When I Hear Music (Original 12"") - Debbie Deb | sMShdu3LtFY 40 Brian James: Debbie Deb - When I Hear Music (Freestyle Festival, Queen Mary Long Beach CA 4/26/15)"
Debbie Gibson	Only In My Dreams	2V-J7nYNjlI	high	search	78	237	Debbie Gibson	Only in My Dreams	4T1t5OFOYDU 55 RHINO: Debbie Gibson - Only in My Dreams (Official Music Video) | Q8b86TE3PUY 40 Power Ballad: Debbie Gibson - Only in My Dreams (VU Meter Visualizer) | qFqkkygtcIM 39 MusickLife: Debbie Gibson - Only In My Dreams HQ (Audio)
Debbie Gibson	Out Of The Blue	6Td1ir8Rxm0	high	search	78	237	Debbie Gibson	Out of the Blue	D80VtTDOk0g 55 RHINO: Debbie Gibson - Out of the Blue (Official Music Video) | 7FribHKQSIc 40 hirosh58: Debbie Gibson -Out Of The Blue | B0vmeDwO_KU 39 Clay Culver: Debbie Gibson - Out of the Blue (1987) HQ
Debbie Gibson	Shake Your Love	OvAB9CTltpQ	high	search	78	224	Debbie Gibson	Shake Your Love	D1XnwVIgeYQ 75 Debbie Gibson: Shake Your Love | jv1YwsbIxDw 55 RHINO: Debbie Gibson - Shake Your Love (Official Music Video) | i95BGtQ3eN4 40 Retro Musical: Debbie Gibson - Shake Your Love (Radio Version)
Deborah Cox	Absolutely Not	RpIxQoL-cMU	high	search	87	248	Deborah Cox	Deborah Cox - Absolutely Not (Chanel Club Extended Mix Edit - Audio)	JdwFYpfPIf4 78 Deborah Cox: Absolutely Not (Radio Edit) | 4NPvtw2c-ik 75 Deborah Cox: Absolutely Not (Radio Edit) | MJ7nlteURc0 40 Soulful Soundz 500: Absolutely Not - Deborah Cox
Declan McKenna	Beautiful Faces	B0CoBwKNhIo	high	search	95	223	Declan McKenna	Declan McKenna - Beautiful Faces (Official Video)	-Y5aYxt-trA 83 Declan McKenna: Declan McKenna - Beautiful Faces (Sunday Brunch) #stayhome | VZzP93E_srg 45 BBC Music: Declan McKenna - Beautiful Faces | Reading Festival 2023 | Mjy1HJUsJQ0 41 Emily’s Lyric Videos: Declan McKenna - Beautiful Faces (lyrics)
Declan McKenna	Champagne	HUQTtl4LUWE	high	search	95	335	Declan McKenna	Declan McKenna - Champagne [Official Music Video]	dhPF0xbifTQ 46 David Dean Burkhart: Declan McKenna - Champagne | VI3NaXZGSkI 10 TrumanRebekah: Declan McKenna - Champagne Live at Maida Vale (Audio) | 8aVgNiapezU 9 CC: Declan McKenna - Champagne - Live 2024
Deee-Lite	Groove Is In The Heart	etviGf1uWlg	high	search	95	291	Deee-Lite	Deee-Lite - Groove Is In The Heart (Official Video)	6f7__B8UeOk 76 Deee-Lite: Groove Is in the Heart | n5a21NGXVdw 43 Tom Key: DEEE-LITE -RARE-Groove is in the Heart-Arsenio (1990) 4K HD | hIpT8H40Apo 40 Lagu Pre Studio: Deee-Lite-Groove Is in the Heart (Audio)
Deep Purple	Woman From Tokyo	lElg5rh5CIg	high	search	85	263	Deep Purple Official	Deep Purple - Woman From Tokyo ft. Jon Lord	wpBkc0If4s4 77 Deep Purple Official: Woman from Tokyo (2002 Remaster) | 8p9b2pitiXo 77 Deep Purple Official: Woman from Tokyo (2000 Remaster) | b-ScDz4Vj98 43 Only720Music: Deep Purple-My Woman From Tokyo- 720p HD
Def Leppard	Photograph	D4dHr8evt6k	high	search	87	246	DEF LEPPARD	Def Leppard - Photograph	yIKRLCKphrc 53 DEF LEPPARD: Def Leppard - Photograph (Live From Whisky A Go Go) | asY-2HWqpGM 47 Hard Rock & Heavy Metal: Def Leppard - Photograph (Lyrics) Official Remaster | 5J-UPxcRga4 41 Tommy Frankfort: Def Leppard Photograph
Del Amitri	Roll To Me	BSEnw-WZ_jA	low	search	55	133	Del Amitri (Del Amitri Official)	Roll To Me	Bbq-5wn-ZfU 53 Del Amitri (Del Amitri Official): Roll To Me | K_s44LilaYM 52 Phantom Eyce a.k.a KOBE3giCfit1: Del Amitri - Roll To Me (Official Music Video HD) Phantom Eyce | RozRVfYSvP4 52 Del Amitri (Del Amitri Official): Roll To Me
Demi Lovato	Confident	cwLRQn61oUY	high	search	95	215	Demi Lovato	Demi Lovato - Confident (Official Video)	Tu5xLPhCFgY 93 Demi Lovato: Demi Lovato - Confident (Official Audio) | 3P_Tn61YACU 53 Demi Lovato: Demi Lovato - Confident (Live) | kiic3NEXHgw 46 Popular Music: Demi Lovato - Confident (Lyrics)
Demi Lovato	Give Your Heart a Break	1zfzka5VwRc	high	search	95	216	Demi Lovato	Demi Lovato - Give Your Heart a Break (Official Video)	PlUk1eRVfu8 85 Demi Lovato: Demi Lovato - Give Your Heart a Break (Audio Only) | spvj__HpG-g 84 Demi Lovato: Demi Lovato - Give Your Heart a Break (An Intimate Performance) | yjSEeCsTkrc 53 Demi Lovato: Demi Lovato - Give Your Heart a Break (Demi Live in Brazil)
Demi Lovato	Neon Lights	v9uDwppN5-w	high	search	95	239	Demi Lovato	Demi Lovato - Neon Lights (Official Video)	KgENp3WX11I 93 Demi Lovato: Demi Lovato - Neon Lights (Official Audio) | I25IBwGIyRc 86 Demi Lovato: Demi Lovato - Neon Lights (Official Lyric Video) | IqHchlHM0HY 84 Demi Lovato: Demi Lovato, The Maine - Neon Lights (with The Maine) (Rock Version) (Lyric Video)
Demi Lovato	Wonderful Christmastime	VOM_ZOlCV5g	high	search	78	156	Demi Lovato	Wonderful Christmastime	TsgZQ35i83k 76 Demi Lovato: Wonderful Christmastime | KgE0RZlFgaw 42 DisneyLyricsOnScreen: Demi Lovato - Wonderful Christmas Time (Lyrics On Screen) - HD | Qc0Q77wgZqU 38 tehfudgie: Demi Lovato - Wonderful Christmas Time HQ ** DL LINK
Demun Jones	Feeling Good	eFCqnFq8sG4	high	search	95	218	Demun Jones	Demun Jones - Feeling Good (Official Music Video)	QBcUa_Tb0jI 94 Demun Jones: Demun Jones - Feeling Good (Official Audio) | XtkNC1M0pb0 39 _Cloverr: Demun Jones - Feeling Good (Lyrics) | jWRC0wrXUPo 38 Redneck Music: Demun Jones - Feeling Good
Deniece Williams	Let's Hear It For The Boy	gI7YHZVc7mM	high	search	100	250	DenieceWilliamsVEVO	Deniece Williams - Let's Hear It for the Boy (Official Video)	"UEi2LjI_igA 87 Deniece Williams - Topic: Let's Hear It for the Boy (From ""Footloose"" Soundtrack) | vzM0JoTyupE 43 Song Lyrics HD: Deniece Williams - Let's Hear It for the Boy (Lyrics HD) | bxPaqffYA5A 39 Clay Culver: Deniece Williams - Let's Hear It for the Boy (1984) HQ"
Depeche Mode	Just Can't Get Enough	_6FBfAQ-NDE	high	search	95	219	Depeche Mode	Depeche Mode - Just Can't Get Enough (Official Video)	"jON3_RHKSls 78 Depeche Mode: Just Can't Get Enough | DLhXHjU-vvM 77 Depeche Mode: Just Can't Get Enough (Remastered 2022) | PhIWuZnagkU 45 INA Chansons: Depeche Mode ""Just can't get enough"" | Archive INA"
Depeche Mode	Policy of Truth	M2VBmHOYpV8	high	search	95	249	Depeche Mode	Depeche Mode - Policy of Truth (Official Video)	SxUhWYjkIJs 79 Depeche Mode: Policy Of Truth (Remastered 2022) | 7smG_3QdYtw 78 Depeche Mode: Policy of Truth | k75AIHRaSos 54 Depeche Mode: Depeche Mode - Policy Of Truth (Live)
Depeche Mode	Strangelove	MHRabky4Ajc	high	search	95	290	Depeche Mode	Depeche Mode - Strangelove (Official Video)	JIrm0dHbCDU 88 Depeche Mode: Depeche Mode - Strangelove (Remastered) | s_q806iYoZQ 77 Depeche Mode: Strangelove | 9dhoYUUNTRI 77 Depeche Mode: Strangelove (Remastered 2022)
Dermot Kennedy	Giants	Fi33qkv4Bjw	high	search	87	192	Dermot Kennedy	Dermot Kennedy - Giants	xxLXfiNvbfk 84 Dermot Kennedy: Dermot Kennedy - Giants (Alternative Video) | TKWxEetgyAI 55 Dermot Kennedy: Dermot Kennedy - Giants (Live from The Graham Norton Show) | oPLY7W5mg7M 46 NewMelody: Dermot Kennedy - Giants (Lyrics)
Destiny's Child	Jumpin', Jumpin'	Vjw92oUduEM	high	search	95	208	Destiny's Child	Destiny's Child - Jumpin’ Jumpin’ (Official Music Video)	3mv-pwKZB_Y 57 Destiny's Child: Destiny's Child - Jumpin', Jumpin' (So So Def Remix - Official Video) | D0FPGAptauI 46 7clouds Rap: Destiny's Child - Jumpin’ Jumpin’ (Lyrics) | SjS152Ldh6s 43 Top Squad: Destiny's Child - Jumpin' Jumpin'
Destiny's Child	So Good	raHulMIPFRA	high	search	95	194	Destiny's Child	Destiny's Child - So Good (Official Audio)	OgDVzIoKN4o 84 Destiny's Child: Destiny's Child - So Good | rVjoQIT6caA 46 Royal Music: Destiny’s Child - So Good (Lyrics) | tp8bc1JxUdE 43 Hip Hop/R&B Lyrics: Destiny’s Child - So Good (Lyrics)
Dexter and The Moonrocks	Sad In Carolina	mQKbAtuXHFk	high	search	87	192	Dexter and The Moonrocks	Dexter and The Moonrocks - Sad In Carolina (Official Lyric Video)	4Fq852cjt20 56 Dexter and The Moonrocks: Dexter and The Moonrocks - Sad In Carolina (Live From Ft. Worth, TX) | C2KxkqDwIVs 40 shinepigeon: DEXTER & The MOONROCKS : Sad In Carolina : {4K Ultra HD}: CEFCU Center Stage : Peoria, IL :  | cHAFrH17VIY 39 TriDav Partners: Dexter and the Moonrocks - Sad in Carolina
DHT & Edmée	Listen to Your Heart (Furious F. EZ Radio Edit)	dAx7JV7Lkss	low	search	38	233	dhtmusic	DHT Featuring Edmée - Listen To Your Heart - Furious EZ Radio Edit	JJS_3tcg3QQ 34 Antonio Cartier: D.H.T. - Listen To Your Heart (Furious F. EZ Radio Edit) (Promo) (HQ) | c_tyVatNP_4 31 hadas108: DHT ft Edmee   Listen To Your Heart Furious F Ez Radio Edit | dcpnBS27QaU 30 BPM10%: D.H.T. - Listen To Your Heart (Furious F. EZ Radio Edit) (2004)
Diana Krall	Jingle Bells (feat. The Clayton-Hamilton Jazz Orchestra )	SABWU6im1do	high	search	87	191	Diana Krall	Diana Krall - Jingle Bells ft. The Clayton-Hamilton Jazz Orchestra	VtwzNkOC7zM 86 Diana Krall: Diana Krall - Jingle Bells (Visualizer) ft. The Clayton-Hamilton Jazz Orchestra | QcGW4aQNA9k 76 Diana Krall: Jingle Bells | 1xJ7J6BvMgM 40 The Sanguine Penguin: Jingle Bells | Diana Krall Featuring The Clayton/Hamilton Jazz Orchestra
Diana Ross	The Boss	1Xthfy1WMfI	high	search	79	242	Diana Ross	The Boss (Single Version)	"1HnnWhANLjk 41 Angelus: Diana Ross - The Boss | jgJtMS8oIhw 39 stardust1963: DIANA ROSS - The Boss with Lyrics | WLc2kSIihYU 38 Slayd5000: Diana Ross - The Boss (12"" Version) (Slayd5000)"
Dierks Bentley	Am I The Only One	Bkzp7Gp2kEU	high	search	95	200	Dierks Bentley	Dierks Bentley - Am I The Only One (Official Music Video)	fi1oM0d6Nwo 83 Dierks Bentley: Dierks Bentley - Am I The Only One - NHL YouTube | as4zI0XDIi0 41 Galaxy: Dierks Bentley - Am I the Only One (lyrics in description) | NQlcTngX9VY 40 Karen Watson: Am I the Only One - Dierks Bentley
Dierks Bentley	American Girl	X5QJvZONiow	high	search	95	203	Dierks Bentley	Dierks Bentley - American Girl (Official Music Video)	"iB-plpZarI8 86 Dierks Bentley: Dierks Bentley - American Girl (Audio) | H73vcjI4MYw 55 Dierks Bentley: Dierks Bentley -- ""American Girl"" (Live at CMA Awards 2024) | 2VEkf4ENoSc 39 The Country Hype: Dierks Bentley - American Girl (lyrics)"
Dierks Bentley	Gold	Sg-F6XonykM	high	search	95	178	Dierks Bentley	Dierks Bentley - Gold (Official Music Video)	Bnr3UKwYnKk 92 Dierks Bentley: Dierks Bentley - Gold (Official Audio Video) | jYf1qjiGeGk 85 Dierks Bentley: Dierks Bentley - Gold (Official Lyric Video) | wJdbUQen1f4 53 Dierks Bentley: Dierks Bentley - Gold (Live From ACM Honors)
Dierks Bentley	I Hold On	zV40NzkqJrw	high	search	95	235	Dierks Bentley	Dierks Bentley - I Hold On (Official Music Video)	"JoT6B18tD2Q 86 Dierks Bentley: Dierks Bentley - I Hold On (Official Lyric Video) | 08esYbGYH_I 83 Dierks Bentley: Dierks Bentley - I Hold On (Official ACM Presents: Our Country Performance) | nh7oeSO-dV8 43 CMT: Dierks Bentley Performs ""I Hold On"" | CMT Storytellers"
Dierks Bentley	Woman, Amen	mXOTJ-tluUU	high	search	95	184	Dierks Bentley	Dierks Bentley - Woman, Amen (Official Music Video)	uhdwU8mGwgk 85 Dierks Bentley: Dierks Bentley - Woman, Amen (Fan Story) | CtnxqWaRG_w 54 Dierks Bentley: Dierks Bentley - Woman, Amen (Live From The Today Show) | 40jlZTtiZSc 53 Dierks Bentley: Dierks Bentley - Woman, Amen (Live on The Ellen DeGeneres Show)
Diplo	Don't Forget My Love (Feat. Miguel)	KLu7QyEpdBM	high	search	95	202	Diplo	Diplo & Miguel - Don't Forget My Love (Official Music Video)	r3ONamuaEdI 85 Diplo: Diplo & Miguel - Don't Forget My Love - NYC Recap | tfwu-Ts8JEE 84 Diplo: Diplo with Miguel - Don't Forget My Love (Official Lyric Video) | LRDZCshjgNw 75 Diplo: Don't Forget My Love (Extended)
Diplo	Lift Me Up (Feat. Local Singles & Jem Cooke)	IIsIADyAKKY	low	search	64	176	Diplo and Higher Ground	Diplo & Local Singles - Lift Me Up (feat. Jem Cooke) [Official Full Stream]	SAWh_N9-e88 38 Top Music Arts: Diplo & Local Singles - Lift Me Up feat. Jem Cooke (Ableton Remake) | BK96UnJ9KV4 38 Electronic Music: LIFT ME UP - DIPLO , LOCAL SINGLES FT JEM COOKE 5 MINUTES EDIT 33/200 | v_NsdkpfCiY 16 Addicted To Music: Diplo, Local Singles, Feat. Jem Cooke - Lift Me Up (Extended Mix) (Higher Ground)
Diplo	On My Mind (feat. SIDEPIECE)	018o0enjGOs	high	search	95	143	Diplo	Diplo & SIDEPIECE - On My Mind (Do You Dance? Official Music Video)	TAKR_6vNJR8 94 Diplo: Diplo & SIDEPIECE - On My Mind (Official Audio) | WusKu-y7xUc 43 Selected.: Diplo & SIDEPIECE - On My Mind | S5rAN-7YlCQ 38 Electric Love: Diplo & SIDEPIECE - On My Mind
Diplo, Cameron Whitcomb	Would U Still Love Me (feat. Cameron Whitcomb)	au1lD_XF9ug	high	manual	62	156	Diplo	Diplo - Would U Still Love Me (feat. Cameron Whitcomb) [Official Lyric Video]	au1lD_XF9ug 39 Diplo and Cameron Whitcomb: Diplo - Would U Still Love Me (feat. Cameron Whitcomb) [Official Lyric Video] | kgxUvFZp-9w 36 VibesOnly: Diplo - Would U Still Love Me (Lyrics) ft. Cameron Whitcomb | EWhPAJkYETg 30 Zand Music: Diplo - Would U Still Love Me (Lyrics) ft. Cameron Whitcomb
Dire Straits	Sultans Of Swing	h0ffIJ7ZO4U	high	search	95	267	Dire Straits	Dire Straits - Sultans Of Swing (Official Music Video)	YyF1FwiYcoQ 78 Dire Straits: Sultans of Swing | 8Pa9x9fZBtY 40 Dire Straits: Dire Straits - Sultans Of Swing (Alchemy Live) | 0fAQhSRLQnM 39 Destin D'Silva: Dire Straits - Sultans Of Swing
Dirty Vegas	Days Go By	gLCduDJVksc	high	search	95	244	Dirty Vegas	Dirty Vegas - Days Go By (Official Video)	"pz9pl5wFWr8 75 Dirty Vegas: Days Go By (Edit) | 2yOz0Gkk5Ko 52 Dirty Vegas: Days Go By (Hydrogen Rockers Vocal Mix) | v4kKL-1F2yI 41 xpert: Dirty Vegas -  ""Days Go By"" (Original version)"
Disclosure	Latch (Feat. Sam Smith)	93ASUImTedo	high	search	87	257	Disclosure	Disclosure - Latch ft. Sam Smith	dZIALyC5I6g 54 Disclosure: Disclosure - Latch (Vevo LIFT Live) ft. Sam Smith | 5uC5RJIoeOE 53 Disclosure: Disclosure - Latch (Live From Central Park) ft. Sam Smith | YT5Kk9YX7ks 46 7clouds Dance: Disclosure - Latch ft. Sam Smith (Lyrics)
Disclosure	She’s Gone, Dance On	QZrcXTHqQ_c	high	search	95	226	Disclosure	Disclosure - She’s Gone, Dance On (Official Video)	N95i9JjIem8 86 Disclosure: Disclosure - She’s Gone, Dance On (Visualizer) | 8ByVQ4AOe4o 45 BBC Music: Disclosure - She's Gone, Dance On | Glastonbury 2024 | VNU7ojYGDug 44 Dan Music: @disclosure - She's Gone, Dance On (Lyrics)
Disclosure	Tondo (feat. Eko Roosevelt)	PD3u5P08UUE	high	search	87	331	Disclosure	Disclosure - Tondo (Visualiser)	z6vg4US3yfI 43 iam TintheL: Disclosure - Tondo (BASS BOOSTED EXTREME)🔊👑🔊 | zlMnEYoyAAg 41 Electric Love: Disclosure & Eko Roosevelt – Tondo | -XzlbhqNx54 40 Bree: Disclosure - Tondo (ft. Eko Roosevelt)
Djo	End of Beginning (NEIL FRANCES Remix)	oPfs86nq2Do	high	search	95	274	Djo Music	Djo - End of Beginning (NEIL FRANCES Remix) (Official Audio)	Kf5pXDhx5Vc 48 Djo Music: End of Beginning | vH5fY14Vufg 39 John Sparxx: Djo - End of Beginning (John Sparxx Remix) (Synthwave) | gx5cjTYBk_A -20 Honestly Amazing Music Radio: Honest Jake - End of Beginning  NEIL FRANCES Remix  Djo (Cover)
DNA	Tom's Diner (feat. Suzanne Vega)	j4jtIDaeaWI	low	search	47	228	Suzanne Vega	Suzanne Vega, DNA - Tom's Diner	"32ZTjFW2RYo 41 CastroDominirican617: Tom's Diner [Long Version] DNA feat. Suzanne Vega (1990) | 91ME0nL8Ugo 40 Blissful Mind: DNA, Suzanne Vega - Tom's Diner (Lyrics) | KQL7VNSCM18 39 董柏緯 - 19 (Hip Hop, Electronic, Pop): DNA feat. Suzanne Vega - Tom's Diner (7"" Version)"
Dom Dolla	Saving Up	5sgc8RJezrE	high	search	94	208	Dom Dolla	Dom Dolla - Saving Up (Official Audio)	yAl6yiQHHNw 87 Dom Dolla: Dom Dolla - Saving Up (Last Night in Vegas Visual) | TX6tMgweDqM 45 Dawn of Music: Dom Dolla - Saving Up (Lyrics) | N1L8d7xYwpY 44 life + lyrics: Dom Dolla - Saving Up (Lyrics)
Don Diablo	Little Lies	EbR_z-7tKT0	low	search	57	188	Don Diablo	Don Diablo - Little Lies | Live at Untold	VNAuErGLa78 41 We Are Hypnotized: Don Diablo - Little Lies (Lyrics) | 033D_9ACwmU 20 Future House Music: Don Diablo - Little Lies (Extended Mix) | hzlJLufLo14 13 FIUTURAM: Don Diablo - Little Lies (Extended Mix)
Don Diablo	Mr. Brightside	hHFymqAf-Zo	high	search	95	304	Don Diablo	Don Diablo - Mr. Brightside | Official Music Video	AYqDp8OtEp0 78 Don Diablo: Mr. Brightside (Extended Version) | _qvLvJ1ovAY 40 Electric Love: Don Diablo – Mr. Brightside | PsS2Ld3Kq54 38 Performance DJ Set: Don Diablo – Mr. Brightside | Official Music
Don Henley	Building The Perfect Beast		none	manual	0	0			JRIKNINTFls 10 Don Henley: Sunset Grill | q0I48oJkoQI 10 Don Henley: A Month Of Sundays | NDYjsPTy70A -19 オーディオ「ハイレゾに背を向けて」: Don Henley/ Building The Perfect Beast B面　Please subscribe to our channel
Don Omar	Danza Kuduro (feat. Lucenzo)	7zp1TbLFPp8	high	search	87	236	Don Omar	Don Omar - Danza Kuduro ft. Lucenzo	jULlUasuxQk 43 Lucenzo: Lucenzo - Danza Kuduro ft. Don Omar | YPlZ-nJewRE 43 Wonderland: Fast Five - Don Omar Ft. Lucenzo - Danza Kuduro.mp4 | ZESyq7kvjeE 41 Musica Milagrosa: Don Omar - Danza Kuduro (Letra/Lyrics) ft. Lucenzo
Donna Summer	Bad Girls	nhyUICuE65Y	high	search	78	296	Donna Summer	"Bad Girls (12"" Version)"	8NigNpgdDW8 77 Donna Summer: Bad Girls (Single Version / Edited) | qaAChk9441Q 75 Donna Summer: Bad Girls | Bucljr7jX3I 50 Streetwalker: Donna Summer - Bad Girls (Official Music Video)
Donna Summer	Hot Stuff	tJxOXzE5A8w	high	search	78	408	Donna Summer	"Hot Stuff (12"" Version)"	L7YK_pbN-Ho 75 Donna Summer: Hot Stuff | PrMw6vzMUuU 44 Ubisoft Music: Just Dance Video Game Hits, Vol. 1 | Hot Stuff (Donna Summer) | KhcaPNuaJNU 42 Mystic Plug Records II: Donna  Summer   --    Hot   Stuff  Video  HQ
Donna Summer	Last Dance	561fy1vqIo8	high	search	79	297	Donna Summer	Last Dance	cd7eNPx5kjk 75 Donna Summer: Last Dance (Single Version) | v22YbORzDD0 56 Donna Summer: Donna Summer - Last Dance (from VH1 Presents Live & More Encore!) | G5rJunb4sIk 40 Jade Disco HD I: Donna Summer - Last Dance [Original Video] (1978)
Donna Summer	On The Radio	qqi-8nv5ngk	high	search	79	245	Donna Summer	On The Radio	LIazjenRvB0 77 Donna Summer: On The Radio (Long Version) | pnPKKd6Wb-E 75 Donna Summer: On The Radio (Long Version) | ICgo-St6IXA 56 Donna Summer: Donna Summer - On the Radio (from VH1 Presents Live & More Encore!)
Donna Summer	She Works Hard For The Money	N8EkGUm9q_A	high	search	87	249	Donna Summer	Donna Summer - She Works Hard For The Money	3STBh9adlNk 78 Donna Summer: She Works Hard For The Money | ci8uvhiU9LE 55 Donna Summer: Donna Summer - She Works Hard for the Money (from VH1 Presents Live & More Encore!) | nUU3rFoLv9k 39 AnotherProf: 1983 HITS ARCHIVE: She Works Hard For The Money - Donna Summer (45 single version--#1 R&B hi
Donny Osmond	Soldier Of Love	AkgoQkFOaYA	high	search	87	230	Donny Osmond	Donny Osmond - Soldier of Love	gH_UA1A1-z0 41 Karen Watson: Soldier of Love - Donny Osmond | eo6frvDf35k 40 Clay Culver: Donny Osmond - Soldier of Love (1989) HQ | uJO9D9LvmE8 39 fraty music: Donny Osmond - Soldier of love
Dr. Alban	It's My Life	oW0VovnyjPY	high	search	89	230	Dr. Alban	Dr.Alban - It's My Life (Official 4K Video)	aBJZsHDJvf0 77 Dr. Alban: It's My Life (Radio Edit) | 06kr--NcFR8 51 RedOne Records: Chawki - It's My Life Feat. Dr. Alban (Official Music Video) | GsW6tL23hAw 39 Lyrics Heaven: Dr Alban - It's My Life (Lyrics)
Dragonette	Summer Thing (Kryder Remix)	BmlPE6IwB_g	high	search	79	163	DragonetteBand	Summer Thing (Kryder Remix)	Kd1hA0N0Rro 78 DragonetteBand: Summer Thing (Kryder Extended Remix) | jxxUzFzrdNQ 47 DragonetteBand: Summer Thing (Extended Mix) | MnjDravT1R4 45 DragonetteBand: Summer Thing
Drake	Hold On, We're Going Home (feat. Majid Jordan)	GxgqpCdOKak	high	search	87	422	Drake	Drake - Hold On, We’re Going Home ft. Majid Jordan	QKYkZnxZ3ZA 40 FlowSoSynthesis: Drake - Hold On, We're Going Home | hLrWgoxGA-w 38 Pillow: Hold On We're Going Home - Drake (Lyrics) 🎵 | Ni6izPw1xSU 33 wifi Pictures: Hold On, We're Going Home (feat. Majid Jordan)
Drake	Massive	ay1l_u6vltY	high	search	87	338	Drake	Drake - Massive	cUarxvmJxQo 62 Drake Media: Drake - Massive | GYhszifemmE 46 Dan Music: Drake - Massive (Lyrics) | ySwhoHqf1-g 44 Unique Sound: Drake - Massive (Lyrics)
Drake	Massive (Clean Version)	ay1l_u6vltY	high	search	87	338	Drake	Drake - Massive	cUarxvmJxQo 62 Drake Media: Drake - Massive | GYhszifemmE 46 Dan Music: Drake - Massive (Lyrics) | ySwhoHqf1-g 44 Unique Sound: Drake - Massive (Lyrics)
Drake	One Dance (feat. WizKid)	FOqKN-ouAUE	low	search	69	175	Drake Media	One Dance (feat. WizKid & Kyla) - Drake (Official Audio)	vcer12OFU2g 53 Drake: Drake - One Dance (Live On SNL) ft. Wizkid, Kyla | mym4sKoAnKs 48 Dymnd: One Dance (feat. WizKid & Kyla) - Drake (Official Audio) | ki0Ocze98U8 47 Billion Stars: Drake - One Dance (Lyrics) ft. Wizkid & Kyla
Drake	Take Care (feat. Rihanna) (Clean Version)	-zzP29emgpg	high	search	87	249	Drake	Drake - Take Care ft. Rihanna	5bBcMt4mS2o 77 Drake: Take Care | aE_ypzhbVFI 47 RealWorldMusicVEVO: Drake Take Care Feat. Rihanna (Official Music Video 2012) | 0RqEHihKs4U 46 Taj Tracks: Drake, Rihanna - Take Care (Lyrics)
Drake Milligan	Kiss Goodbye All Night	dQI-rptGvS0	high	search	95	189	Drake Milligan	Drake Milligan - Kiss Goodbye All Night (Official Music Video)	9XqMEivwE-A 94 Drake Milligan: Drake Milligan - Kiss Goodbye All Night (Official Audio) | HRxpv5xoV24 53 Drake Milligan: Drake Milligan - Kiss Goodbye All Night (Live in Indio, CA – April 25, 2025) | W3GnaIrW0OE 39 The Country Vibe: Drake Milligan - Kiss Goodbye All Night (lyrics)
Drake Milligan	Sounds Like Something I'd Do	OYtxnoCH0Cw	high	search	95	189	Drake Milligan	Drake Milligan - Sounds Like Something I'd Do (Official Music Video)	"zolPEhldSRc 94 Drake Milligan: Drake Milligan - Sounds Like Something I'd Do (Official Audio) | YVHNMcb9qm4 83 Drake Milligan: Drake Milligan - Sounds Like Something I'd Do (Lyric Video) | ecTlsCL0JHk 43 Talent Recap: Country Singer Drake Milligan Performs His HIT Song ""Sounds Like Something I'd Do"" on AGT F"
Drew Baldridge	Dance With Ya	Ygpj0HGNGg4	high	search	95	217	Drew Baldridge	Dance With Ya | OFFICIAL VIDEO | Drew Baldridge	"ok0swrQUAzo 86 Drew Baldridge: Dance With Ya | Drew Baldridge | Original Song | nnsHoDSdukw 85 Drew Baldridge: ""Dance With Ya"" | Drew Baldridge | Original Song | KUXLA_oz3yo 38 Jonathan Sk: Drew Baldridge - Dance With Ya (Lyrics)"
Drew Baldridge	She's Somebody's Daughter	SV-Mb4p2ABM	high	search	95	214	Drew Baldridge	Drew Baldridge - She's Somebody's Daughter (The Wedding Version) (Official Music Video)	Nky-gRieX0Q 77 Drew Baldridge: She's Somebody's Daughter | qjpCY10tO2g 41 FreeVibingMusic: Drew Baldridge - She's Somebody's Daughter (Lyrics) | YAd-gL2v2nE 32 Drew Baldridge: Drew Baldridge, Lathan Warlick - She's Somebody's Daughter (Remix) [Official Music Video]
du0	Walking on a Dream	NJc0CRshPNM	high	search	86	201	du0	Du0 - Walking on A Dream (Lyric Video)	M4tP7DrdgS0 47 MrSuicideSheep: du0 - Walking On A Dream | eimgRedLkkU 45 Empire Of The Sun: Empire Of The Sun - Walking On A Dream (Official Music Video) | SP6d5zyWdIo 31 sleepy cat: Empire of the Sun - Walking On a Dream (Lyrics) (From True Spirit)
Dua Lipa	Be The One	-rey3m8SWQI	high	search	95	205	Dua Lipa	Dua Lipa - Be The One (Official Music Video)	b2y-NcYgICc 45 Dan Music: @dualipa - Be The One (Lyrics) | tXlQzxZSrpU 43 BBC Music: Dua Lipa - Be The One (Glastonbury 2024) | pnC0E2LMV-s 43 7clouds: Dua Lipa - Be The One (Lyrics)
Dua Lipa	Break My Heart (Jax Jones Midnight Snack Remix)	Le0FrIGCxq8	high	search	79	224	Dua Lipa	Break My Heart (Jax Jones Midnight Snack Remix)	T2dQ2ryIad0 40 3853 Music: Dua Lipa – Break My Heart (Jax Jones Midnight Snack Remix) | O_2Zo3M3rRo 39 MUSIC CAFE: Dua Lipa – Break My Heart (Jax Jones Midnight Snack Remix) | pzP5n9cFeJQ 38 LYRICS SHOP: Dua Lipa - Break My Heart [Jax Jones Midnight Snack Remix] (Lyrics)
Dua Lipa	Don't Start Now	oygrmJFKYZY	high	search	95	182	Dua Lipa	Dua Lipa - Don't Start Now (Official Music Video)	YSoT3T58QFY 55 Dua Lipa: Dua Lipa - Don't Start Now (Live in LA, 2019) | -Wyum8FwMtw 54 Dua Lipa: Dua Lipa - Don't Start Now (Live at the MTV EMAs 2019) | LcrahEiFuUM 51 slidesubs: Dua Lipa - Don’t Start Now (Official Audio)
Dua Lipa	End Of An Era	hWw3dS2cyLc	high	search	87	197	Dua Lipa	Dua Lipa - End Of An Era (Official Visualiser)	6Zhx6ZKAQ9w 77 Dua Lipa: End Of An Era (Extended) | nI2YRqrHxfk 54 Dua Lipa: Dua Lipa - End Of An Era (Live From Mexico) | CjYmSRBIM6I 53 Dua Lipa: Dua Lipa - End Of An Era (Live from the Royal Albert Hall)
Dua Lipa	Fever (feat. Angèle)	vs61OHs2g-w	high	search	95	245	Dua Lipa	Dua Lipa, Angèle - Fever (Official Music Video)	wMBNpVQ0k_k 94 Dua Lipa: Dua Lipa & Angèle – Fever (Official Audio) | 8f_Y7b5iiTc 85 Dua Lipa: Dua Lipa & Angèle – Fever (Official Lyric Video) | p05FFEahf-0 44 7clouds: Dua Lipa & Angèle - Fever (Lyrics)
Dua Lipa	Houdini	suAR1PYFNYA	high	search	95	189	Dua Lipa	Dua Lipa - Houdini (Official Music Video)	Bmk7pyla-4Y 84 Dua Lipa: Dua Lipa - Houdini (London Sessions) | AO6PocKRfKM 53 Dua Lipa: Dua Lipa - Training Season / Houdini (Live at The GRAMMYs 2024) | Jq-Mrc5WCtQ 41 LatinHype: Dua Lipa - Houdini
Dua Lipa	Illusion	a9cyG_yfh1k	high	search	95	187	Dua Lipa	Dua Lipa - Illusion (Official Music Video)	GGlTV5HYywc 84 Dua Lipa: Dua Lipa - Illusion (Official Visualiser) | 5QmLOfz1L5M 55 Dua Lipa: Dua Lipa - Illusion (Live on SNL) | MncDnhEQ_q8 43 TrendingTracks: Dua Lipa - Illusion (Clean - Lyrics)
Dua Lipa	Training Season	ZjBZ8MUnB0E	high	search	95	227	Dua Lipa	Dua Lipa - Training Season (Official Music Video)	3W9zTpRFlzw 84 Dua Lipa: Dua Lipa - Training Season (Lyric Video) | 3DcoC8p9az8 56 Dua Lipa: Dua Lipa - Training Season (Live from the Royal Albert Hall) [Official Performance Video] | duW0dqdB4mw 53 Dua Lipa: Dua Lipa - Training Season (Live at the BRIT Awards 2024)
Dua Lipa	We're Good (Dillon Francis Remix)	gbj0Tvwnb04	high	search	95	187	Dua Lipa	Dua Lipa - We’re Good (Dillon Francis Remix) [Official Audio]	bQzxBqDpT04 75 Dua Lipa: We're Good (Dillon Francis Remix) (Radio Edit) | jr47YisIsz8 63 Dua Lipa: Dua Lipa - We're Good (Official Music Video) | 21Q7Mxp7pfY 54 Dillon Francis: Dua Lipa - We’re Good (Dillon Francis Remix) [Official Audio]
Duke Dumont	I Got U (feat. Jax Jones)	FHCYHldJi_g	high	search	95	239	Duke Dumont	Duke Dumont - I Got U (Official video) ft. Jax Jones	TDQq2QWQy-Q 84 Duke Dumont: Duke Dumont - I Got U (Lyric Video) ft. Jax Jones | SeU1thuqwBQ 75 Duke Dumont: I Got U (Radio Edit) | h3smNzpIngQ 41 Artur Rohtla: Duke Dumont feat. Jax Jones - I Got U
Duke Dumont	Ocean Drive	KDxJlW6cxRk	high	search	87	208	Duke Dumont	Duke Dumont - Ocean Drive	6cAZ6FVduxo 60 Duke Dumont: Duke Dumont - Ocean Drive (Extended Mix) | 8CLjp7EoeJc 54 Duke Dumont: Duke Dumont - Ocean Drive (Live at Red Rocks) | zsj92zoR-q4 41 7clouds Indie: Duke Dumont - Ocean Drive (Lyrics)
Duran Duran	Hungry Like The Wolf	oJL-lCzEXgI	high	search	95	223	Duran Duran	Duran Duran - Hungry like the Wolf (Official Music Video)	yLrF5j7up9Q 80 Duran Duran: Hungry Like the Wolf (2001 Remaster) | M6wVJOrxsfo 78 Duran Duran: Hungry Like the Wolf (Night Version) [2009 Remaster] | A-H-0p5RKc8 77 Duran Duran: Hungry Like the Wolf
Duran Duran	INVISIBLE	SMCd5zrsFpE	high	search	95	207	Duran Duran	"Duran Duran - ""INVISIBLE"" (Official Music Video)"	kHsVHAcpULA 60 Duran Duran and Baloise Session: Duran Duran perform INVISIBLE at Baloise Session | FKwVFWwA_x8 41 Music 4: Duran Duran - INVISIBLE | RoYXgdHafBA 40 Yoda: Duran Duran - invisible Metal Gear Version
Duran Duran	Notorious	Z9z0e1Wm64M	high	search	95	240	Duran Duran	Duran Duran - Notorious (Official Music Video)	Toh39G6rKEw 80 Duran Duran: Notorious (2010 Remaster) | OrJ-3Z5gn3k 62 DuranDuranMusic1: Duran Duran - Notorious | zpG6zxPkLSU 38 huntertom: Duran Duran- Notorious
Dustin Lynch	Good Girl	cPLctS4kqk8	high	search	95	209	Dustin Lynch	Dustin Lynch - Good Girl (Official Music Video)	IfZqHBtGzDs 86 Dustin Lynch: Dustin Lynch - Good Girl (Lyric Video) | 4_rRBufuO6c 76 Dustin Lynch: Good Girl | GJSQCFU1_jI 53 Dustin Lynch: Dustin Lynch - Good Girl (Live Performance) | Vevo
Dustin Lynch	Party Mode	FaYAmqXiYKE	high	search	95	232	Dustin Lynch	Dustin Lynch - Party Mode (Official Music Video)	KwbiHxNUN1I 86 Dustin Lynch: Dustin Lynch – Party Mode (Official Lyric Video) | yku9kbUj7t8 85 Dustin Lynch: Dustin Lynch - Party Mode (Audio) | CU6RUhqZWa0 39 Overdose : Dustin Lynch - Party Mode (Lyrics)
Dwight Yoakam	Wide Open Heart	l5xWeN1WTrU	high	search	79	226	Dwight Yoakam	Wide Open Heart	dED7hj1TNRg 40 Ron Shiflet: Wide Open Heart by Dwight Yoakam | dgm8BwAzI98 38 RadioDdt: Dwight Yoakam - Wide Open Heart | cIqGUTn9AEU 27 Dwight Yoakam: Dwight Yoakam - The Heart That You Own (Official Video)
Dylan Scott	What He'll Never Have	Yo3p0Lc509w	high	search	93	163	Dylan Scott	Dylan Scott - What He'll Never Have (Official Music Video)	"V1DEpNYaIPU 87 Dylan Scott: Dylan Scott - What He'll Never Have (In The Woods) | GN4o44ke-nw 43 CMT: Dylan Scott Performs ""What He'll Never Have"" | CMT Studio Sessions | q6Y1waO5drw 41 CountryHype: Dylan Scott - What He'll Never Have (Lyrics)"
Eagles	Already Gone	NkqUMG6uycM	high	search	95	256	Eagles	Eagles - Already Gone (Official Audio)	W8o_C50JFkc 41 TresBienEnsemble: Eagles - I'm Already Gone | Y6883CIMTnQ 40 AN: Eagles - Already Gone (California Jam Festival, 1974) | SQLEOqIAjhM 39 Marco Tovar Jr.: Eagles - Already Gone (Studio Version)
Eagles	Take It Easy	5igDtWadYms	high	search	95	213	Eagles	Eagles - Take it Easy (Official Audio)	VzEmHYEggxM 78 Eagles: Take It Easy (2018 Remaster) | s0ZZHNRHA2g 77 Eagles: Take It Easy (2008 Remaster) | AaBw37-nWaY 66 Eagles: Eagles - Take It Easy (Live on MTV 1994) (Official Video) [HD]
Earth, Wind & Fire	Boogie Wonderland	god7hAPv8f0	high	search	95	293	Earth Wind & Fire	Earth, Wind & Fire - Boogie Wonderland (Official Video)	_93PWvC2_vU 86 Earth Wind & Fire: Earth, Wind & Fire, The Emotions - Boogie Wonderland (Audio) | SIBRmK74Tzk 75 Earth Wind & Fire: Boogie Wonderland | EXanXGVWjJ0 45 Timeless Tracks: Earth, Wind & Fire - Boogie Wonderland (Lyrics)
Earth, Wind & Fire	Let's Groove	8D4hcrkI2xU	high	search	94	341	Earth Wind & Fire	Earth, Wind & Fire - Let's Groove (Official Audio)	Lrle0x_DHBM 89 Earth Wind & Fire: Earth, Wind & Fire - Let's Groove (Official HD Video) | ULnyvnFgvHo 75 Earth Wind & Fire: Let's Groove | mLkP13qmQTY 45 Dan Music: Earth, Wind & Fire - Let's Groove (Lyrics) let's groove tonight tiktok
Easton Corbin	A Girl Like You	Qjcus0-Gc_U	high	search	87	218	Easton Corbin	Easton Corbin - A Girl Like You (Audio)	Y9xWE7ol1qY 86 Easton Corbin: Easton Corbin - A Girl Like You (Lyric Video) | tFXho8JvHyg 45 Easton Corbin: Easton Corbin - A Girl Like You (Acoustic) | 5TqkmI7dqoE 39 Redhot Amazing: Easton Corbin - A Girl Like You
Ed Sheeran	Azizam	MI9ZpIKgyf0	high	search	95	208	Ed Sheeran	Ed Sheeran - Azizam (Official Music Video)	q_48vyHWls4 86 Ed Sheeran: Ed Sheeran - Azizam (Pink Heart Video) | PeuA_714KQg 83 Ed Sheeran: Ed Sheeran - Azizam (Lyric Video) | I66_rC6o4K4 76 Ed Sheeran: Azizam
Ed Sheeran	Bad Habits	orJSJGHjBLI	high	search	95	241	Ed Sheeran	Ed Sheeran - Bad Habits [Official Video]	HeOpRzcqKrE 86 Ed Sheeran: Ed Sheeran - Bad Habits [Official Lyric Video] | Bms39BUQBFw 84 Ed Sheeran: Ed Sheeran - Bad Habits [Official Lyric Video] | HuzlYAMwwJY 53 Ed Sheeran: Ed Sheeran – Bad Habits (feat. Bring Me The Horizon) [Live at the BRIT Awards 2022]
Ed Sheeran	Bad Habits (Joel Corry Remix)	lu-GNjA5R68	low	search	47	191	Joel Corry	Ed Sheeran - Bad Habits [Joel Corry Remix]	yHFn2tAq9X8 41 Stranger Network: Ed Sheeran - Bad Habits (Joel Corry Extended Remix) | zXk0AOZlNLM 40 RitmoLyrics: Ed Sheeran - Bad Habits (Joel Corry Remix) | KpiyjjCcErw 39 This Vibe: Ed Sheeran - Bad Habits (Joel Corry Extended Remix)
Ed Sheeran	Camera (CYRIL Remix)	YrtWAxcQbWs	low	search	64	163	CYRIL and Ed Sheeran	Ed Sheeran - Camera (CYRIL Remix)	O8WXFI_MSAI 62 Ed Sheeran: Ed Sheeran - Camera (Official Music Video) | aK0dhltbsEc 41 Sunset Sounds: Ed Sheeran - Camera (CYRIL Remix) | Lyrics | 5JT5LmEs0Tc 40 soundbox Records: Ed Sheeran - Camera (CYRIL Remix)
Ed Sheeran	Castle on the Hill	K0ibBPhiaG0	high	search	95	288	Ed Sheeran	Ed Sheeran - Castle On The Hill [Official Music Video]	7Qp5vcuMIlk 86 Ed Sheeran: Ed Sheeran - Castle On The Hill [Official Lyric Video] | P2Q5VZlVOro 43 Atlantic Records: Ed Sheeran - Castle On The Hill (Billboard Music Awards 2017) | 8PE4R4-Auyo 40 Pillow: Castle On The Hill - Ed Sheeran (Lyrics) 🎵
Ed Sheeran	I Don't Care (Feat. Justin Bieber)	y83x7MgzWOA	high	search	95	223	Ed Sheeran	Ed Sheeran & Justin Bieber - I Don't Care [Official Music Video]	CCSGelSCPGE 86 Ed Sheeran: Ed Sheeran & Justin Bieber - I Don't Care [Official Lyric Video] | ymjNGjuBCTo 54 Ed Sheeran: Ed Sheeran - I Don't Care (Live At Abbey Road) | E8EK3dsszw0 51 Justin Bieber: Ed Sheeran & Justin Bieber – I Don’t Care (Official Audio)
Ed Sheeran	Shivers (Jax Jones Remix)	ZBlhXryUENA	high	search	87	208	Ed Sheeran	Ed Sheeran - Shivers [Jax Jones Remix]	M0tURUPF9mI 78 Ed Sheeran: Shivers (Jax Jones Remix) | oOqBx7wMhvE 43 Music Vibes Star: Ed Sheeran - Shivers (Jax Jones Remix) (Lyrics) | LW4RmS4TVXk 40 This Vibe: Ed Sheeran - Shivers (Jax Jones Extended Remix)
Eddie Money	Take Me Home Tonight	3aJvIFK9-xk	high	search	100	214	EddieMoneyVEVO	Eddie Money - Take Me Home Tonight/Be My Baby (Official Video) ft. Ronnie Spector	"QIpkkM0mkLg 87 Eddie Money - Topic: Take Me Home Tonight | up6uL6xgoC4 44 Letterman: Eddie Money & Ronnie Spector Perform ""Take Me Home Tonight"" | Letterman | rWX7is4XHfI 41 RockHype: Eddie Money - Take Me Home Tonight"
Eddie Money	Think I'm In Love	MJbBSIFN36k	high	search	92	187	EddieMoneyVEVO	Eddie Money - Think I'm In Love	nUUQvuMPMUU 88 Eddie Money - Topic: Think I'm In Love | lQKkYfBfZO4 43 7clouds Rock: Eddie Money - Think I'm In Love (Lyrics) | CZ4kVhXn0lU 40 Pop Rock on MV: Eddie Money - I Think I'm In Love - 8/16/1982 - Kabuki Theatre
Eddie Money	Two Tickets To Paradise	JxcUmAVG3RQ	high	search	91	241	Eddie Money - Topic	Two Tickets to Paradise (2022 Remaster)	RTqCusP0uzQ 86 Eddie Money - Topic: Two Tickets To Paradise (Album Version) | 5FtHhUDo-08 61 EddieMoneyVEVO: Eddie Money - Two Tickets to Paradise (Live 1987) | qbb6jhEbWRw 43 7clouds Rock: Eddie Money - Two Tickets to Paradise (Lyrics)
Eddie Murphy	Party All The Time	iWa-6g-TbgI	high	search	95	250	Eddie Murphy	Eddie Murphy - Party All the Time (Official Video)	U5d4ENMPQ4U 45 Hip Hop/R&B Lyrics: Eddie Murphy - Party All the Time (Lyrics) | 8NG3FKSfitU 41 NikkinMusic: Eddie Murphy - Party All The Time | NjVmt_y4t2s 41 PlanetOfSaiyans: Eddie Murphy - Party All The Time [Remastered]
Eddie Rabbitt	Drivin' My Life Away	s6JJ1qoS_0w	high	search	79	197	Eddie Rabbitt	Drivin' My Life Away (Single)	85FjvRefXAY 79 Eddie Rabbitt: Drivin' My Life Away (2009 Remaster) | oMRR4DP61Ao 75 Eddie Rabbitt: Drivin' My Life Away | Pu82VMf8enI 43 NVNCBL: Eddie Rabbitt - Drivin' My Life Away (1980 HD 720p)
Eddy Grant	Electric Avenue	Yxep-9BQ6Uo	high	search	87	192	EddyGrantOfficial	Eddy Grant - Electric Avenue	gldHHrqacbA 53 EddyGrantOfficial: Eddy Grant -  Electric Avenue (Live in Cape Town) | azuSxl9sHmc 48 Timeless Music: Eddy Grant - Electric Avenue (HD Audio) | nNNg2RXgtdI 46 1980sVEVO: Eddy Grant - Electric Avenue (Official Music Video)
EDX	Missing (feat. Mingue)	umqfyTclAK4	low	search	55	199	Spinnin' Records	EDX - Missing (ft. Mingue) [Official Music Video]	jpIjgylSqWo 46 Kontor FM: EDX feat. Mingue - Missing | v3kpatPa-yM 23 Raymond Burgess: EDX feat. Mingue – Missing (Music video) | 8Wd8hxZ3qA4 18 Spinnin' Records: EDX - Missing (feat. Mingue) [Samuele Sartini Remix] (Official Audio)
Electric Light Orchestra	Livin' Thing	lvBOZCrJsAI	low	search	55	213	ELO	Electric Light Orchestra - Livin' Thing (Official Video)	H48j3KGBomU 46 ELO: Electric Light Orchestra - Livin' Thing (Audio) | uG00HPxh-ag 43 7clouds Rock: Electric Light Orchestra - Livin' Thing (Lyrics) | glLkNo60t3w 30 debandana: ELO - Livin' Thing (1977)
Electric Light Orchestra	Mr. Blue Sky	aQUlA8Hcv4s	low	search	55	295	ELO	Electric Light Orchestra - Mr. Blue Sky (Official Video)	s7dTBoW5H9k 51 ELO: Electric Light Orchestra - Mr. Blue Sky (Official Audio) | G8dsvclf3Tk 44 ELO: Electric Light Orchestra - Mr. Blue Sky (Official Animated Video) | sQiPtneudlo 43 7clouds Rock: Electric Light Orchestra - Mr Blue Sky (Lyrics)
Electric Light Orchestra	Turn To Stone	vGvlYRwAzAs	low	search	52	224	ELO	Electric Light Orchestra - Turn To Stone (Official Video)	BDhJU_cNCZE 47 ELO: Electric Light Orchestra - Turn To Stone (Audio) | 1dTrT_yBzW4 40 DaveOW: Electric Light Orchestra - Turn To Stone (Music Video) | VpkJ47NB3Nw 35 ELO: Turn to Stone (2012 Version)
Eli Young Band	Crazy Girl	J3HwFtdVTfM	high	search	87	244	Eli Young Band	Eli Young Band - Crazy Girl (Official Version)	wVo5j_PgZ7A 86 Eli Young Band: Eli Young Band - Crazy Girl (Lyric Video) | opTWHnmaUbU 83 Eli Young Band: Eli Young Band - Crazy Girl (New Version) | HoOgtCcpSLA 40 Cosmos Music: Eli Young Band - Crazy Girl (Lyrics)
Eliza Rose	Body Moving (Feat. Calvin Harris)	lWIQg5KRw9c	high	search	95	154	Eliza Rose	Eliza Rose, Calvin Harris - Body Moving (Official Video)	amKyO8tsIzc 94 Eliza Rose: Eliza Rose, Calvin Harris - Body Moving (Official Audio) | QZWEcUkAAqE 56 Eliza Rose: Eliza Rose, Calvin Harris - Body Moving (Special Request Remix - Official Audio) | xNqQZ6bKzzI 45 The Vibe Guide: Calvin Harris, Eliza Rose - Body Moving (Lyrics)
Ella Fitzgerald	Let It Snow! Let It Snow! Let It Snow!	6zBznSJjSGE	high	search	85	165	Ella Fitzgerald	Ella Fitzgerald - Let It Snow! Let It Snow! Let It Snow! (Cozy Holiday Fireplace)	ZY6ReHvaCyk 75 Ella Fitzgerald: Let It Snow! Let It Snow! Let It Snow! | eJ2OWo0wfiU 72 Verve Records and Ella Fitzgerald: Ella Fitzgerald - Let It Snow! Let It Snow! Let It Snow! (Official Aud | 0CFjfxMF8RA 41 Praguedive: Ella Fitzgerald - Let it snow! Let it snow! Let it snow!
Ella Langley	weren't for the wind	U4NPZi2b0aQ	high	search	95	203	Ella Langley	Ella Langley - weren't for the wind (Official Video)	sV_8fFSGUyI 94 Ella Langley: Ella Langley - weren't for the wind (Official Visualizer) | IkQyB3mMpFo 53 Ella Langley: Ella Langley - weren’t for the wind (Live) | Vevo DSCVR Artists to Watch 2025 | 8fNhoHoGUe4 44 Country Paradise: Ella Langley - weren't for the wind (Lyrics)
Elli Moore	Snow Angel	q43dLcFMru0	high	search	87	211	Elli Moore	Snow Angel - Elli Moore	"owyKkoDQEIY 38 Escola de Música Núria Garriga: Snow Angel (Elli Moore) - Cor Juvenil | Concert de Nadal Rubí 2024 | EBtvVl-5I0w 31 Ballet Dance Academy: ""Snow Angel"" by Ballet Dance Academy at Christmas Dance Festival VII (CDF7) | Oj3F63x4oic 30 Sean O'Shea (Music): Snow Angel (Original Song)"
Ellie Goulding	Lights	0NKUpo_xKyQ	high	search	95	214	Ellie Goulding	Ellie Goulding - Lights (Official Video)	V9RbUwvqc2U 44 7clouds: Ellie Goulding - Lights (Lyrics) | YW8f48XbvIA 41 British Pop Bangers: Ellie Goulding - Lights (Lyrics) | 6kZOhHP8zD0 40 Gouldigger: Ellie Goulding - Lights (Original Version)
Ellie Goulding	On My Mind	H202k7KfZL0	high	search	95	245	Ellie Goulding	Ellie Goulding - On My Mind (Official Video)	f9FhdEn_GCU 84 Ellie Goulding: Ellie Goulding - On My Mind | eDXBTLhlIIs 62 Ellie Goulding - Fanmade: Ellie Goulding - On My Mind (Audio) | jwV6qVg5VJg 41 Audioandlyrics: Ellie Goulding - On My Mind (Lyrics)
Elton John	Cold Heart - Claptone Remix	MVNDvUCuDGw	high	search	87	184	Elton John	Elton John, Dua Lipa - Cold Heart (Claptone Remix / Visualiser)	2nrM51anmcE 13 Fernando Export: Claptone - [Elton John & Dua Lipa - Cold Heart (Claptone Remix)] | qod03PVTLqk 3 Elton John: Elton John, Dua Lipa - Cold Heart (PNAU Remix) (Official Video) | lImsPi5RGGo -41 Nutria: Elton John Dua Lipa - Cold Heart PNAU Remix Extended
Elton John	Crocodile Rock	75r0nQu-hMs	high	search	79	236	Elton John	Crocodile Rock	LGB4PZ13ruw 77 Elton John: Crocodile Rock (Remastered 2017) | JrpI7WbJcO8 56 Elton John: Elton John - Crocodile Rock (Live At Madison Square Garden) | KY_AqsdLMJc 40 SirEJ47: Elton John - Crocodile Rock
Elton John	Don't Go Breaking My Heart (feat. Kiki Dee)	z0qW9P-uYfM	high	search	87	256	Elton John	Elton John, Kiki Dee - Don't Go Breaking My Heart (with Kiki Dee)	DH7kBuZ5GZk 78 Elton John: Don't Go Breaking My Heart (Remastered) | NgNm1ADpQO0 40 Pillow: Don't Go Breaking My Heart - Elton John With Kiki Dee (Lyrics) 🎵 | c0L5CoYnsvE 35 Elton John HD Collection: Elton John & Kiki Dee LIVE HD REMASTERED - Don't Go Breaking My Heart (One Nigh
Elton John	Hold Me Closer (Feat. Britney Spears)	qExVlz3zb0k	high	search	95	205	Elton John	Elton John, Britney Spears - Hold Me Closer (Official Video)	8hLtlzkoGPk 86 Elton John: Elton John, Britney Spears - Hold Me Closer (Visualiser) | kz50KmOzPHM 84 Elton John: Elton John, Britney Spears - Hold Me Closer (Lyric Video) | qN2tx4P6ang 38 thelittlechild: Elton John & Britney Spears - Hold Me Closer [Audio]
Elton John	I Don't Wanna Go On With You Like That	kaJRvZZBnX8	high	search	87	276	Elton John	Elton John - I Don't Wanna Go On With You Like That	4zzO07UbbDg 80 Elton John: I Don't Wanna Go On With You Like That (Remastered) | lmRZTY-TAFY 39 Micka Décamps: Elton John - I Don't Wanna Go On With You Like That (1988) | hl_8pjfH6q0 38 Yolanda Castañeda Garcia: I don't wanna go on with you like that lyrics-Elton John
Elton John	I Don't Wanna Go On With You Like That (Shep Pettibone Mix)	kaJRvZZBnX8	high	search	86	276	Elton John	Elton John - I Don't Wanna Go On With You Like That	zryykVVxAB0 79 Elton John: I Don't Wanna Go On With You Like That (Shep Pettibone Mix) | 4zzO07UbbDg 79 Elton John: I Don't Wanna Go On With You Like That (Remastered) | lKI9BoBieGY 38 RETROREMIXES1: Elton John - I Don't Wanna Go On With You Like That (Shep Pettibone 12 Inch Mix)
Elton John	I'm Still Standing	ZHwVBirqD2s	high	search	87	183	Elton John	Elton John - I'm Still Standing	RMndME63PMo 79 Elton John: I'm Still Standing (Remastered) | MJ_aPtt4U8M 46 Taj Tracks: Elton John - I'm Still Standing (Lyrics) | QHMoeH2xtxI 43 King's Trust Music: Elton John - I'm Still Standing ft. Eric Clapton (The Prince's Trust Rock Gala 1986)
Elton John	Philadelphia Freedom	gM4Xm2MGLNQ	high	search	79	325	Elton John	Philadelphia Freedom	sOF6_kHBkyg 78 Elton John: Philadelphia Freedom | A-Icb_0EchQ 40 Smurfstools Oldies Music Time Machine: NEW * Philadelphia Freedom - Elton John {Stereo} 1975 | hwcmvKvc91Q 38 moondoggy: Elton John - Philadelphia Freedom (1975)
Elton John	Pinball Wizard	xyFB3QjGX0A	high	search	80	310	Elton John	Pinball Wizard (Remastered 1995)	"G6gZ2kFyKF0 77 Elton John: Pinball Wizard (2000 Remaster) | BU9QOhMQ9Jw 77 Elton John: Pinball Wizard (Remastered 2017/ From ""Tommy"" Original Motion Picture Soundtrack) | ZEf32mkCXps 63 Elton John HD Collection: Elton John FULL HD - Pinball Wizard (The Red Piano, Las Vegas | 2005)"
Elton John	Saturday Night's Alright For Fighting	NagnbRHdh-0	high	search	86	410	Elton John	Elton John - Saturday Night’s Alright (For Fighting) (Central Park, NYC 1980)	AhnZEmnuzgM 81 Elton John: Saturday Night’s Alright (For Fighting) (Remastered 2014) | IpXxDbInSkU 77 Elton John: Saturday Night's Alright (For Fighting) | dmF6vmUVSsc 39 bccsrox: Elton John - Saturday Night's (Alright for Fighting) - Wembley 1984 (HQ Audio)
Elton John	Step Into Christmas	dVptrkqoUDc	high	search	91	297	Elton John	Elton John - Step Into Christmas (Official Video 2024)	IbRtGMm96F8 87 Elton John: Elton John - Step Into Christmas | Jay_-l6NaC8 85 Elton John: Elton John - Step Into Christmas (Lyric Video) | QWMqfKjJoKc 83 Elton John: Elton John - Step Into Christmas (Gilbert O’Sullivan Show, 1973)
Elvis Costello	Watching The Detectives	snPDoXl9ZPs	high	search	87	220	Elvis Costello	Elvis Costello - Watching The Detectives	k1Qnt5bx1OI 41 Sumner Coy (Zoot Alours): Elvis Costello - Watching the Detectives | K--POHTLGY0 40 30KWPA: ELVIS COSTELLO - Watching The Detectives (1978) | npaVTOFplkY 39 Renato Trap: Elvis Costello - Watching The Detectives
Elvis Presley	Burning Love	zf2VYAtqRe0	high	search	95	178	Elvis Presley	Elvis Presley - Burning Love (Official Audio)	TmnqKmgesw4 83 Elvis Presley: Elvis Presley - Burning Love (Official Lyric Video) | 1w4VEc92Y_4 77 Elvis Presley: Burning Love | 0SUC8sdP5eI 56 Elvis Presley: Elvis Presley - Burning Love (Aloha From Hawaii, Live in Honolulu, 1973)
Elvis Presley	Jailhouse Rock	PpsUOOfb-vE	high	search	95	156	Elvis Presley	Elvis Presley - Jailhouse Rock (Official Audio)	xqBdTn3_0Rw 83 Elvis Presley: Elvis Presley - Jailhouse Rock ('68 Comeback Special) | _17kC1nFQzY 45 7clouds: Elvis Presley - Jailhouse Rock (Lyrics) | gj0Rz-uP4Mk 41 Thunder Peak: Elvis Presley - Jailhouse Rock (Music Video)
Elvis Presley	Rubberneckin'	Qtn2CrPoZys	high	search	79	134	Elvis Presley	Rubberneckin'	7Np8tGxwI44 77 Elvis Presley: Rubberneckin' | UOR9bycnv24 46 TUNE - Musical Moments: Elvis Presley - Rubberneckin' (Stop, Look and Listen) | Change of Habit | TUNE | ub7uWTgjA1s 46 Ray Fegan😎: Elvis Presley   Rubberneckin' Official Music Video
Elvis Vs. JXL	A Little Less Conversation	0w94gH4uj60	high	manual	38	372	Elvis Presley	"Elvis Presley, JXL - A Little Less Conversation (JXL12"" Extended Remix - Official Audio)"	"iOXFX31_Ga8 38 Shadow TV Network: Elvis vs JXL - A Little Less Conversation - TOTP - 21 June 2002 | rZLQpUxYkas 35 Enhanced Music Videos: Junkie XL vs Elvis Presley - A Little Less Conversation, Full HD (Remastered and U | 0w94gH4uj60 12 Elvis Presley: Elvis Presley, JXL - A Little Less Conversation (JXL12"" Extended Remix - Official Audio)"
EMF	Unbelievable (Clean Version)	sfCLt0kTd5E	low	search	74	210	EMF The Band	EMF - Unbelievable (Official Music Video) HD	A3pxkMaUNvc 57 EMF The Band: Unbelievable (2013 Remastered) | DX6td_INsDo 44 Tom Jones: Tom Jones & EMF - Unbelievable (Tom Jones: The Right Time Episode 1, 1992) | lHdXK7Lg1b4 42 PS César: Unbelievable - EMF (1990) HD
Emmy Adelle	You Make Me Feel Alive	HyYZWQMjXOQ	high	search	95	133	emmy adelle	Emmy Adelle - You Make Me Feel Alive (Official Visualizer)	axrmcaUFuO4 88 Emmy Adelle - Topic: You Make Me Feel Alive | rnsBymmZMvE 40 T.d.M Music: Emmy Adelle - You Make Me Feel Alive 😍🔥 | bAISz4qsnZc 21 Emmy Adelle - Topic: Polaroids
Empire of the Sun	We Are The People	hN5X4kGhAtU	high	search	95	312	Empire Of The Sun	Empire Of The Sun - We Are The People (Official Music Video)	EWAeU67B-ws 83 Empire Of The Sun: Empire Of The Sun - We Are The People | J7MFQAB6R-Q 41 7clouds Indie: Empire of the Sun - We Are The People (Lyrics) | HevFHRuLeTw 40 MarkBoyehh: Empire Of The Sun - We Are The People [HQ]
Empire of the Sun	We Are The People (The Shapeshifters Remix)	KqOPPEl4-bY	low	search	64	498	Empire Of The Sun	We Are The People (The Shapeshifters Vocal Remix)	hN5X4kGhAtU 61 Empire Of The Sun: Empire Of The Sun - We Are The People (Official Music Video) | dZ6dpixW7kc 40 RC&OV: Empire of the Sun - We Are The People (The Shapeshifters Vocal Remix) | 9sqaiNp3MsU 39 LucaDAlberto: We Are The People (The Shapeshifters Vocal Remix) - Empire Of The Sun
Enrique Iglesias	I Like It	X9_n8jakvWU	high	search	95	234	Enrique Iglesias	Enrique Iglesias - I Like It (Official Music Video)	9X0QzUdjhIg 84 Enrique Iglesias: Enrique Iglesias - I Like It (Jersey Shore Version) ft. Pitbull | F3-9Awvx0vU 53 Enrique Iglesias: Enrique Iglesias - Tonight / I Like It (Live at the AMA's 2010) | jsqbGne-mF4 46 Popular Music: Enrique Iglesias - I Like It (Lyrics) ft. Pitbull
Enur	Calabria 2008 (feat. Natasja)	9sygKfmvwCc	high	search	88	235	Enur - Topic	Calabria 2008 (feat. Natasja)	v2Gu922HqcA 42 Nicole Buckley: Calabria 2008 (feat. Natasja) by Enur Raggatronic  Audio | AsK2PkJnXTs 39 THEOFFICIALCREAMTEAM: Enur - Calabria 2008 Ft. Natasja [High Quality] | dyEw1VvlEIo 38 ratherunique21: Enur- Calabria 2008
Erasure	Chains of Love	6J2OlIpQgF8	low	search	66	223	erasureinfo	Erasure - Chains of Love (Official HD Video)	MeWt0ZwYp3A 57 erasureinfo: Chains of Love (2009 Remaster) | rLBrQdkjDX4 54 erasureinfo: Chains of Love | XrXEdg2FhrA 41 Bezz Music: Erasure - Chains of Love [HD]
Erasure	Oh l'amour	VEkhsxIFK7g	low	search	71	193	erasureinfo	ERASURE - Oh L'Amour (Official Video)	kFduy8qQIOg 66 erasureinfo: Erasure - Oh L'Amour (Official HD Video) | WFwSwXKHYws 54 erasureinfo: Oh l'amour | qwfM776LF-w 40 Stern Radio Rochlitz - Juwel 2 Musik-Radio: Oh L'Amour 2011 Remaster Erasure
Erasure	Victim Of Love	VgvogQomSzc	low	search	66	220	erasureinfo	Erasure - Victim Of Love (Official HD Video)	LIAbyJ5aCZU 56 erasureinfo: Victim of Love (2009 Remaster) | YSQcvhgcCr4 55 erasureinfo: Victim of Love | toz03eAvPNc 39 Shadow TV Network: Erasure - Victim Of Love - TOTP - 5 June 1987
Eric Clapton	After Midnight	RdjBrnV-U9M	high	search	78	172	Eric Clapton	After Midnight	xuSGQPj6OAA 42 Zycopolis TV: Eric Clapton - After Midnight - CLIP | ZeDtmbt4JS4 40 Tohopt565: Eric Clapton - After midnight (1988 Version) | AvxJ0TVvVzE 39 CharlesPlymire: Eric Clapton-After Midnight Lyrics
Eric Clapton	Lay Down Sally	9BYyPok2O5k	high	search	79	237	Eric Clapton	Lay Down Sally	9hQqP6RNnDE 41 honk1tonk1: Eric Clapton - Lay down Sally | 0dkzpNyKtf8 39 wipeyourownass: Eric Clapton - Lay Down Sally (1985) HQ | xcJe8nJ3JXQ 25 E.C. Chronicles: Eric Clapton - Lay Down Sally (Rock) - The Definitive 24 Nights (Remastered 2023)
Eric Nam	Sink or Swim	a7G4g7hUFck	high	search	93	192	Eric Nam 에릭남	Eric Nam (에릭남) -  Sink or Swim [Official Visualizer]	V1iJpkTiQps 87 Eric Nam 에릭남: Eric Nam (에릭남) - Sink or Swim [Official Lyric Video] | QIHo6jGWR70 56 Eric Nam 에릭남: Eric Nam 에릭남 - Sink or Swim (Live at the Hammersmith Apollo) | qQYy7tKCMHo 46 JXS_BP Official: Eric Nam (에릭남) 'Sink or Swim' Official Audio
Eric Prydz	Call On Me	qetW6R9Jxs4	high	manual	58	174	Ministry of Sound	Eric Prydz – Call On Me (Official Music Video) | Ministry of Sound	qetW6R9Jxs4 55 Ministry of Sound: Eric Prydz – Call On Me (Official Music Video) | Ministry of Sound | L_fCqg92qks 43 Embassy One: Eric Prydz - Call On Me | 7kVEm1B1yNU 40 Tee: Eric Prydz - Call On Me (Lyrics)
Eric Prydz and Empire Of The Sun	We Are Mirage	P82HJGXlg8Y	low	search	62	203	Empire Of The Sun	Empire Of The Sun, Eric Prydz - We Are Mirage (Radio Edit / Official Audio)	OESG9076H-g 55 Eric Prydz: We Are Mirage | XNebOJbgnIw 42 DJsArenaChannel: Eric Prydz & Empire Of The Sun - We Are Mirage | 5Eo6pYC1loI 38 Tomorrowland is Life: Eric Prydz & Empire Of The Sun - We Are Mirage
Europe	The Final Countdown	9jK-NcRmVcw	high	search	95	297	Europe	Europe - The Final Countdown (Official Video)	4hj8M8XZpis 77 Europe: The Final Countdown | cZid3J36wH8 46 7clouds: Europe - The Final Countdown (Lyrics) | lZzcQ-uQ8R0 39 Luis Fernando Flores: Europe - The Final Countdown (audio)
Eurythmics	Here Comes the Rain Again	TzFnYcIqj6I	high	search	89	284	Eurythmics	Eurythmics, Annie Lennox, Dave Stewart - Here Comes The Rain Again (Remastered)	pohZ0dqaP64 80 Eurythmics: Here Comes the Rain Again (2018 Remastered) | CXNHtyk4-3Y 76 Eurythmics: Here Comes the Rain Again | qzKjMm0IuMU 40 Dragan Antalic: Eurythmics - Here Comes The Rain Again (unplugged)
Eurythmics	Sweet Dreams (Are Made of This)	qeMFqkcPYcg	high	search	95	215	Eurythmics	Eurythmics, Annie Lennox, Dave Stewart - Sweet Dreams (Are Made Of This) (Official Video)	mZxwGnOz7ZQ 79 Eurythmics: Sweet Dreams (Are Made of This) [2018 Remastered] | ozSe_W2C86g 75 Eurythmics: Sweet Dreams (Are Made of This) | bG9z-atG7gc 46 7clouds: Eurythmics - Sweet Dreams (Lyrics)
Evanescence	Bring Me To Life	3YxaaGgTQYM	high	search	89	254	Evanescence	Evanescence - Bring Me To Life (Official HD Music Video) ft. Paul McCoy	i3MKTm-49uI 83 Evanescence: Evanescence - Bring Me To Life | Yhwal9i1uyw 78 Evanescence: Bring Me To Life (Remastered 2023) | ltoaQo2ynSo 41 RockHype: Evanescence - Bring Me To Life
Exposé	Come Go With Me	SGi3AvfFfuA	low	search	72	222	ExposeOnline	Exposé - Come Go with Me (Official Video)	ROTpL7IvWMc 41 Duncan Somersley: Expose - Come Go With Me | 1x6Q36Oa17I 17 Dj Gus Rodarte: “Come Go With Me” - Expose - 1986 (HQ HD) Dj Gus (Extended 12” Club Mix) Remastered Edit | 9l5w1v5tQ-c 14 patg78: Expose - Come Go With Me (Extended Mix)
Falco	Rock Me Amadeus	cVikZ8Oe_XA	high	search	95	225	FALCO	Falco - Rock Me Amadeus (Official Video)	y-H895vrIU8 88 FALCO: Falco - Rock Me Amadeus (Official 4k Music Video) | w8slcTiSGrc 77 FALCO: Rock Me Amadeus (The American Edit) | P9qqyXZACVI 61 FALCO: Rock Me Amadeus (Salieri Version)
Falco	Vienna Calling	MTlSjRMx5Ic	high	search	95	247	FALCO	Falco - Vienna Calling (Official Video)	JyRPH0cfMeg 85 FALCO: Falco - Vienna Calling (Falco Symphonic Download Video) | 9p6TURQh7NQ 75 FALCO: Vienna Calling (The New '86 Mix/Edit) | sIRFVIRsRts 41 BenniRoR ­: Falco - Vienna Calling [High Quality]
Fall Out Boy	Dance, Dance	C6MOKXm8x50	high	search	95	278	Fall Out Boy	Fall Out Boy - Dance, Dance (Official Music Video)	C1QRMaGOgDk 83 Fall Out Boy: Fall Out Boy - Dance, Dance (AOL Sessions) | P4kle_zqb-4 53 Fall Out Boy: Fall Out Boy - Dance, Dance (Boys Of Zummer Live In Chicago) | z1237BOLkaM 46 7clouds Rock: Fall Out Boy - Dance, Dance (Lyrics)
Fall Out Boy	Heartbreak Feels So Good	oGvLD7D2Xsg	high	search	95	297	Fall Out Boy	Fall Out Boy - Heartbreak Feels So Good (Official Video)	2olpUjG4LbQ 62 FallOutBoyLibrary: Fall Out Boy - Heartbreak Feels So Good [Album Version] | dpRtG7A4KA0 41 FaceMyTweet: Fall Out Boy - Heartbreak Feels So Good (Audio) | B-OlyAMPnoc 39 Lyric Sphere: Fall Out Boy - Heartbreak Feels So Good (Lyrics)
Fall Out Boy	Thnks fr th Mmrs	onzL0EM1pKY	high	search	95	254	Fall Out Boy	Fall Out Boy - Thnks fr th Mmrs (Official Music Video)	NWB-gnzqjCA 53 Fall Out Boy: Fall Out Boy - Thnks Fr Th Mmrs (Boys Of Zummer Live In Chicago) | OFG04sXpbf8 46 7clouds Rock: Fall Out Boy - Thnks fr th Mmrs (Lyrics) | cMY5VwfcGdU 42 TheMephBot: Fall Out Boy - Thnks Fr Th Mmrs (Audio) (HD)
Fatboy Slim	Right Here, Right Now	l0i6jBM15Bg	high	search	94	388	Fatboy Slim	Fatboy Slim - Right Here Right Now (Official Audio)	ub747pprmJ8 89 Fatboy Slim: Fatboy Slim - Right Here, Right Now [Official 4K Video] | E7ONTVx1pj4 77 Fatboy Slim: Right Here, Right Now | 4JDig6OsJNI 76 Fatboy Slim: Right Here, Right Now
Fine Young Cannibals	Good Thing	_DDi3mTIOsE	high	search	89	204	Fine Young Cannibals - Topic	Good Thing (Remastered)	We_9MthGzwk 50 London Records: Fine Young Cannibals - Good Thing (Official Video) | d24Fysp1NrA 49 London Records: Fine Young Cannibals - Good Thing (Official Audio) | c8WgfrcBhEc 39 Not and Now Available on Youtube!: Fine Young Cannibals - Good Thing (Original Video - 1987)
Fitz And The Tantrums	HandClap	Y2V6yjjPbX0	high	search	95	192	Fitz and the Tantrums	Fitz and the Tantrums - HandClap [Official Video]	-4D7x024Glo 53 Fitz and the Tantrums: Fitz and The Tantrums - HandClap (Live on the Honda Stage at the iHeartRadio Theat | fkVVw5eiTrg 43 TheEllenShow: Fitz and The Tantrums Perform 'HandClap' | 5UUXSXTswpM 41 Sunset Sounds: Fitz and The Tantrums - HandClap  | Lyrics
Fitz And The Tantrums	Moneymaker	yfQkiWSVptc	high	search	87	138	Fitz and the Tantrums	Fitz and the Tantrums - Moneymaker (Official Lyric Video)	fWgnBskkANo 33 Fitz and the Tantrums: Fitz and the Tantrums - Moneymaker (Phantogram Remix) [Official Music Video] | BQjO80KwIEk 31 Fitz and the Tantrums: Fitz and the Tantrums - Moneymaker (Galantis & secs on the beach Remix) [Official  | GAwL5ngm8xY 9 Devin Creisler Studios: Moneymaker - Fitz and The Tantrums Live at The Chateau Ste. Michelle Winery in Woo
Fitz And The Tantrums	Out Of My League	Z4mbxaa3XL8	high	search	95	197	Fitz and the Tantrums	Fitz And The Tantrums - Out Of My League [Official Music Video]	E4tg4g2A7u8 86 Fitz and the Tantrums: Fitz And The Tantrums - Out Of My League [Official Lyric Video] | PIEGUwmHpbI 75 Fitz and the Tantrums: Out of My League (Main Version) | ldLH269bGRg 53 Fitz and the Tantrums: Fitz and The Tantrums - Out Of My League (Live on the Honda Stage at the iHeartRad
Fitz And The Tantrums	Sway	9446f2Nyzsg	high	search	95	171	Fitz and the Tantrums	Fitz and the Tantrums - Sway (Official Music Video)	MCuaQ1bWsiE 86 Fitz and the Tantrums: Fitz and the Tantrums - Sway (Official Lyric Video) | mQS6paiUDcI 55 Fitz and the Tantrums: Fitz and the Tantrums - Sway (Live on The Kelly Clarkson Show) | 9TMmt6qk4PE 38 Capital Concerts: Fitz & Noelle from Fitz and The Tantrums Perform “Sway” & “HandClap” | 2024 A Capitol F
Fitz And The Tantrums	The Walker	nGBLlFMn9Xc	high	search	95	253	Fitz and the Tantrums	Fitz And The Tantrums - The Walker [Official Music Video]	e0a7zg7d6eI 54 Fitz and the Tantrums: Fitz and The Tantrums - The Walker (Live on the Honda Stage at the iHeartRadio The | djuLTycQICE 41 stuff: Fitz & The Tantrums - The Walker (Audio) | -Sfkkgl40qU 40 Ever Roses: The Walker // Fitz & The Tantrums // Lyrics
Fleetwood Mac	Don't Stop	QV9JJmSCiI8	high	search	96	224	Fleetwood Mac	Fleetwood Mac - Don't Stop (Official Music Video) [4K]	0hGhl7ki3HM 81 Fleetwood Mac: Don't Stop (2004 Remaster) | eCbPjsko6nc 46 Luke WRLD: Fleetwood Mac - Don't Stop (Official Audio) | AgwRYjDhK_E 40 masdekike: FLEETWOOD MAC....DON'T STOP
Fleetwood Mac	Go Your Own Way	ozl3L9fhKtE	high	search	96	214	Fleetwood Mac	Fleetwood Mac - Go Your Own Way (Official Music Video) [HD]	oiosqtFLBBA 95 Fleetwood Mac: Fleetwood Mac - Go Your Own Way (Official Audio) | DubafeFeJ7Y 78 Fleetwood Mac: Go Your Own Way (2004 Remaster) | p8Ojjn35kP8 40 Chris Salmon: Go Your Own Way - Fleetwood Mac - 1997
Fleetwood Mac	You Make Loving Fun	RqjXn2NflqU	high	search	81	214	Fleetwood Mac	You Make Loving Fun (2004 Remaster)	uJo3Rq5Fubc 77 Fleetwood Mac: You Make Loving Fun (2002 Remaster) | HcZp1O4UQY4 75 Fleetwood Mac: You Make Loving Fun | ZsDJLaqw5Tc 66 Fleetwood Mac: Fleetwood Mac - You Make Loving Fun (Live) (Official Video) [HD]
Flo Rida	Good Feeling	3OnnDqH6Wj8	high	search	95	271	Flo Rida	Flo Rida - Good Feeling [Official Video]	OiuYp5nW99g 83 Flo Rida: Flo Rida - Good Feeling | EO6ZFcBd3hg 41 Dark City Sounds: Flo Rida - Good Feeling | Lyrics | hV2z4oBNFKs 40 aa: Flo Rida - Good Feeling (Audio)
Flo Rida	Wild Ones (feat. Sia)	bpOR_HuHRNs	high	search	95	235	Flo Rida	Flo Rida - Wild Ones (feat Sia) [Official Video]	WdKtKFL2FvI 83 Flo Rida: Flo Rida - Wild Ones (feat. Sia) | CiBmcoyCxyo 41 Majestic Sounds: Flo Rida feat. Sia - Wild Ones (Lyrics) | vlbDaOYd0y8 40 Dark City Sounds: Flo Rida feat. Sia - Wild Ones | Lyrics
Florence + The Machine	Dog Days Are Over	iWOyfLBYtuU	low	search	55	220	florencemachine	Florence + The Machine - Dog Days Are Over (2010 Version) (Official Music Video)	P9CvQYMAGzw 46 Lost Panda: Florence + The Machine - Dog Days Are Over (Lyrics) | vDHr85LiwUM 45 florencemachine: Florence + The Machine - Dog Days Are Over (Official Lyric Video) | PGrx6etMl0w 43 florencemachine: Florence + The Machine - Dog Days Are Over
Florence + The Machine	My Love	h9CNGPy11Jc	low	search	47	265	florencemachine	Florence + The Machine - My Love	Sqs7KeqvZWU 46 florencemachine: Florence + The Machine - My Love (Official Lyric Video) | cJmXCP5ErJQ 39 iTunesFree: Florence + the Machine - My Love (Audio) | QakFz2apXfo 15 florencemachine: Florence + The Machine - My Love (Live Performance Video)
Florence + The Machine	Spectrum (Say My Name) - Calvin Harris Remix		none	search	22	0			YnH3wpfZabY 11 florencemachine: Spectrum (Say My Name) (Calvin Harris Remix) | 2JdBDp9GbpA -17 FATM VN: Spectrum Say My Name   Florence + the Machine Calvin Harris Remix Official Music Video   YouTub | iC-_lVzdiFE -52 florencemachine: Florence + The Machine - Spectrum
Florida Georgia Line	Good Good	7PC3QbrliB4	high	search	87	202	Florida Georgia Line	Florida Georgia Line - Good Good (Lyric Video)	Z3ATzG2HbNc 43 American Country: Florida Georgia Line - Good Good with Lyrics (HD) | WWwN2_ZMfG0 40 FGL Live: Florida Georgia Line - Good Good (Audio) | y5K1oX7VkeI 39 4Thirty2 Music: Florida Georgia Line - Good Good 432hz [Country]
Florida Georgia Line	Life Is A Honeymoon (feat. Ziggy Marley)	srTyePBkp-o	high	search	87	190	Florida Georgia Line	Florida Georgia Line - Life Is A Honeymoon (Static Version) ft. Ziggy Marley	T9FwfBgqtVs 86 Florida Georgia Line: Florida Georgia Line - Life Is A Honeymoon (Lyric Video) | K5YOrZsCV3o 55 Florida Georgia Line: Florida Georgia Line - Life is a Honeymoon (Live on the Honda Stage at the iHeartRa | 2skmcrvAWog 38 Tracy Grading & Paving, Inc.: Florida Georgia Line - Life Is A Honeymoon (Audio) ft. Ziggy Marley
Florida Georgia Line	May We All (feat. Tim McGraw)	I1uqwldQkwo	high	search	87	231	Florida Georgia Line	Florida Georgia Line - May We All (Lyric Video)	PT4ryVop_Fc 86 Florida Georgia Line: Florida Georgia Line - May We All ft. Tim McGraw | LksuvVVDyTQ 83 Florida Georgia Line: Florida Georgia Line - May We All (Behind The Scenes) ft. Tim McGraw | fV9FENAVO7E 53 Florida Georgia Line: Florida Georgia Line - May We All (Live on the Honda Stage at the iHeartRadio Theat
FLUME	The Difference (Feat. Toro y Moi)	MCRiUi28UpA	high	search	95	140	Flume	Flume feat. Toro y Moi - The Difference (Official Music Video)	QjgXrMdx9R8 84 Flume: Flume feat. Toro y Moi - The Difference (Apple x Matilda Sakamoto Dance Video) | emoKWGa3L3I 75 Flume: The Difference (feat. Toro y Moi) (Extended) | YvsSO3QQBUA 61 Flume: Flume feat. Toro y Moi - The Difference (Official Extended Mix)
Foghat	Fool For The City	DtCUh72FdnQ	high	search	79	192	FOGHAT	Fool for the City (Single Version)	btGkTlCsi7E 77 FOGHAT: FOOL FOR THE CITY CONTEST ENTRIES!!! | eMHYRIoWpsI 75 FOGHAT: Fool for the City (Single Version) | jp9taSlvMN4 41 Dance of Perfume: Foghat - Fool for the City (2016 Remaster)
FONTAINES D.C.	It's Amazing To Be Young	MjI1L0dBAVI	high	search	95	449	Fontaines DC	Fontaines D.C. - It's Amazing To Be Young (Official Video)	OVgrjsOKl_g 46 David Dean Burkhart: Fontaines D.C. - It's Amazing To Be Young | Cq0bK1TJZco 39 Mocha&Me: Fontaines DC - It’s Amazing To Be Young (Lyrics) | JoPiodvwOoM 10 BBC Music and BBC Radio 6 Music: Fontaines D.C. - It's Amazing To Be Young | 6 Music Live Session
Foo Fighters	All My Life	xQ04WbgI9rg	high	search	89	285	Foo Fighters	Foo Fighters - All My Life (Official HD Video)	YqYYgeeqRLo 86 Foo Fighters: Foo Fighters - All My Life | fhSi_q4LmtA 54 Foo Fighters: Foo Fighters - All My Life (Amazon Music Live) | aiy5W3z4SGE 53 Foo Fighters: Foo Fighters - All My Life (Live At Wembley Stadium, 2008)
Foo Fighters	Asking For A Friend	yrDysL1I_-A	high	search	87	270	Foo Fighters	Foo Fighters - Asking For A Friend (Audio)	2rNxM6jnDTs 40 Mahoney Music & Films: Foo Fighters - Asking For A Friend [Cinematic Music Video] | c_5Pz2vG0-0 39 Rotor Records: Foo Fighters - Asking For A Friend [Lyrics] | UELN9U-vDYo 33   Foo Fighters DB  : Foo Fighters - Asking For A Friend (Live Debut November 12, 2025, Monterrey)
Foo Fighters	Best Of You	h_L4Rixya64	high	search	89	256	Foo Fighters	Foo Fighters - Best Of You (Official HD Video)	qnIwCsQYoEc 54 Foo Fighters: Foo Fighters - Best Of You (Live At Wembley Stadium, 2008) | BegxZsFDINk 53 Foo Fighters: Foo Fighters - Best Of You (from Skin And Bones, Live in Hollywood, 2006) | -q2zI0J9zj8 41 TheMartyredSniper: Best of You - Foo Fighters (HQ)
Foo Fighters	Everlong	eBG7P-K-r1Y	high	search	89	292	Foo Fighters	Foo Fighters - Everlong (Official HD Video)	hq0rZ3IiyWw 86 Foo Fighters: Foo Fighters - Everlong | NWU33fvPxd0 53 Foo Fighters: Foo Fighters - Everlong (Live At Wembley Stadium, 2008) | f2hnIqihrjk 45 Vibe Music: Foo Fighters - Everlong (Lyrics)
Foo Fighters	Learn To Fly	1VQ_3sBZEm0	high	search	89	277	Foo Fighters	Foo Fighters - Learn To Fly (Official HD Video)	MOQV__Z55eE 63 missfoofighters89: Foo Fighters - Learn to Fly | y3FNW6S2XAM 53 Foo Fighters: Foo Fighters - Learn To Fly (Live At Wembley Stadium, 2008) | JozAmXo2bDE 52 Rockin'1000: Learn to Fly - Foo Fighters Rockin'1000 Official Video
Foo Fighters	Rescued	j3S8wdJhgac	high	search	87	260	Foo Fighters	Foo Fighters - Rescued (Lyric Video)	FKLtgKt1zwg 86 Foo Fighters: Foo Fighters - Rescued (From Preparing Music for Concerts) | 1e9nRnOMjIQ 85 Foo Fighters: Foo Fighters - Rescued (Visualizer) | hgBqnHGXTUw 44 BBC Music: Foo Fighters - Rescued (Glastonbury 2023)
Foo Fighters	The Pretender	SBjQ9tuuTJQ	high	search	87	271	Foo Fighters	Foo Fighters - The Pretender	m4OnAwaDVTE 86 Foo Fighters: Foo Fighters - The Pretender | KvrN6f95GOw 54 Foo Fighters: Foo Fighters - The Pretender (Live At Wembley Stadium, 2008) | HRWJ7FxGwVg 40 TRVPE [Music Lyrics]: Foo Fighters - The Pretender | Lyrics
Foo Fighters	Times Like These	rhzmNRtIp8k	high	search	89	231	Foo Fighters	Foo Fighters - Times Like These (Official HD Video)	nfT7JBFnINc 86 Foo Fighters: Foo Fighters - Times Like These (US Version - Official HD Video) | cwLBAuem5K4 43 GravyTrain: Foo Fighters- Times Like These [HD] | P7KKxYpytZA 35 Foo Fighters: Times Like These (Acoustic Version)
Foo Fighters	Under You	seok6lO1n-8	high	search	87	221	Foo Fighters	Foo Fighters - Under You (Lyric Video)	ms6b2w9U_Kg 86 Foo Fighters: Foo Fighters - Under You (From 'Preparing Music For Concerts') | _ohE0s3A-0o 85 Foo Fighters: Foo Fighters - Under You (Visualizer) | 9nn9rn64UYQ 30 Top Hits USA: Foo Fighers – Under You (Lyrics)
Foo Fighters	Walk	4PkcfQtibmU	high	search	87	359	Foo Fighters	Foo Fighters. Walk.	ax6UXyAXSZo 86 Foo Fighters: Foo Fighters - Walk (Audio) | QNT-e8AwmqU 53 Foo Fighters: Foo Fighters - Walk (Live on Letterman) | k3OzPoXZJls 40 claymankiichi: Foo Fighters - Walk (HQ)
Foo Fighters	Your Favorite Toy	Lgy4a0tXz7M	high	search	87	176	Foo Fighters	Foo Fighters - Your Favorite Toy (Lyric Video)	_kyLJ6pdGUE 56 Foo Fighters: Foo Fighters - Your Favorite Toy (Live on The Graham Norton Show) | 9zsYihxL_DE 40 Rock Paradise: Foo Fighters - Your Favorite Toy (Lyrics) | SBjQ9tuuTJQ 18 Foo Fighters: Foo Fighters - The Pretender
Foreigner	Cold As Ice	qJE5jgUTTK8	high	search	83	325	Foreigner	Foreigner - Cold As Ice (Rockin' At The Ryman)	rOs0gOq8CoU 79 Foreigner: Cold as Ice (2017 Remaster) | ySb1f9zWJkQ 55 RHINO: Foreigner - Cold As Ice (Official Music Video) | aP8Rbct_50Y 54 RHINO: Foreigner - Cold As Ice (Official Audio)
Foreigner	Double Vision	t0LybviRwdY	high	search	84	284	Foreigner	Foreigner - Double Vision	jGVi_zrH38o 78 Foreigner: Double Vision | pCYlsIZVAqI 75 Foreigner: Double Vision | dD-SpHH7qDA 55 RHINO: Foreigner - Double Vision (Official Music Video)
Foreigner	Hot Blooded	P4OGY0pQFG0	high	search	78	186	Foreigner	Hot Blooded	NN74yJoVG4Q 75 Foreigner: Hot Blooded | 8hA2fzvzT_w 40 wargod772: Foreigner - Hot Blooded with lyrics! | vWqhw0J59M0 39 Rock Overdrive: Foreigner - Hot Blooded | Lyrics
Foster The People	Coming of Age	MBqzrj18S2w	high	search	95	289	FosterThePeople	Foster The People - Coming of Age (Official Video)	XMQb_FcydxM 86 FosterThePeople: Foster The People - Coming of Age (Mural Time-Lapse) | CU5MqtELnJ8 40 Ch@masterChian: Foster The People - Coming of Age | p2ioIJ_KPEY 39 vivifirerunexmusic: Foster the People - Coming of Age (Lyrics)
Foster The People	Don't Stop (Color On The Walls)	jlAgHt92lqE	high	search	95	180	FosterThePeople	Foster The People - Don't Stop (Color on the Walls) (Official Video)	I1v6u9_oNeY 94 FosterThePeople: Foster The People - Don't Stop (Color on the Walls) (Official Audio) | LGOI17OdSgI 83 FosterThePeople: Foster The People - Don't Stop (Color On The Walls) (VEVO Presents) | 1qaw2L_Flr4 40 FishAntsPlantsAndDave: Foster The People - Dont Stop (Color On The Walls)
Foster The People	Helena Beat	ABzh6hTYpb8	high	search	95	295	FosterThePeople	Foster The People - Helena Beat (Official Video)	6urFyRJAzQ8 94 FosterThePeople: Foster The People - Helena Beat (Official Audio) | AEjXDCNww9c 84 FosterThePeople: Foster The People - Helena Beat (VEVO Presents) | H53EoZ3oUJA 45 7clouds Rock: Foster The People - Helena Beat (Lyrics)
Foster The People	Lost In Space	8UsXq64gl58	high	search	95	236	FosterThePeople	Foster The People - Lost In Space [Official Video]	AYROax7lshI 76 FosterThePeople: Lost In Space (Radio Edit) | 4J3DPqc3-Xw 50 FosterThePeople: Lost In Space (Extended Mix) | gLQYZ73edY0 41 Stylin' Beats: Foster the People - Lost In Space (lyrics)
Foster The People	See You In The Afterlife	eV_iGKxEXqY	high	search	95	441	FosterThePeople	Foster The People - See You In The Afterlife / Feed Me [Official Music Video]	wRpRyJnZYdk 94 FosterThePeople: Foster The People - See You In The Afterlife [Official Audio] | 5zotbXg2-KI 45 Gold Coast Music: Foster The People - See You In The Afterlife (Lyrics) | S9yLff7n1gU 38 Sunset Sounds: Foster the People - See you In The Afterlife | Lyrics
Fountains of Wayne	Stacy's Mom	dZLfasMPOU4	high	search	100	197	FountainsOfWayneVEVO	Fountains Of Wayne - Stacy's Mom (Official Music Video)	0q-oAX3boTk 46 VibersVibin: Fountains of Wayne - Stacy's Mom (Lyrics) | fq_QFKTEK6o 40 AllErasRemastered: Fountains of Wayne – Stacy’s Mom (2025 Remastered) | xbqPWPpLo88 39 burgermastamusic: Stacy's Mom-fountains of Wayne and lyrics
Four Tops	I Can't Help Myself (Sugar Pie, Honey Bunch)	4ZShJG5N050	high	search	76	166	Four Tops	I Can't Help Myself (Sugar Pie, Honey Bunch) (Single Version / Mono)	EBA6z9sEzAo 63 Classic Motown and Four Tops: Four Tops - I Can't Help Myself (Sugar Pie, Honey Bunch) (Lyric Video) | s3bksUSPB4c 42 drdotfeelgood: The Four Tops-I Can't Help Myself (Sugar Pie, Honey Bunch) | 9kK_yWYdoY0 40 Smurfstools Oldies Music Time Machine: NEW 📀 I Can't Help Myself - Four Tops {Stereo} 1965
Four Tops	It's The Same Old Song	oZLG9MV5GvQ	high	search	78	167	Four Tops	It's The Same Old Song	-iMYUZvQtE8 77 Four Tops: It's The Same Old Song (Single Version / Mono) | 2QboLwKNy-E 51 Four Tops: It's The Same Old Song (Alternate Berry Gordy Single Mix) | CkKJy4UaPHM 42 samplegoogoo: The Four Tops - It's The Same Old Song
Four Tops	Reach Out, I'll Be There	AUZ3INx3-KA	high	search	79	179	Four Tops	Reach Out I'll Be There	"1v4twH9KbnU 77 Four Tops: Reach Out I'll Be There (Single Version / Mono) | 2EaflX0MWRo 43 Clara0815007: Four Tops - Reach Out (I'll Be There) (1967) HD 0815007 | P0B0Kv7hiNo 39 The Ed Sullivan Show and Classic Motown: Four Tops ""Reach Out I'll Be There"" on The Ed Sullivan Show"
Four Tops	Standing In The Shadows Of Love	yPYWtOj9_7I	high	search	79	158	Four Tops	Standing In The Shadows Of Love	"NhEuFW7l5c4 77 Four Tops: Standing In The Shadows Of Love (Single Version / Mono) | r80i5rqJoU8 41 Matt Laufenberg: Four Tops - Standing In The Shadows Of Love - 1967 | oatOu-9nvB4 39 mosogotam: Four Tops ""Standing In The Shadows Of Love"" My Extended Version!"
Frankie Valli & The Four Seasons	Who Loves You	OSCTkLR0VeE	high	search	79	247	Frankie Valli and the Four Seasons	Who Loves You (2007 Remaster)	AbQ1rDc3Cx0 76 Frankie Valli and the Four Seasons: Who Loves You | -KtYgOM62fk 55 RHINO: Frankie Valli & The Four Seasons - Who Loves You (Official Music Video) | bSYuwYEhnQw 46 RHINO: The Four Seasons - Who Loves You (Official Audio)
Franz Ferdinand	All For You, Sophia	HDDRftvPTQI	high	search	83	181	Franz Ferdinand	All for You, Sophia - Take Me Out [2004] - Franz Ferdinand	JXAohkOWvsw 60 Franz Ferdinand: All for you | yaOhQXXZBVA 42 xlr8xp66: Franz Ferdinand - Bang Bang (All For You Sophia) w/ lyrics | HMfprvLp-t8 40 poprocks184: All For You, Sophia - Franz Ferdinand
Franz Ferdinand	Take Me Out	Ijk4j-r7qPA	high	search	87	241	Franz Ferdinand	Franz Ferdinand - Take Me Out (Video)	7dfBmjrN5W0 78 Franz Ferdinand: Take Me Out | A8IcedBzs14 44 Only Vibes Lyrics: Franz Ferdinand - Take Me Out (Lyrics) so if you're lonely you know i'm here | M7Sv3XaX4ko 43 BBC: Franz Ferdinand performs 'Take Me Out' | T in the Park 2014 - BBC
Fred again..	adore u (feat. Obongjayar)	peIBCNTY8hA	high	search	87	221	Fred again . .	Fred again.. & Obongjayar - adore u	LSSAClO-8BQ 86 Fred again . .: Fred again.. & Obongjayar - adore u (Coliseum, 14th June 2024) | MMSfBy2gdT4 70 Fred again . .: Fred again.. & Obongjayar - adore u (Aragon Ballroom, 4th August 2023) | y2J4TiTEPWc 39 Majestic Sounds: Fred again.. - adore u (Lyrics)
Fred again..	Billie (Loving Arms)	_WkzhhO21s8	high	search	87	228	Fred again . .	Fred again.. - Billie (Loving Arms) (23 July 2021)	XqUZcHBsU5I 41 SM | Samarium: Fred again.. - Billie (Loving Arms) | Rh4-VhUJng8 39 Love Island Tunes: Fred again.. - Billie (Loving Arms) (Lyrics) | Love Island 2022 | 2_64XAqYgJ0 30 BBC Music: Fred again.. - Delilah (pull me out of this) / Billie (loving arms) | Glastonbury 2023
Free	All Right Now	5wiF6b4rxno	high	search	86	251	Free Band	Free - All Right Now	7cQ4jNDRTOo 79 Free Band: All Right Now | vqdCZ0yHNa4 55 Free Band: Free - All Right Now (Doing Their Thing, 1970) Official Live Video | 9OFyzuF4w0w 40 danthewelch: Free - All Right Now - Original LP Remastered
Freeez	I.O.U.	h1MDlJM_C1k	high	manual	70	233	Beggars Banquet Records	Freeez - IOU HD	h1MDlJM_C1k 43 Beggars Banquet Records: Freeez - IOU HD | y7ab3PSbvvU 42 Videos y Mas GDL: Freeez   IOU Official Clip | tfUtLXKFf8g 42 Beggars Banquet Records: Freeez 'IOU' 2 Top Of The Pops  HD
Freya Skye	Winter Dream	Q8uMYJhK5BA	high	search	95	183	Freya Skye	Freya Skye - Winter Dream (Official Video)	4hEwQJ69oiQ 85 Freya Skye: Freya Skye - Winter Dream (Behind The Scenes) | AFzGh1dEULI 41 Music Lyrics channel: Freya Skye – Winter Dream (Lyrics) | ErXHzCALUyA 38 HYPERION DANCE STUDIO: Freya Skye - Winter Dream - Choreography by #YUKA
Future Islands	Balance	qFChV3lYhOQ	high	search	75	233	Future Islands	Balance	"g0LJNEQz-E4 50 Thrill Jockey Records: Future Islands - Balance (Official Music Video) | hhX6IU_Hedw 46 Pitchfork: Future Islands perform ""Balance"" - Pitchfork Music Festival 2015 | h_CEd1Rc4Dw 43 Pitchfork: Future Islands perform ""Balance"" - Pitchfork Nightcap"
Gabby Barrett	Footprints On The Moon	-tOcltHYBuo	high	search	95	193	Gabby Barrett	Gabby Barrett - Footprints On The Moon (Official Music Video)	lerQApMDxTo 86 Gabby Barrett: Gabby Barrett - Footprints On The Moon (Concept Video) | WK4xdTiBnro 85 Gabby Barrett: Gabby Barrett - Footprints On The Moon (The Late Show with Stephen Colbert) | DwxrDsGBR7M 83 Gabby Barrett: Gabby Barrett - Footprints On The Moon (From The Goldmine)
Galantis	Dreamteam (Feat. Neon Trees)	jJglmd2esMY	high	search	95	181	Galantis	Galantis x Neon Trees - Dreamteam (Official Music Video)	UOgsx2bfU1M 45 Future House Music: Galantis x Neon Trees - Dreamteam | nnd4L5JRt4Y 39 soundbox Records: Galantis feat. Neon Trees - Dreamteam | mKiLEgRsefw 38 9MusicClouds: Galantis & Neon Trees – Dreamteam (Lyrics) 💗♫
Galantis	Faith (feat. Dolly Parton, Mr. Probz)	KA07g2lvgbo	high	search	95	208	Galantis	Galantis & Dolly Parton - Faith feat. Mr. Probz [Official Music Video]	f-knleeZ2EA 54 Dolly Parton: Dolly Parton - Faith - Galantis & Dolly Parton featuring Mr. Probz (Official Audio) | MdsLyE_dbK0 52 Galantis: Galantis & Dolly Parton - Faith (feat. Mr. Probz) [Acoustic] {Official Audio} | qsfCrI47RXM 46 Greg Pedersen And Hunter Pedersen : FAITH Galantis Featuring Dolly Parton & Mr. Probz ( Official Music Vi
Galantis	Fool 4 U (feat. JVKE, Enisa)	4Qyy9jmHE-A	high	search	95	147	Galantis	Galantis & JVKE - Fool 4 U (feat. Enisa) [Official Audio]	YI9JYYhWTxs 60 Galantis: Galantis x JVKE - Fool 4 U ft. Enisa (Galantis x secs on the beach VIP Mix) | m1t1pGt8G5U 46 ENISA: ENISA, Galantis & JVKE - Fool 4 U (In-Studio Performance) | NIO7mc_8Rz0 39 Lyricsio: Galantis & JVKE - Fool 4 U ft Enisa (Lyrics Video)
Galantis	Lighter (feat. David Guetta, 5 Seconds of Summer)	FU1rmmT3O4s	high	search	95	170	Galantis	Galantis, David Guetta, & 5 Seconds of Summer - Lighter (Official Music Video)	iIEC_V-SduM 85 Galantis: Galantis, David Guetta, & 5 Seconds of Summer - Lighter (Official Lyric Video) | R0QCewgvK6k 54 5SOS: Galantis, David Guetta, & 5 Seconds of Summer - Lighter (Official Audio) | hBp5yISEu3I 50 Galantis: Lighter (Extended Mix)
Galantis	No Money	xUVz4nRmxn4	high	search	95	202	Galantis	Galantis - No Money (Official Video)	Y92ElR6krmY 83 Galantis: Galantis - No Money (Ultra Music Festival 2016) | 36uTS8SyCPo 76 Galantis: No Money | a52Ul2AM92c 46 Proximity: Galantis - No Money
Garbage	Stupid Girl (Todd Terry Remix)	HmDIarAeFTE	high	search	78	227	Garbage	Stupid Girl (Todd Terry Remix)	UXcceK-ueWA 47 Garbage: Stupid Girl (Todd Terry Tee's Freeze Club) | _cx1Un_QXuA 46 Garbage: Stupid Girl (Todd Terry Tee's Radio Mix) | CW6lgmJhSXY 45 Garbage: Stupid Girl (Todd Terry Tee's In-House Dub)
Gary LeVox	A Little Love (feat. MercyMe)	mtOegzEjCJQ	high	search	87	191	Gary LeVox	Gary LeVox - A Little Love (Lyric Video) ft. MercyMe	4jo7fvVkBlU 84 Gary LeVox: Gary LeVox - A Little Love ft. MercyMe (Behind The Song) | qkWttWHEADk 41 Gary McDuffee: MercyMe (feat. Gary LeVox) - A Little Love (with lyrics)(2021) | 9y9trAK8ddA 40 Upper Avenue Music: A LITTLE LOVE - GARY LEVOX FEAT. MERCYME //(Lyrics)//
Gary Numan	Cars	LrjM8Fi7J58	low	search	57	238	Official Gary Numan	Cars (Remastered 2009)	"6qlUFKFHNIU 47 Nine Inch Nails: NIN: ""Cars"" with Gary Numan, London 7.15.09 [HD] | Im3JzxlatUs 44 Beggars Banquet Records: Gary Numan - Cars HD | Obedojv8R2c 39 spacepirate 21: Gary Numan - Cars (Long Original Ultrasound Version)"
Gene Autry	Frosty The Snowman	bdEpPXVOmTA	high	search	87	175	Gene Autry	Gene Autry - Frosty the Snowman (Official Lyric Video)	5Pl2k-K4ehs 78 Gene Autry: Frosty the Snowman (78rpm Version) | IimaPE6nV8A 77 Gene Autry: Frosty the Snowman | XwPAGcyWeDE 76 Gene Autry: Frosty the Snowman
Gene Autry	Here Comes Santa Claus	E_hcT51Fo-8	high	search	87	155	Gene Autry	Gene Autry - Here Comes Santa Claus (Right Down Santa Claus Lane) (Lyric Video)	X_OGX3jT2pA 85 Gene Autry: Gene Autry - Here Comes Santa Claus (from The Cowboy and the Indians 1949) | JhcLpwlA-ZA 78 Gene Autry: Here Comes Santa Claus - (Right Down Santa Claus Lane) (Audio) | oNwG28tZDsg 76 Gene Autry: Here Comes Santa Claus (Right Down Santa Claus Lane)
Genesis	Invisible Touch	fIHVzJMjVDs	high	search	95	211	Genesis	Genesis - Invisible Touch (Official Audio)	jpmiZ7zsHXY 94 Genesis: Genesis - Invisible Touch (Official Music Video) | MHSGsIPMQIo 79 Genesis: Invisible Touch (2007 Remaster) | AKQs-TEIfVM 75 Genesis: Invisible Touch
Genesis	Keep It Dark	cxYSPdQR4BI	high	search	95	273	Genesis	Genesis - Keep It Dark (Official Audio)	gQkiqQ7zZBQ 86 Genesis Channel: Genesis - Keep It Dark (1981) | -pmo57_3Kn8 40 GoldenMusic: Genesis - Keep It Dark (Remastered) [Audio HQ] | sI_2pMNgp_w 39 Prog Atlas: Keep It Dark - Genesis
Genesis	No Reply at All	2O249HU6tUA	high	search	94	274	Genesis	Genesis - No Reply At All (Official Audio)	dwaZLQ8D470 41 GoldenMusic: Genesis - No Reply At All (Remastered) [Audio HQ] | PYk0akMKrac 38 zandola1: GENESIS - No reply at all (1981) HQ | sgNsc1jMOTw 38 KEEP THE BEST ALIVE: Genesis - No Reply At All
Genesis	Paperlate	qvrfihDSJJc	high	search	81	206	Genesis	Paperlate (2007 Remaster)	"nnsTNCuWqIE 77 Genesis: Paperlate | RmpT_fHWbAc 63 Genesis Central: Genesis - Paperlate - Music Video [AI Upscaled, 50FPS] | 8AhBJwARAes 39 illegalalien2: Genesis ""Paperlate"" Studio Version (Without Fade-Out)"
George Harrison	Got My Mind Set On You	_71w4UA2Oxo	high	search	87	232	George Harrison	George Harrison - Got My Mind Set On You (Version II)	6ZwjdGSqO0k 85 George Harrison: George Harrison - Got My Mind Set On You (Version I) | SuJuJA5k44Y 80 George Harrison: Got My Mind Set on You (2009 Remaster) | DvBT442gjAE 76 George Harrison: Got My Mind Set on You (Extended Version)
George Harrison	What Is Life	fiH9edd25Bc	high	search	87	264	George Harrison	George Harrison - What Is Life	sKzvEThmqxE 80 George Harrison: What Is Life (2014 Remaster) | 5Y5olEjNjAw 79 George Harrison: What Is Life (2009 Remaster) | YaftuMnl9HU 39 TheVillany: George Harrison - What Is Life
George Michael	Faith	6Cs3Pvmmv0E	high	search	95	224	George Michael	George Michael - Faith (Official Video)	gbOsK9by6Hc 86 George Michael: George Michael - Faith (Remastered - Official Visualiser) | N61LHFFfiik 80 George Michael: Faith (Remastered 2006) | TKWD4d1rnJ4 45 VibersVibin: George Michael - Faith (Lyrics)
George Michael	Waiting for That Day	ff5x-unEZ-4	high	search	81	290	George Michael	Waiting for That Day (Remastered)	"uFahhYsa4TY 80 George Michael: Waiting for That Day (Remastered) | OycUlqmFhQ8 79 George Michael: Waiting for That Day (2010 Remastered Version) | _3MZgGiIAQY 39 RocKofNine: George Michael in studio, 1990 - ""Waiting for That Day"""
Georgia Satellites	Hippy Hippy Shake	Rk7F2t1M1y0	high	search	88	106	Georgia Satellites - Topic	Hippy Hippy Shake	L2yukSTTFvk 87 Georgia Satellites - Topic: Hippy Hippy Shake | XzipyGnSkVA 86 Georgia Satellites - Topic: Hippy Hippy Shake | f8Q35aLxGoM 38 Roberto Bruno - Oldies: The Georgia Satellites - Hippy Hippy Shake (ReEdit) Hq
Ghost Town DJ's	My Boo	UjC4bmGovV8	high	search	85	249	Ghost Town DJs - Topic	My Boo (LP Radio Edit)	QxRiwnmYjMg 47 GhostownDJsVEVO: Ghost Town DJs - My Boo (V/O version No. 2) | ATa8zr7x0Zc 45 Hip Hop/R&B Lyrics: Ghost Town  DJ's - My Boo (Lyrics) | xcTwZ-DFJAc 44 VibersVibin: Ghost Town DJ's - My Boo (Lyrics)
Gin Blossoms	Found Out About You	1qB6XdAkkAo	high	search	87	230	Gin Blossoms Official	Gin Blossoms - Found Out About You	"yVxBuVLwfCI 42 Song Lyrics HD: Gin Blossoms - Found Out About You (Lyrics HD) | NkvIOZFx3qU 41 Queenigma: Gin Blossoms, ""Found Out about You"" | GSVctoRvk9U 39 THE SONG TV: Gin Blossoms - Found Out About You | The Song"
Girl in Red	Girlfriend Is Better		none	manual	0	0			Yxtsn4_s2ig 34 Release - Topic: Girlfriend Is Better | _BMBDY01kPk 20 girl in red: girl in red - girls | AKf0qOuFbzc -27 Neshi: girl in red - i wanna be your girlfriend - Lyrics
Girls Aloud	On The Metro	-eAWTnp8k_8	high	search	78	194	Girls Aloud	On The Metro	Ag5D5GUPywo 62 Girls Aloud Collection: Girls Aloud - On The Metro (Music Video 2024) | q_wZzpTZ908 60 Girls Aloud Lyrics: Girls Aloud - On The Metro (Color Coded lyrics) | 4utsHkK4jWU 57 Girls Aloud: Girls Aloud - On The Metro (Live At The Girls Aloud Show / 2024)
Girls Aloud	Sound Of The Underground	V9Wv4SCBiTE	high	search	95	224	Girls Aloud	Girls Aloud - Sound Of The Underground (Official Music Video)	sw-j2L6wSk4 85 Girls Aloud: Girls Aloud - Sound Of The Underground (Official Lyric Video) | nOZu-pEHM_4 69 OnlineGirlsAloud: Girls Aloud - Sound Of The Underground [Official Music Video] | I8oHHGxrNus 41 LyricsKing2468: Girls Aloud - Sound of The Underground - On Screen Lyrics
Glenn Frey	The Heat Is On	uZD8HKVKneI	high	search	92	235	GlennFreyVEVO	"Glenn Frey - The Heat Is On (From ""Beverly Hills Cop"" Soundtrack)"	wCXX5QvqP00 42 PS César: The Heat is On - Glenn Frey (1984) HD TOTP | _LVS0UdkFMQ 41 Jan Knudsen: Glenn Frey - 1984 - The Heat Is On | 4SsTQYlpKtM 40 예나오디오: Beverly Hills Cop (1984) The Heat Is On - Glenn Frey  4K & HQ Sound
Gloria Estefan	1,2,3 (Remix)	T4IWlFutwXo	low	search	57	211	Gloria Estefan	Gloria Estefan - 1-2-3	chfL24P8OTw 45 Gloria Estefan: 1-2-3 (Single Version) | VvVnkTYg1Mw 40 SongsMusiCanto: 1-2-3 (Extended Version) Gloria Estefan & Miami Sound Machine 1987 remix | aI9bYZ_rJQ0 39 Npenns: 1,2,3 (Remix) by Gloria Estefan (Lyrics)
Gloria Estefan	Conga	54ItEmCnP80	high	search	87	321	Gloria Estefan	Gloria Estefan, Miami Sound Machine - Conga	5SXX-pWzOY8 78 Gloria Estefan: Conga | BI707pGh_yI 75 Gloria Estefan: Conga | eeKxQ9LQAB4 55 Gloria Estefan: Gloria Estefan - Conga (from Live and Unwrapped)
Gloria Estefan	Get on Your Feet	JPOSGVUYgVQ	high	search	87	218	Gloria Estefan	Gloria Estefan - Get On Your Feet	FOIT8CLFyzw 83 Gloria Estefan: Gloria Estefan - Get On Your Feet (Audio) | k9sUSvZY9vo 78 Gloria Estefan: Get On Your Feet | lwmKrXZN6WM 55 Gloria Estefan: Gloria Estefan - Get On Your Feet (from Live and Unwrapped)
Gloria Estefan	Rhythm Is Gonna Get You	CZkjeJKBI0M	high	search	95	240	Gloria Estefan	Gloria Estefan - Rhythm Is Gonna Get You (Official Video)	zZx53etCFYY 84 Gloria Estefan: Gloria Estefan - Rhythm Is Gonna Get You (Audio) | -INTCDod2TA 78 Gloria Estefan: Rhythm Is Gonna Get You | IBi8RADwc-c 75 Gloria Estefan: Rhythm Is Gonna Get You
Gloria Estefan	Turn The Beat Around	7ABX2e81hwQ	low	search	63	248	Gloria Estefan Argentina	Gloria Estefan - Turn The Beat Around (Original Version)	p0vK4tjJZvI 55 Gloria Estefan: Gloria Estefan - Turn the Beat Around (from Live and Unwrapped) | 6ggN5FOASuA 39 opus: Turn The Beat Around - Gloria Estefan | tvGTQ0jH7KM 38 00SANCEZ: Gloria Estefan - Turn The Beat Around lyrics
Gloria Gaynor	I Will Survive	6dYWe1c3OyU	high	search	87	195	Gloria Gaynor	Gloria Gaynor - I Will Survive	vVzA0-QeGnI 83 Gloria Gaynor: Gloria Gaynor - I Will Survive | FHhZPp08s74 78 Gloria Gaynor: I Will Survive | WnrE0yN2uLY 77 Gloria Gaynor: I Will Survive (Rerecorded)
Golden Earring	Radar Love	ckM51xoTC2U	high	search	78	387	Golden Earring	Radar Love	I8X3BAwfwag 77 Golden Earring: Radar Love (Original UK Single Version) | 11Lj75cjg44 75 Golden Earring: Radar Love | aRlSHG5hRY4 52 Red Bullet: Golden Earring - Radar Love (Official Music Video [HD])
Goldfinger	Here In Your Bedroom	OJITRDBEbp4	high	search	95	198	Goldfinger Music	Goldfinger - Here In Your Bedroom (Official Video)	"0cQA6d3adPs 85 Goldfinger Music: Goldfinger - ""Here In Your Bedroom"" (Quarantine Video) | rk7BxyoKk_I 84 Goldfinger Music: Goldfinger - Here In Your Bedroom (feat. Avril Lavigne) | L2ziJW-NHHs 41 123NUFAN123: Goldfinger - Here In Your Bedroom"
Goldfish	Everything Is Changing (feat. Julia Church)	EZrpnd3KVj8	low	search	72	213	GoldFishLive	GoldFish - Everything Is Changing ft Julia Church (Official Music Video)	fs36bCDa0cw 55 GoldFishLive: Everything Is Changing ft. Julia Church Out Now! | VaLCTkizBaw 53 Armada Music TV: GoldFish feat. Julia Church - Everything Is Changing (Official Music Video) | kEu7rtkvUXg 53 GoldFishLive: Everything Is Changing (ARNXT039)
Goo Goo Dolls	Here Is Gone	tNtN83-vQmw	high	search	95	243	Goo Goo Dolls	Goo Goo Dolls - Here Is Gone [Official Music Video]	fpLRqH4hfxQ 41 Young Pilgrim Music: Goo Goo Dolls - Here Is Gone (Lyrics) - Gutterflower (2002) | dkwRbKZiwbg 40 Ixnay on the Hombre: Goo Goo Dolls - Here Is Gone | Bo2iGkS0pRY 39 I Love it_17: here is gone by Goo Goo Dolls lyrics
Goo Goo Dolls	Misery	s3frbB3OCQk	high	search	94	179	Goo Goo Dolls	Goo Goo Dolls - Misery (Official Audio)	0A3UZGADJDk 87 Goo Goo Dolls: Goo Goo Dolls - Misery (Official Lyric Video) | GLQ2TIul8pI 43 Soul Asylum: Soul Asylum - Misery (Official Video) | DK8Un2fLc8s 40 Rock Paradise: The Goo Goo Dolls - Misery (Lyrics)
Good Charlotte	I Don't Wanna Be In Love (Dance Floor Anthem)	YgGLl8CanQo	high	search	95	229	goodcharlotte	Good Charlotte - I Don't Wanna Be In Love (Dance Floor Anthem) (Official Video)	akctrYfqrzs 46 7clouds Rock: Good Charlotte - I Don't Wanna Be In Love (Dance Floor Anthem) (Lyrics) | Xo-8kfw4MYE 44 Dan Music: Good Charlotte - I Don't Wanna Be In Love (Dance Floor Anthem) Lyrics | bqSHLDxH5EY 40 TopAlternativeMusic: Good Charlotte - Dance Floor Anthem (I Don't Wanna Be In Love) / (HQ)
Good Charlotte	The Anthem	desJKYvdq9A	high	search	95	174	goodcharlotte	Good Charlotte - The Anthem (Official Video)	pEZBceBevRA 63 Good Charlotte Classics: Good Charlotte - The Anthem [HIGH QUALITY + LYRICS] | iW7ZeVsrDH0 40 Album Music: Good Charlotte - The Anthem | XWWoIdXQdAI 39 AbbieElizabeth93: Good Charlotte- The Anthem [Lyrics]
Good Neighbours	Keep It Up	L_2_VqSY2kc	high	search	87	157	GOOD NEIGHBOURS	Good Neighbours - Keep It Up (Lyric Video)	JH5i3i3xjcM 56 GOOD NEIGHBOURS: Good Neighbours - Keep It Up (Live from the Neighbourhood) | D8U2WWhTnPg 40 alonelymorning Calm Music: Good Neighbours - Keep It Up (Lyrics) | 1ZidAvJcIVM 38 You Heard It Here First (YHIHF): Good Neighbours - Keep It Up
Good Neighbours	Ripple	wZvGlnfHQWM	high	search	95	181	GOOD NEIGHBOURS	Good Neighbours - Ripple (Official Video)	KsiFcgefSIo 84 GOOD NEIGHBOURS: Good Neighbours - Ripple (soft version) | Official Visualiser | WezsDcDoAB8 53 GOOD NEIGHBOURS: Good Neighbours - Ripple (Live from The Hallowed Halls) | qcWQXzgC-kQ 45 BBC Music: Good Neighbours - Ripple (BBC Introducing at Glastonbury 2025)
Good Neighbours	Walk Walk Walk	U8A9wfSgmhw	high	search	87	177	GOOD NEIGHBOURS	Good Neighbours - Walk Walk Walk (Lyric Video)	IW7RnjbvmvY 40 DeutscherGuy - eFootball: eFootball™ 2027 Official Soundtrack: Walk Walk Walk (Good Neighbours)  | R7ZoW2_8KbU 39 8Music: Good Neighbours - Walk Walk Walk (Lyrics) @wearegoodneighbours.  | ACDlTsg90AA 38 K8 Concerts: Walk Walk Walk | Good Neighbours | North American Tour | Minneapolis, MN | October 27, 2025
Gorgon City	Biggest Regret (feat. bbyafricka)	rpdhw6ifErs	high	search	87	231	Gorgon City	Gorgon City ft. Bbyafricka – Biggest Regret | Visualiser 2024	hZoxsQXNWDs 56 Gorgon City: Gorgon City ft. Bbyafricka – Biggest Regret Live at Drumsheds | 9oo_RRSFzEU 49 Gorgon City: Gorgon City - Biggest Regret ft. Bbyafricka | Drum & Bass Remix | PxYy4N8WVmo 43 Selected.: Gorgon City - Biggest Regret (ft. BbyAfricka)
Gorgon City	Ready For Your Love (feat. MNEK)	8B93tgRxMuE	high	search	87	196	Gorgon City	Gorgon City - Ready For Your Love ft. MNEK	w71s-wgEJ0Y 50 Gorgon City: Ready For Your Love (Extended Mix) | mPC1X1xh19M 44 MrDeepSense: Gorgon City ft. MNEK - Ready For Your Love | BGcmBmFqBWA 41 Infinity: Gorgon City - Ready For Your Love feat. MNEK
Gorillaz	19-2000 (Soulchild Remix)	oVkatTa0D4c	high	search	87	208	Gorillaz	Gorillaz - 19-2000 (Soulchild Remix)	HPdisrYGNAI 69 Gorillaz Guy67: Gorillaz - 19-2000 (Soulchild Remix) (Official Video)  | ecDaK3rbYTM 41 MusicFromAllOver: Gorillaz - 19-2000 (Soulchild Remix) | ondpLxoRJuk 40 momiquela: Gorillaz: 19-2000 (Soulchild Remix)
Gorillaz	DARE	uAOR6ib95kQ	high	search	95	290	Gorillaz	Gorillaz - DARE (Official Video)	rIq6i4-8Nww 78 Gorillaz: DARE | RpdW-NN1G-4 46 Bad Boy Edd: Gorillaz - DARE (Official Music Video) | y4VRrvAhBqk 45 Amazing Lyrics: Gorillaz - DARE (Lyrics)
Gorillaz	Feel Good Inc. (feat. De La Soul) (Clean Version)	HyHNuVaZJ-k	high	search	94	255	Gorillaz	Gorillaz - Feel Good Inc. (Official Video)	c9RTJIrM57o 57 Gorillaz: Gorillaz - Feel Good Inc feat. De La Soul (Live at Coachella 2023) | WIZW4SGVbhA 54 Gorillaz: Gorillaz - Feel Good Inc feat. De La Soul (Live on Letterman) | IbpOfzrNjTY 43 7clouds Rap: Gorillaz - Feel Good Inc (Lyrics)
Gorillaz	Oil (feat. Stevie Nicks)	lK5HVlcs0og	high	search	94	231	Gorillaz	Gorillaz - Oil ft. Stevie Nicks (Official Audio)	ZSxdftA6NEM 87 Gorillaz: Gorillaz - Oil ft. Stevie Nicks (Official Lyric Video) | -Mv6eEQAeNE 40 OPIUM: Gorillaz - Oil ft. Stevie Nicks (Visualiser) | IYqa_1L85xE 39 glowrillaz: Gorillaz - Oil ft. Stevie Nicks (Fan Storyboard)
Gorillaz	She's My Collar (feat. Kali Uchis)	f8NwLXYIHS4	low	search	42	211	SalvaMuñox	Gorillaz - She's My Collar [HQ]	"7Ms_sa5ZKHU 41 Sunset Sounds: Gorillaz, Kali Uchis - She's My Collar (LYRICS) ""I don't take her number"" [TikTok Song] | vRPhfIMFXkY 39 Damon Albarn Unofficial: Gorillaz - She's my Collar - The Late Show with Stephen Colbert | jWsQwhdxKw8 38 Playback Tunes: Gorillaz - She's My Collar (feat. Kali Uchis) (Lyrics)"
Gorillaz	The Happy Dictator (feat. Sparks)	MG_npaLydKg	low	search	64	285	Gorillaz and S P A R K S	Gorillaz - The Happy Dictator ft. Sparks (Official Visualiser)	GDfQN5bf7lc 45 Cakes & Eclairs: Gorillaz - The Happy Dictator ft. Sparks | q6sa6pWz1NQ 41 Jimmy Kimmel Live and 2 more: Gorillaz ft. Sparks – The Happy Dictator | pjwH5YwopVQ 39 rieslingplatz: Gorillaz - The Happy Dictator (feat. Sparks)
Grand Funk	We're An American Band	QxNXFNCTr2I	low	search	58	208	Grand Funk Railroad - Topic	We're An American Band (Remastered 2002)	M4pErX-HPyM 41 justin sutton: Grand Funk Railroad - We're an American Band (1973 Studio Footage) | 9F69etVKuUs 40 therockandrolltv: GRAND FUNK RAILROAD - We're An American Band | DNAW2r8H56A 40 The 70s, A Decade of Music in 60fps: Grand Funk Railroad - We're An American Band (Original Promo Film, 1
Grand Funk Railroad	Footstompin' Music	JDGAENmjt6o	high	search	90	229	Grand Funk Railroad - Topic	Footstompin' Music (Remastered 2002)	uRZ4gEAF9AE 57 Grand Funk Railroad - Topic: Footstompin' Music (Live/1975 / Remastered 1999) | mZj1uElADZw 42 Lewis coca: Grand funk railroad - Footstompin' Music | w3NXgM_LGQA 40 Jmoore75860: Grand Funk Railroad - Footstompin' Music
Grand Funk Railroad	We're An American Band	QxNXFNCTr2I	high	search	90	208	Grand Funk Railroad - Topic	We're An American Band (Remastered 2002)	M4pErX-HPyM 42 justin sutton: Grand Funk Railroad - We're an American Band (1973 Studio Footage) | 9F69etVKuUs 40 therockandrolltv: GRAND FUNK RAILROAD - We're An American Band | DNAW2r8H56A 40 The 70s, A Decade of Music in 60fps: Grand Funk Railroad - We're An American Band (Original Promo Film, 1
Grateful Dead	Touch of Grey	mzvk0fWtCs0	high	search	97	293	Grateful Dead	Grateful Dead - Touch Of Grey (Official Music Video) [HD]	0ZmR-T0jilA 85 Grateful Dead: Grateful Dead - Touch Of Grey (Orchard Park, NY 7/4/89) | aEKmbDbFMI8 78 Grateful Dead: Touch of Grey | 80USYpvvF1M 78 Grateful Dead: Touch of Grey (2015 Remaster)
Green Day	Basket Case	NUTGr5t3MoY	high	search	97	195	Green Day	Green Day - Basket Case [Official Music Video] (4K Upgrade)	AJDiYxKSAqQ 76 Green Day: Basket Case | _lof1pYtL9Q 46 7clouds Rock: Green Day - Basket Case (Lyrics) | VKjEdYrx9P0 40 RockSongs: Basket Case - Green Day
Green Day	Dilemma	qAmulKjcHoo	high	search	95	198	Green Day	Green Day - Dilemma (Official Music Video)	Wvl75cRmZuk 84 Green Day: Green Day - “Dilemma” [American Music Awards 50th Anniversary Special] | Al_gL1oX_eI 46 7clouds Rock: Green Day - Dilemma (Lyrics) | olBgAuYxBxY 40 hearingandseeing: Green Day - Dilemma (Audio)
Green Day	Welcome To Paradise	1o-wiosXJB8	high	search	79	225	Green Day	Welcome to Paradise	zQ-qFkCLqLc 76 Green Day: Welcome to Paradise | OR7R9Kuw2fY 56 Green Day: Green Day - Welcome To Paradise [Live] | SOa-lJWeQ4Q 53 Green Day: Green Day - Welcome To Paradise [Live]
Greg Kihn Band	Jeopardy	XJCWdqZ0RSg	low	search	72	273	Greg Kihn	The Greg Kihn Band - Jeopardy (Official Music Video)	l9DUtnVGYuY 57 Greg Kihn: Jeopardy (Remastered) | xaQeuqCqMUs 53 Greg Kihn: Jeopardy | Aw6yROv3TeM 40 BackTo80s: Greg Kihn Band - Jeopardy (extended version)
Greg Kihn Band	The Breakup Song	1FUyrnXJFJE	high	manual	62	171	Greg Kihn	The Break Up Song	1FUyrnXJFJE 56 Greg Kihn: The Break Up Song | k8ePSJ44Fiw 41 Howman: Greg Kihn Band-The Breakup Song (They Don't Write 'Em) | vjWd_7OzO84 39 alon oz: Greg Kihn Band ‎- The Breakup Song - FULL LENGTH VERSION
Greta Van Fleet	Highway Tune	aJg4OJxp-co	high	search	95	182	Greta Van Fleet	Greta Van Fleet - Highway Tune (Official Video)	cj56b8Ucjaw 86 Greta Van Fleet: Greta Van Fleet - Highway Tune (Audio) | 5m-lJb69wrs 55 Greta Van Fleet: Greta Van Fleet - Highway Tune (Live in Toronto / 2018) | an6SmqvgFNY 39 Galactocerebrósido: Greta Van Fleet - Highway Tune
Griff	last night's mascara	LW7dpfolRJo	high	search	95	185	Griff	Griff - last night's mascara (Official Music Video)	4_BnQsiST90 86 Griff: Griff - last night's mascara | XAp7UyGwxLk 55 Griff: Griff - last night's mascara (feat. Aziya) [Live from Alexandra Palace] | c8RrA-tMdPg 53 Griff: Griff - last night's mascara (Live On The Graham Norton Show)
Grouplove	Good Morning	3bC3uMnEclc	high	search	95	223	GROUPLOVE	Grouplove - Good Morning [Official Video]	5nmyM3e7Uxw 85 GROUPLOVE: Grouplove - Good Morning [Genero Official Selection] | RD0DTaNreOk 43 GROUPLOVE: Grouplove - Good Morning (Acoustic) | 2sp9dn7wPmU 41 Eden Frenkel Content: Grouplove - Good Morning Lyrics
Gryffin	Best Is Yet To Come (Feat,. Kyle Reynolds)	FaA1-weqWgg	high	search	95	214	GRYFFIN	Gryffin - Best Is Yet To Come (with Kyle Reynolds) [Official Video]	FYXyjQIsz40 86 GRYFFIN: Gryffin - Best Is Yet To Come (with Kyle Reynolds) [Lyric Video] | A4QyEWrx9r4 45 Dance Paradise: Gryffin - Best Is Yet To Come (Lyrics) with Kyle Reynolds | vHACTYH1n8c 44 GRYFFIN: Gryffin - Best Is Yet To Come (with Kyle Reynolds) [Acoustic]
Gryffin	LAST OF US (Feat. Rita Ora)	jFUXkYS4TFw	high	search	91	191	GRYFFIN	Gryffin - LAST OF US (feat. Rita Ora) [OFFICIAL VISUALIZER]	vIc0bffUDRU 85 GRYFFIN: Gryffin – Last of Us (Ft. Rita Ora) [Official Lifestyle Video] | xQ7b0sRbaqU 78 GRYFFIN: LAST OF US (Ft. Rita Ora) [Official Lyric Video] | m-8bstxuOeY 55 Rita Ora: Gryffin – Last of Us (Ft. Rita Ora) [Official Video]
Gryffin	Need Your Love (feat. Seven Lions & Noah Kahan)	A9dX-C5SBD4	high	search	87	211	GRYFFIN	Gryffin & Seven Lions - Need Your Love (with Noah Kahan) [Jack Tierney Skate Video]	f84aIEYNfB8 86 GRYFFIN: Gryffin & Seven Lions - Need Your Love feat. Noah Kahan (Lyric Video) | Q-C6GJV3Bow 49 GRYFFIN: Gryffin, Seven Lions - Need Your Love (Nurko Remix/Audio) ft. Noah Kahan | 6nCRbdzIFI4 45 WaveMusic: Gryffin & Seven Lions - Need Your Love (Lyrics) feat. Noah Kahan
Gryffin	Oceans (with Kid Joi)		none	search	0	0			
Gryffin	Sometimes You Know (with Maia Wright)	UJN4IoQXnxI	high	search	95	136	GRYFFIN	Gryffin & Maia Wright - Sometimes You Know (Official Visualizer)	pG0tfJAn7yw 44 Jarel Gomes: Gryffin & Maia Wright - Sometimes You Know (Piano Synthesia Version) | ZtP4aFNppb8 41 Pауtоn Sаmuеls: Gryffin feat. Maia Wright - Sometimes You Know (Lyrics) | 3o5WcFfBBjo 40 Winnie Chen: 【Gryffin作品系列】Gryffin & Maia Wright - Sometimes You Know 中文字幕
Gryffin	The Feeling (Feat. YDG)	IgZ7FSGQ9QQ	low	search	47	200	WaveMusic	Gryffin, YDG - The Feeling (Lyrics)	LVjlpXlNGDw 41 Engmus: Gryffin, YDG - The Feeling (Lyrics) | -l3c1apvr6c 27 GRYFFIN: Gryffin & Elley Duhé - Forever (Official Music Video) | 2XQEruKtR5c 26 GRYFFIN: Gryffin x Excision - Air ft. Julia Michaels [OFFICIAL VISUALIZER]
Gryffin	You Were Loved (Feat. Onerepublic)	8d9Ma7vp7Sc	high	search	95	226	GRYFFIN	Gryffin & OneRepublic - You Were Loved [Official Video]	kEpOPMmY24I 46 OneRepublic: OneRepublic & Gryffin - You Were Loved (Official Lyric Video) | DmKbQr2jLJ0 45 7clouds: Gryffin & OneRepublic - You Were Loved (Lyrics) | N5Yqwk_RQCU 31 GRYFFIN: Gryffin, OneRepublic - You Were Loved (Caslow Remix) [Official Visualizer]
GudFella	Higher (Feat. Jai Wolf)	hI7K_Dyd53g	high	search	79	207	GUDFELLA	Higher	"tF4wIrkTlgk -90 DJ “D.O.C.”: DJ ""D.O.C."" On Air Episode 287 | VAwuIl-Sgvo -92 ModaviOfficial: Dance, Tech House & Rave Mix December 2025 - Hardwell, James Hype, Gorgon City - WAEM 06 | p5glrbjsF-U -93 Jason Parkins and Will Volovich: Rooftop Sunset DJ Mix | Santa Clara University | Daylight Savings"
Gwen Stefani	Hot Cocoa	mXLZK3AdYpA	high	search	93	219	Gwen Stefani	Gwen Stefani - Hot Cocoa (Official Audio)	CKwcHTpV5e0 87 Gwen Stefani: Gwen Stefani - Hot Cocoa (Official Lyric Video) | bXtePn3o2s4 75 Gwen Stefani: this song is everything that goes together like hot cocoa + marshmallows. Hot Cocoa out now | FKW6tt3ogsY 44 Rap Paradise: Gwen Stefani - Hot Cocoa (Lyrics)
Gwen Stefani	Somebody Else's	GA_KjY2EXZQ	high	search	95	231	Gwen Stefani	Gwen Stefani - Somebody Else's (Official Music Video)	5kn8Z7jmi30 93 Gwen Stefani: Gwen Stefani - Somebody Else's (Official Audio) | _1yB2ckel1M 86 Gwen Stefani: Gwen Stefani - Somebody Else's (Official Lyric Video) | tt16vZLdCKg 84 Gwen Stefani: Gwen Stefani - Somebody Else's (Backyard Garden Party)
Gwen Stefani	The Sweet Escape (feat. Akon)	O0lf_fE3HwA	high	search	87	247	Gwen Stefani	Gwen Stefani - The Sweet Escape ft. Akon	BXeYxxCTyPk 46 Latin City: Gwen Stefani – The Sweet Escape | AJFgts2fv6k 46 Espaço Music: Akon Feat. Gwen Stefani - The Sweet Escape (Official Audio) | J2mUmv5q-hI 40 Rafael S Rosas: Gwen Stefani - 02 The Sweet Escape
Gwen Stefani	Wind It Up	9sY-TsLXiDo	high	search	95	189	Gwen Stefani	Gwen Stefani - Wind It Up (Official Music Video)	"pCWj3TV1xbc 53 Gwen Stefani: Gwen Stefani - Wind It Up (Live) | j4S8lGmpVdw 41 TheAudioQueen: ""Wind It Up"" Gwen Stefani Audio | LS2npTg8thM 40 Oh Nonie: Gwen Stefani - Wind it up (LYRICS)"
Gwen Stefani	You Make It Feel Like Christmas (feat. Blake Shelton)	3ZT9_H4-hbM	high	search	95	184	Gwen Stefani	Gwen Stefani - You Make It Feel Like Christmas (Official Music Video) ft. Blake Shelton	uA4STm4hx7Q 86 Gwen Stefani: Gwen Stefani - You Make It Feel Like Christmas (Audio) ft. Blake Shelton | mavnpQM4HyY 84 Gwen Stefani: Gwen Stefani - You Make It Feel Like Christmas (Lyric Video) ft. Blake Shelton | DkXD5949qqQ 53 Gwen Stefani: You Make It Feel Like Christmas (Live From “Gwen Stefani’s You Make It Feel Like Christmas”
Haddaway	What Is Love	HEXWRTEbj1I	low	search	49	241	DECADR	Haddaway - What Is Love (Official 4K Video)	OFNrN_6Ta5I 46 YOUMUSIC: Haddaway - What is Love (Audio) | G8RY_XOqJf4 40 Wind Music: Haddaway - What Is Love (lyrics) | 6bmiS2PMz_U 38 frontera2032: Haddaway   What is Love
half%5)%/0%1)alive	All My Love (Imperative)		none	search	-19	0			j7oQEPfe-O8 -22 remhq: R.E.M. - The One I Love (Official Music Video) | ehS5qtwA9OY -26 AC/DC: AC/DC - Let Me Put My Love Into You (Official 4K Video) | TmU7w3NzPpM -27 Keith Sweat: How Deep Is Your Love
half%5)%/0%1)alive	R.I.P. (feat. The Walters)		none	search	-86	0			
half%5)%/0%1)alive	Sophie%5)%/0		none	search	-26	0			RB6ZWWpykCs -35 123ABCtv: I Can Count from 1 to 5 - Counting to 5 for Toddlers - Count 1 to 5 | EnImVRNTYA8 -42 Dusty Slay: It's 5 O'Clock Somewhere | Dusty Slay Stand Up Comedy | 9ir_l7qTiZ4 -61 NurseryTracks: Nursery Rhyme - 1,2,3,4,5 Once I caught a fish alive
half•alive	All My Love (Imperative)	1cFvYYW6ihk	low	search	57	129	half•alive	half•alive - All My Love (Imperative) (Official)	lxiiVVoEElI 15 half•alive: half•alive - All My Love (Imperative) (Acoustic) (Audio) | ez3Cdw8nGiI 11 Hands Free Lyrics: half•alive - All My Love (Imperative) (Lyrics) | 1Gc5oEmyE_o 8 Music Memories: All My Love (Imperative) - Half Alive (Columbus 2025)
half•alive	R.I.P. (feat. The Walters)	xRL9-wjJGXY	low	search	57	185	half•alive	half•alive - R.I.P. (Audio) feat. The Walters	MwsrZ9Nz-OQ 16 cold boy.: half•alive - R.I.P. (Lyrics) ft. The Walters | M9as_BS0Ckc 10 killlercherry: half•alive - R.I.P. feat. The Walters | tvRrVxcdq34 9 Tom Perna: half alive - R.I.P.  (ft Luke from The Walters)
half•alive	Sophie’s House	ukcrlVnsAvM	low	search	65	302	half•alive	half•alive - Sophie's House (Official Video)	cY02FTTzqgs 31 half•alive archive: half•alive - Sophie's House - Pre Vis3 (Music Video Direction Rehearsal) | cuTUrSqBby0 15 half•alive: half•alive - Sophie's House (Acoustic) (Audio) | JHB1UR9crOU 11 Hands Free Lyrics: half•alive - Sophie's House (Lyrics)
Hall & Oates	Method Of Modern Love	Q3F4c7E9IBU	low	search	47	343	Daryl Hall & John Oates	Daryl Hall & John Oates - Method of Modern Love (Official Video)	11GGjtMt6Mg 38 Daryl Hall & John Oates: Method of Modern Love | YpNjzpShI28 37 Daryl Hall & John Oates: Method of Modern Love | FNUgWLt33eI 36 Daryl Hall & John Oates: Daryl Hall & John Oates - Method Of Modern Love
Hall & Oates	You Make My Dreams	EErSKhC0CZs	low	search	41	184	Daryl Hall & John Oates	Daryl Hall & John Oates - You Make My Dreams (Official HD Video)	pQGH_Y1BZSs 39 HALLnOatesVEVO: Hall and Oates -- You Make My Dreams Come True | 49BQKU5wflk 38 7clouds Rock: Daryl Hall & John Oates - You Make My Dreams Come True (Lyrics) | 5ezoFMr55-Y 38 swimguyLHS: Hall & Oates - You Make My Dreams
Halsey	So Good	N6tv11_KMiM	high	search	87	229	Halsey	Halsey - So Good	ObUvyMtiP34 85 Halsey: Halsey - So Good (Visualizer) | TeZ50IBEqNY 83 Halsey: Halsey - So Good (Stripped) | rYia4crL5As 46 Rap Samurai: Halsey - So Good (Lyrics)
Hana Vu	Parking Lot	WSoO0u5QC1w	low	search	42	246	Ghostly International	Hana Vu - Parking Lot	MSdGMw-j6_c 40 creu ràdio: hana vu _ parking lot | Xg618pb_hwQ 27 Hana Vu: Hana Vu - Hammer (Official Video) | zoRT-QK0IIc 11 Gerrit, Music Lover, Traveler, Geek: Hana Vu - Parking Lot LIVE - Santa Fe, New Mexico (Feb 24, 2025)
Hank Williams, Jr.	All My Rowdy Friends Are Coming Over Tonight	O42BjLp1Wpw	high	search	78	176	Hank Williams, Jr.	All My Rowdy Friends Are Coming Over Tonight	tsGqLi9sYHI 77 Hank Williams, Jr.: All My Rowdy Friends Are Coming Over Tonight | 6h9rhxnVD4U 57 Hank Williams, Jr.: All My Rowdy Friends (Have Settled Down) | k2GBQqSKl8w 50 Curb Records: Hank Williams Jr - All My Rowdy Friends Are Coming Over Tonight (Official Music Video)
Hanson	Christmas (Baby Please Come Home)	i8GCoGLml18	high	search	79	201	HANSON	Christmas (Baby Please Come Home)	-OfxPUEh9Pg 76 HANSON: Merry Christmas Baby | TRb0nR9aLRA 63 Hansonized: HANSON - Christmas (Baby, Please Come Home) | AByKuyvr4P0 60 Hansonized: Hanson - Christmas, Baby Please Come Home | Vocals Only
Hanson	Run Rudolph Run	lpq5oH0oFvw	high	search	79	193	HANSON	Run Rudolph Run	VF88KGYZftI 41 silent peach: Hanson - Run Rudolph Run - full music video (stereo) | gwASDwcZPgM 40 NewestAnuk18: Hanson - Run Rudolph Run | IIo9kvlfyeg 39 Concert Katie: Hanson Run Rudolph Run Sayreville
Harry Styles	As It Was	H5v3kku4y6Q	high	search	95	166	Harry Styles	Harry Styles - As It Was (Official Video)	V1Z586zoeeE 85 Harry Styles: Harry Styles - As It Was (Audio) | s8MlHTI7bUE 53 Harry Styles: Harry Styles - As It Was – Live from One Night Only in New York | CjIUVRei27g 47 Tune Discovery : Harry Styles - As It Was (Official Audio)
Harry Styles	Golden	P3cffdsEXXw	high	search	95	210	Harry Styles	Harry Styles - Golden (Official Video)	enuYFtMHgfU 94 Harry Styles: Harry Styles - Golden (Official Audio) | S2YW_wHT20U 83 Harry Styles: Harry Styles - Golden - Behind the Scenes | U8p1IHq0ImQ 45 The Vibe Guide: Harry Styles - Golden (Lyrics)
Harry Styles	Satellite	bGZplqeIb3w	high	search	95	256	Harry Styles	Harry Styles - Satellite (Official Video)	o0LaNit1ts8 86 Harry Styles: Harry Styles - Satellite (Audio) | WQrh16Q3FUM 54 Harry Styles: Harry Styles - Satellite (Live from One Night Only in New York) | ggH9YXThuYQ 45 7clouds: Harry Styles - Satellite (Lyrics)
Harry Styles	Treat People With Kindness	L0X03zR0rQk	high	search	95	202	Harry Styles	Harry Styles - Treat People With Kindness (Official Video)	Pi2Gy7DG75g 94 Harry Styles: Harry Styles - Treat People With Kindness (Official Audio) | B7N2StZ2g1c 45 Royal Music: Harry Styles - Treat People with Kindness (Lyrics) | fnaqpeiQyUo 39 Bea : Harry Styles - Treat People With Kindness (Behind The Scenes)
Harvey Danger	Flagpole Sitta (Clean Version)	sVt1Dy_LblQ	high	search	88	218	Harvey Danger - Topic	Flagpole Sitta	"e-bDS2-XHpU 87 Harvey Danger - Topic: Flagpole Sitta | wYsMjEeEg4g 50 No Sleep Records: Harvey Danger - Flagpole Sitta (Official Music Video) | uubt2iMM_R4 39 newbluehonda: Harvey Danger - ""Flagpole Sitta"" [Letterman 8/11/98]"
Hatchie	The Key	3NE5zOsVnbc	high	search	79	255	Hatchie	The Key	4HN_f4tGXKQ 40 7th street media: Hatchie - The Key | IJDlNz4Qm14 39 Kent Flynn: Hatchie - The Key | M-Tg7hZtD0Q 38 alienated: Hatchie - The Key
Haute & Freddy	Dance The Pain Away	1BhJBoSILk4	high	search	95	249	Haute & Freddy	Haute & Freddy  - Dance The Pain Away (Official Music Video)	"oKuv4RnrROk 41 Pop Station: Haute & Freddy - Dance The Pain Away | q0Xp8ITqZKA 39 MuseMix: Haute & Freddy “Dance The Pain Away” Audio | s3OmnoV1E4s 38 Benjamin Lee: Haute & Freddy ""Dance the Pain Away"" (3/10/26) Bob Baker Marionette Theater "
Heatwave	The Groove Line	sw1OwMrh7XA	high	search	92	265	HeatwaveVEVO	Heatwave - The Groove Line (Audio)	"gNS3Fz4XEeA 88 Heatwave - Topic: The Groove Line (12"" Disco Version) | XrRqiLPTVrs 40 ss228com: HEATWAVE / The Groove Line   1978 | xxpECoirTJY 39 Help: Heatwave - The Groove Line (HQ Music Video)"
Heavy D & The Boyz	Now That We Found Love (feat. Aaron Hall)	NNEgUPKxk7A	high	search	100	258	HeavyDAndTheBoyzVEVO	Heavy D & The Boyz - Now That We Found Love (Official Music Video) ft. Aaron Hall	wAHOWd2K2o8 41 LeaseLeeLeeWhatever: Now That We Found Love- Heavy D and the Boyz Lyrics | fAnKORQ4YL0 40 noddi ginge: Heavy D and the boyz - now that we found love ( 1991) | UhRRIT1xms4 39 the90sguy: Heavy D. & The Boyz - Now That We Found Love (1991)
High Valley	Small Town Somethin'	mQ4aJnHIGto	high	search	79	153	High Valley	Small Town Somethin'	lOsqmPlu3Wk 78 High Valley: Small Town Somethin' | dIb4OFqm6gU 38 Jaime Iriepa: High Valley - Small Town Somethin' (Traducido al Español) | CYlifFopqbw 38 TMS | Global Entertainment: Brad Rempel on High Valley’s new album 'Small Town Somethin’
Hilary Duff	Come Clean	Hgej0KpTziQ	high	search	85	214	Hilary Duff	Hilary Duff - Come Clean (Mine)	RDLNmailOwI 75 Hilary Duff: Come Clean | 4a-SEPT8DeE 52 HDmjuzik: Hilary Duff - Come Clean (Official Video) [HD] | sK8Yh6_aJ54 41 Audioandlyrics: Hilary Duff - Come Clean (Lyrics)
Hilary Duff	Santa Claus Lane	p1M6CjKzpi4	high	search	79	163	Hilary Duff	Santa Claus Lane	oYlHzpxYGx4 48 sutasususuellen: Hilary Duff - Santa Claus Lane Official Music Video | b_drVGqUYOw 41 HilaryHigh: Hilary Duff - Santa Claus Lane | xtgJKPG0Y_w 38 flowerlyrics: Santa Claus Lane - Hilary Duff - With Lyrics
Hoku	Another Dumb Blonde	nG7T9q48ggQ	high	search	92	248	HokuVEVO	Hoku - Another Dumb Blonde	"1U1mMac7HO4 41 Lost Pop Lyrics: Hoku: 01. Another Dumb Blonde (Lyrics) | StLUlnLjOmw 39 Oohbaby  Yeahbaby: Hoku "" Another Dumb Blonde "" | oD9Mhg3McI0 38 Flowerchild Vibes: Hoku - Another Dumb Blonde - Donny & Marie Talk Show - 2000"
Hoku	Perfect Day	urKF_ikOK1A	high	search	88	209	Hoku - Topic	Perfect Day	qdpDHGSZWXc 61 Hoku - Topic: Perfect Day (Chris Lord Alge Mix) | zXYLMevMsd0 44 aTunes: Hoku - Perfect Day (Music Video) (1080p Remaster by aTunes) | jFB0uAD6RtU 40 AhhMagicLyrics: Perfect Day - Hoku (Legally Blonde Soundtrack) - with Lyrics
Hozier	Nobody's Soldier	Yj4H_-VOceM	high	search	95	238	Hozier	Hozier - Nobody's Soldier (Official Video)	pxosHw2MXrs 93 Hozier: Hozier - Nobody's Soldier (Official Audio) | ahdLw_EpYvU 86 Hozier: Hozier - Nobody's Soldier (Official Lyric Video) | iAfUdszt9M8 44 Iyan Music: Hozier - Nobody's Soldier (Lyrics)
Hozier	Too Sweet	NTpbbQUBbuo	high	search	95	249	Hozier	Hozier - Too Sweet (Official Video)	"aezstCBHOPQ 86 Hozier: Hozier - Too Sweet (Official Lyric Video) | HKtryoXkNs4 45 BagOnly: Hozier - Too Sweet (Lyrics) | Sg3hU_sdhKw 44 BangersOnly: Hozier - Too Sweet (Lyrics) ""i take my whiskey neat"""
Huey Lewis & The News	Heart And Soul	8TdaXhpjHws	low	search	47	236	hueylewisofficial	Huey Lewis & The News - Heart And Soul	370ZEMUhMe8 45 hueylewisofficial: Huey Lewis and the News - Heart And Soul (Ohne Filter Extra, October 18, 1984) | 3tMm2plBP3M 39 Music: Huey Lewis & The News - Heart And Soul | 5U462nA-9HA 38 hueylewisofficial: Heart And Soul
Huey Lewis & The News	Hip To Be Square	LB5YkmjalDg	low	search	47	232	hueylewisofficial	Huey Lewis & The News - Hip To Be Square	_ggK1hK8ssI 41 Song Lyrics HD: Huey Lewis And The News - Hip To Be Square (Lyrics HD) | HbF1g3k2mtw 38 hueylewisofficial: Hip To Be Square | 7bkYBWJDqaQ 38 HD Film Tributes: American Psycho • Hip to Be Square • Huey Lewis and the News
Huey Lewis & The News	The Heart Of Rock And Roll	M7JVlpm0eRs	low	search	47	267	hueylewisofficial	Huey Lewis & The News - The Heart Of Rock & Roll	CmBtdDYWe8A 42 Music Jukebox: Huey Lewis & The News - The Heart Of Rock And Roll (Remastered) | udvVFSeMVws 40 Michaels Hit Music: Huey Lewis and The News - The Heart Of Rock & Roll (HD/Lyrics) | z8rZ_iS2vX8 38 hueylewisofficial: The Heart Of Rock & Roll (Single Edit)
Huey Lewis & The News	Walking On A Thin Line	VVE9Kj1o4ig	high	manual	43	311	hueylewisofficial	Walking On A Thin Line	NgdJnNc1Zns 41 GagneZone: Walking On A Thin Line - Huey Lewis & The News | VVE9Kj1o4ig 39 hueylewisofficial: Walking On A Thin Line | m94U1LSGAsI 32 TheUglylucy4: Walking on a Thin Line
Huey Lewis & The News	Workin For A Livin	lcIK3akktLU	low	search	47	158	hueylewisofficial	Huey Lewis And The News - Workin' For A Livin'	CUGZiagK29g 45 hueylewisofficial: Huey Lewis & The News -  Workin' For A Livin' | 6XOIo-Q85yU 43 hueylewisofficial: Huey Lewis and the News - Workin' For A Livin' (Ohne Filter Extra, 1984) | Klzq3zpayeY 39 HLNmusic: Huey Lewis And The News - 1982 - Workin' For A Livin'
Hugel	Think Of Me (Feat. David Guetta, Kehlani, Daecolm)	RrKOH8h_3_g	high	search	87	171	HUGEL	HUGEL, David Guetta, Kehlani, Daecolm - Think Of Me (Lyric Video)	4VGEDjStFwM 46 David Guetta: HUGEL, David Guetta, Kehlani, Daecolm - Think Of Me (Lyric Video) | 1izQKe_FI2U 45 WaveMusic: HUGEL, David Guetta - Think Of Me (Lyrics) feat. Kehlani & Daecolm | HgtMdcPF408 18 Illumi Music: HUGEL, David Guetta, Kehlani, Daecolm - Think Of Me (Extended Mix)
HUGEL, Imael Angel, Ultra Naté	Movin' To The Sun	n7QlUH0zrPg	high	manual	54	142	Make The Girls Dance Records	HUGEL, Ultra Nate, Imael Angel - Movin’ To The Sun [Make The Girls Dance Records]	n7QlUH0zrPg 34 Make The Girls Dance Records and HUGEL: HUGEL, Ultra Nate, Imael Angel - Movin’ To The Sun  [Make The Gir | rR2gfIj9CG4 31 OnLyrics: HUGEL - Movin' To The Sun (Lyrics) | O8UeJzWjs1s 8 VeryHouseMusic: Ultra Nate, Hugel, Imael Angel - Movin' To The Sun (Extended Mix)
HUNTR/X	Golden (with EJAE, Audrey Nuna, Rei Ami)	aDkTdnOomcs	low	search	47	195	Vibe Music	HUNTR/X - Golden (Lyrics) ft. EJAE · AUDREY NUNA · REI AMI	-tdLYsc-KBY 15 BBC: HUNTR/X perform ‘Golden’ LIVE at the BAFTAs 🎤✨ (EJAE, Audrey Nuna and REI AMI) - BBC | 8y-ViyUk7Dk -2 The Tonight Show Starring Jimmy Fallon: EJAE, Audrey Nuna and Rei Ami from KPop Demon Hunters: Golden | T | Be07t0pinjw -4 Jimmy Kimmel Live: EJAE, Audrey Nuna & REI AMI from KPop Demon Hunters - Golden (Glowin’ Version)
HUNTR/X	How It%5)%/0		none	search	-27	0			"XvOOcT2leEs -59 Thầy Huy Kid Dance: [KPop Demon Hunters In Public] ""How It's Done"" - HUNTR/X Dance By BABY WARRIORS From | hohuFW0zQUw -62 Netflix Philippines: HUNTR/X (Huntrix) - ‘Golden’ Music Video | KPop Demon Hunters | Netflix Philippines | 6oEJG-8kATc -66 The Vibe Guide: Huntrix - How It's Done (Lyrics) | K-Pop Demon Hunters"
HUNTR/X	How It’s Done (feat. EJAE, Audrey Nuna, Rei Ami)	o8OjEIITii4	low	search	47	177	Vibe Music	HUNTR/X - How It’s Done (Lyrics) ft. EJAE, AUDREY NUNA & REI AMI	PvKx8M5C0yM 1 Hamzah Music and Hamzah Edits: Huntrix How It’s Done McDonald’s live performance  | uo1YZXlP3O8 -10 Netflix Family: ‘How It’s Done’ Lyric Video | KPop Demon Hunters | Netflix Family | 8y-ViyUk7Dk -67 The Tonight Show Starring Jimmy Fallon: EJAE, Audrey Nuna and Rei Ami from KPop Demon Hunters: Golden | 
HUNTR/X	What It Sounds Like (feat. EJAE, Audrey Nuna, Rei Ami)	YVN14KHWRTo	low	search	47	251	Vibe Music	HUNTR/X - What It Sounds Like (Lyrics) ft. EJAE · AUDREY NUNA · REI AMI	"T1tOzpfNO3o 38 Musica Milagrosa: HUNTR/X - What It Sounds Like (Lyrics) ft. EJAE · AUDREY NUNA · REI AMI | PfBU5YDtEV0 -9 🌙 𝔄𝔩𝔢𝔵𝔞𝔫𝔡𝔯𝔦𝔱𝔢 𝔏𝔢𝔡𝔤𝔢𝔯 🌙: EJAE -- ""What It Sounds Like"" Final Medley Demo from ""K-Pop Demon Hunters"" | 8y-ViyUk7Dk -67 The Tonight Show Starring Jimmy Fallon: EJAE, Audrey Nuna and Rei Ami from KPop Demon Hunters: Golden | "
Iann Dior	TATTOOS & U	SMHuXBjC6qo	high	search	95	121	iann dior	iann dior - TATTOOS & U (Official Video)	A6lWLJWIZdo 45 Polar Records: iann dior - TATTOOS & U (Lyrics) | 7KIG7u7TFA4 41 Ügly Face: iann dior - TATTOOS & U (Lyrics) | BU9DQxqY5m0 38 domdarican: This Songs GASS!! l Iann Dior - Tattoos and U
iio	Rapture	8jsNQo9FCok	high	search	86	209	iio	iiO - Rapture (OFFICIAL HQ)	gyWifsKEnCI 77 iio: Rapture (Radio Edit) | on8DJBt07eU 55 Embassy One: iiO - Rapture (Official Video) | ROk-CYnAlw0 9 DancestarAwardsVEVO: iio - Rapture / At The End (Live at Dancestar Awards) | Classic House Anthem ft. Nadi
Ike & Tina Turner	River Deep Mountain High	pWK7v0gIHLo	high	search	89	215	Ike & Tina Turner - Topic	River Deep - Mountain High	jhkIh4x4mmM 41 thedudesupreme: Ike & Tina Turner - River Deep Mountain High 1971 (including intro) | uj0wPrN_Y_4 40 amajor2002: Ike & Tina Turner - River Deep Mountain High (original 1966 promo, edited) | e9Lehkou2Do 31 Sam Toucan: Tina Turner - River Deep, Mountain High (1966 Phil Spector version)
ILLENIUM	Die Living (Feat. David Guetta & Dustin Lynch)	KSikg9BcTHg	low	search	64	171	ILLENIUM and 2 more	ILLENIUM, David Guetta, Dustin Lynch - Die Living (Official Lyric Video)	kjJCtz642bw 62 ILLENIUM and Dustin Lynch: ILLENIUM, Dustin Lynch ft. David Guetta - Die Living (Back Road Version) (Offi | Sl8uZWDZpAk 46 WaveMusic: ILLENIUM, David Guetta, Dustin Lynch - Die Living (Lyrics) | exBhNRhKRZo 38 DerekD2: ILLENIUM & DAVID GUETTA (FT. DUSTIN LYNCH) - DIE LIVING | LAS VEGAS SPHERE 2026
ILLENIUM	Don't Want Your Love (Feat. Ellie Goulding)	WZq3gvBd4JA	high	search	94	193	ILLENIUM	ILLENIUM, Ellie Goulding - Don't Want Your Love (Official Visualizer)	zdt7vg1G6pE 87 ILLENIUM: ILLENIUM, Ellie Goulding - Don't Want Your Love | qlibMXZz6BU 46 TAAL: ILLENIUM, Ellie Goulding - Don't Want Your Love (Official Audio) | Gwvk7T3zJpQ 45 WaveMusic: ILLENIUM & Ellie Goulding - Don't Want Your Love (Lyrics)
ILLENIUM	Feel Alive (Feat. Bastille & Dabin)	NP21WG0Z9YQ	low	search	64	167	ILLENIUM and 2 more	ILLENIUM, Bastille & Dabin - Feel Alive (Visualizer)	TgQPNQubY1Y 45 GalaxyMusic: Illenium & Bastille & Dabin - Feel Alive (Lyrics) | VIc_ct7FeRA 41 nyrewes 2: ILLENIUM & Dabin ft. Bastille - Feel Alive [LQ] | wzuD6i3k6Iw 38 Neon City: ILLENIUM & Dabin - Feel Alive (ft. Bastille)
Illit	Magnetic	6KIuzXYR16Y	high	search	86	167	ILLIT	ILLIT (아일릿) ‘Magnetic’ Dance Practice (Fix Ver.)	Vk5-c_v4gMU 47 HYBE LABELS: ILLIT (아일릿) ‘Magnetic’ Official MV | YVMUjAE-0SM 46 JXS_BP Official: ILLIT (아일릿) 'Magnetic' Official Audio | gCdNHUYP1iE 45 STUDIO CHOOM [스튜디오 춤]: [BE ORIGINAL] ILLIT(아일릿) 'Magnetic' (4K)
Illiterate Light	Payphone	5EHsF1MzzUA	high	search	95	253	Illiterate Light	Illiterate Light - Payphone (Official Music Video)	Rfj4tZXAjtg 56 Illiterate Light: Illiterate Light - Payphone (Live at Johnny Brenda's) | HYGWyOKLZ9U 53 Illiterate Light: Illiterate Light - Payphone (Live at Soundcheck Infinity) | xcCymiDd088 40 The Indie Blend: Illiterate Light   Payphone
Imagine Dragons	Sharks	Te3_VlimRw0	high	search	95	217	ImagineDragons	Imagine Dragons - Sharks (Official Music Video)	7j7twuejxvU 86 ImagineDragons: Imagine Dragons - Sharks (Official Lyric Video) | V-wCqCNJ6_Y 45 Creative Chaos: Imagine Dragons - Sharks (Lyrics) | MOmci_42gS8 44 The Vibe Guide: Imagine Dragons - Sharks (Lyrics)
Incubus	Nice To Know You	Qf_7mEPMIAc	high	search	87	289	Incubus	Incubus - Nice To Know You	2sN1PPyMoFE 85 Incubus: Incubus - Nice to Know You (from The Morning View Sessions) | e8HU3Xa-f3A 75 Incubus: Nice to Know You | iVWPFq_VAMg 41 P4ININTHE4SS: Incubus-Nice to know you
Information Society	What's On Your Mind (Pure Energy)	ijAYN9zVnwg	high	search	97	274	Information Society	Information Society - What's on Your Mind (Pure Energy) [Official Music Video] [HD]	qwTUsUVHnB4 77 Information Society: What's On Your Mind [Pure Energy] | DLC2JKWHum4 76 Information Society: What's on Your Mind (Pure Energy) | 1Wb03zL2FF4 75 Information Society: What's On Your Mind [Pure Energy]
Ingrid Michaelson	Merry Christmas, Happy New Year (Feat. Zooey Deschanel)	s9AU0gUGumE	high	search	95	219	IngridMichaelson	"Ingrid Michaelson & Zooey Deschanel - ""Merry Christmas, Happy New Year"" (Official Music Video)"	"l9uiApckHyE 41 Undertow: Ingrid Michaelson - Merry Christmas, Happy New Year | nNHxKgJ3FHI 40 Supreme MIDI: Ingrid Michaelson & Zooey Deschanel - MERRY CHRISTMAS, HAPPY NEW YEAR (MIDI REMAKE) - ""in s | zBNaHCIDxRs 26 IngridMichaelson: Ingrid Michaelson and Jason Mraz - ""Christmas Valentine"" (Official Music Video)"
Ingrid Michaelson	Rockin' Around the Christmas Tree (Feat. Grace Vanderwaal)	7mKRN79ter8	high	search	95	184	IngridMichaelson	Ingrid Michaelson - Rockin' Around The Christmas Tree feat. Grace VanderWaal (Official Music Video)	"CgzMSZJB8yc 93 IngridMichaelson: Ingrid Michaelson - ""Rockin' Around The Christmas Tree (Feat. Grace VanderWaal)"" (Offic | BZDD5hcjYPI 39 𝙂𝙇𝙊𝙑𝘼𝙇 𝙀𝘿𝙄𝙏𝙎: Ingrid Michaelson - Rockin' Around The Christmas Tree ft. Grace VanderWaal(sub español)❤ | qnooZlAOyM4 38 MJS BigBlog: Grace Vanderwaal & Ingrid Michaelson - Rockin Around the Christmas Tree - 2019 Disney Park P"
Ini Kamoze	Here Comes The Hotstepper	15UffN8eilI	high	manual	47	248	IniKamozeVEVO	Ini Kamoze - Here Comes The Hotstepper (Remix) (Official Video)	x1xZF3q9x_Q 43 life + lyrics: iNi Kamoze - Here Comes the Hotstepper (Lyrics) | FRn6hBK1Nyw 41 DavidMusicLover: Ini Kamoze - Here comes the hotstepper | 15UffN8eilI 40 IniKamozeVEVO: Ini Kamoze - Here Comes The Hotstepper (Remix) (Official Video)
Inner Circle	Bad Boys (Theme From COPS)	EwzyQg_Pqrw	high	manual	44	229	BadBoysOfReggae	Inner Circle - Bad Boys (Theme from COPS)	EwzyQg_Pqrw 44 BadBoysOfReggae: Inner Circle - Bad Boys (Theme from COPS) | Zd68AthoNIw 41 Freddy Delvalle: Inner Circle - Bad Boys (Video original) | 2bOUjNKjZ4s 35 BadBoysOfReggae: Bad Boys
INViDA	Wicked Game	PxD6Aozn-lY	high	search	89	224	INViDA - Topic	Wicked Game (Extended)	"5dlwgjMsZvQ 41 Robbins Entertainment: INViDA, MANETH & Nina Carr ""Wicked Game"" | W8i86eYCBYo 30 Salah Beheery: wicked game PocketPC | wkBEOzVQYdA -3 A & S: Chris Isaak - Wicked Game ( A & S Remix )"
INXS	Need You Tonight	F93ywiGMDnQ	high	search	95	190	INXS	INXS - Need You Tonight (Official Music Video)	j07drBZBGe8 78 INXS: Need You Tonight | ocW21raxptk 56 INXS TV: INXS - Need You Tonight | Live At Wembley Stadium, 1991 | Live Baby Live [4K] | Swdbv5I6qzc 40 Cruise Control: Inxs - Need you tonight
INXS	The One Thing	XJyKTNdPL5s	high	search	95	204	INXS	INXS - The One Thing (Official Music Video)	hx_h7xsAhhk 54 INXS: INXS - The One Thing (Live) | MihPuqN26N4 41 Hands Free Lyrics: INXS - The One Thing (Lyrics) | DIIpoOD5hOU 40 Larry Dean: INXS * The One Thing   1992    HQ
INXS	What You Need	FoEPrbdfmT4	high	search	95	219	INXS	INXS - What You Need (Official Music Video)	KBeS5Iaqgv0 78 INXS: What You Need | UxkQLU6ZzFc 54 INXS: INXS - What You Need (Official Live Video) Live From Wembley Stadium 1991 / Live Baby Live | 6KX4Md45Wrc 40 ♪FenderGibson Sounds♪: INXS | What You Need (HQ)
Irene Cara	Fame	UYj8EvuTxmM	low	search	46	216	BebotExpress	Irene Cara - Fame (Official Music Video)	H1gMQ_q3FSM 42 HD Film Tributes: Fame • Theme Song • Irene Cara | ynZCDm0IEVM 40 mirrorro77: Irene Cara -  Fame  --  HQ Audio -- LYRICS | dF4P4Gcwcps 40 Luis Felipe Hernández: Fame　1980　Fame   Irene Cara　HD 1080P
Irene Cara	Flashdance...What A Feeling	ILWSp0m9G2U	low	search	55	200	UnidiscMusic	Irene Cara  - Flashdance What A Feeling (Official Music Video)	7uHZfjAjO7E 40 Young Pilgrim Music: Irene Cara - Flashdance...What A Feeling (Lyrics) | A64KVUfo4ew 40 GoldenMusic: Irene Cara - Flashdance What A Feeling (Remastered) [Audio HQ] | miax0Jpe5mA 39 HD Film Tributes: Flashdance • What a Feeling • Irene Cara
Isaac Hayes	"Theme From ""Shaft"""	fTU_9T5ufzY	high	search	80	285	Isaac Hayes	Theme From Shaft (Remastered 2009)	Q429AOpL_ds 42 Alamo YTC Germany: Isaac Hayes - Theme From Shaft (1971) | lPE3C0GpDoA 8 CharlieKappa: Isaac Hayes - Theme from Shaft live (1971) | Lytb0fgJ6vY -26 Sergii Novokhatskyi: Isaac Hayes - Shaft in Studio (best q)
Jack White	That's How I'm Feeling	A3neCOTqfj8	high	search	95	196	Jack White	Jack White - That's How I'm Feeling (Official Video)	Ozv5moXP3YA 94 Jack White: Jack White - That's How I'm Feeling (Official Audio) | 8-kGvDAc7F8 45 Jack White: That's How I'm Feeling (Live) | XF_x5rzK04k 40 Top Hits USA: Jack White - That's How I'm Feeling (Lyrics)
Jackie Wilson	"(Your Love Keeps Lifting Me) Higher and Higher (From ""The Bachelor"")"		none	search	-19	0			pi82_sMIfQ4 -31 Holly Scragg: MR & MRS SCRAGG | d4ffsnn3sNw -35 BIGREDSHCHORS: Pat Reader - Ricky (1960) | jkk5YLwYsfs -35 Wzra Tv: The Bachelorette's Brooks Forester Interview with Wzra Tv
Jackson 5	Santa Claus Is Coming To Town	HhiUOCo8LYQ	low	search	50	188	Classic Motown and Christmas Music	Jackson 5 - Santa Claus Is Coming To Town (Official Video)	YcEyf7z16X4 40 7clouds Christmas Music: The Jackson 5 - Santa Claus Is Coming To Town (Lyrics) | 8vxmcAaaDzU 39 Brandon Barker: Jackson 5   Santa Claus is coming to town | nYmPZrvThW8 38 The Jacksons: Santa Claus Is Coming To Town
Jackson Browne	Lawyers In Love	GaZp4fJVHmQ	high	search	78	260	Jackson Browne	Lawyers in Love	xtIobGdKR5U 44 Nepo remaster: Jackson Browne - Lawyers In Love - Iris Face Remaster | 6NR9cH8TD5M 40 Gil_Favor: Lawyers in Love - Jackson Browne | UoU8EKpUJhk 39 jorge l.tello: Jackson Browne   Lawyers in Love 1983
Jackson Browne	Running On Empty	IKnnh8VDULs	high	search	95	300	Jackson Browne	Jackson Browne - Running On Empty - OFFICIAL VIDEO MONTAGE	AM0BYy7VLg8 77 Jackson Browne: Running on Empty | w4Q9aeqjJ0A 76 Jackson Browne: Running On Empty | Vq25ZJwZJzU 38 Sarah Love: Jackson Browne - Running on Empty w/ lyrics
Jackson Dean	Heavens To Betsy	woriyJGTWRg	high	search	95	209	Jackson Dean	Jackson Dean - Heavens To Betsy (Official Music Video)	oC_J4vLBVbY 86 Jackson Dean: Jackson Dean - Heavens To Betsy (Lyric Video) | dOfhvs9nvOQ 83 Jackson Dean: Jackson Dean - Heavens To Betsy (Extended Version / Audio) | 3J04tQEdS7Q 55 Jackson Dean: Jackson Dean - Heavens To Betsy (Live at the Ryman / Visualizer)
Jade Bird	Dreams	UUx1r0-9uw4	high	search	95	223	Jade Bird	Jade Bird - Dreams (Official Audio)	"sn4HagoEtqo 39 90.9 The Bridge: Jade Bird - 'Dreams' | The Bridge 909 Sessions | VVTvzbXhP1U 38 That Station: Dreams - Jade Bird - Studio J Sessions | ErWW6e2KqJI 11 The Orchard: Jade Bird - ""Dreams"" | Live at The Orchard"
Jade Eagleson	Got Your Name On It	NPn8OoOWPEs	high	search	87	206	Jade Eagleson	Jade Eagleson - Got Your Name On It	diGV2sam08s 84 Jade Eagleson: Jade Eagleson - Got Your Name On It (Behind The Scenes) | NivxDQZ5zbw 56 Jade Eagleson: Jade Eagleson - Got Your Name On It (Live At The 2019 CCMAs) | VK96wyvgHMY 40 Just Music: Jade Eagleson - Got Your Name On It (Lyric Video)
James Brown	Living In America	c5BL4RNFr58	high	search	95	239	James Brown	James Brown - Living in America (Official Video)	"6_Lu-__2TdY 78 James Brown: Living in America | Q_Fqhl86Ux0 75 James Brown: Living in America (From ""Rocky IV"" Soundtrack) | 97AX7paIyuc 40 Iamthe80sguy2: James Brown - Living in America (Rocky IV) 1985"
James Brown	Medley: Get Up Offa That Thing/Release The Pressure	8mQDMm5SZHs	low	search	64	558	James Brown	Medley: Get Up Offa That Thing/Release The Pressure (Album Version)	QS8FxHsw0U0 59 James Brown: Get Up Offa That Thing (Release The Pressure) | ZEh9QAmy3lg 57 James Brown: Get Up Offa That Thing | uux9pTlYkrk 26 fahtheochannel: James Brown - Medley Get Up Offa That Thing  / Release The Pressure
James Hype	Drums (Tiësto Remix)	cG6h9uz5UuI	high	manual	55	169	Tiësto	James Hype – Drums (feat. Kim Petras) [Tiësto Remix]	cG6h9uz5UuI 47 Tiësto: James Hype – Drums (feat. Kim Petras) [Tiësto Remix] | lEuKtSevOSM 41 El Chino Ramos: James Hype & Kim Petras - Drums (Tiësto Extended Remix) | u5ZGWG88ylU 38 DJ MUSIC LIST: James Hype & Kim Petras - Drums (Tiësto Extended Remix)
James Hype	Ferrari (feat. Miggy Dela Rosa)	CgeleP7nWN0	high	search	87	186	James Hype	James Hype, Miggy Dela Rosa - Ferrari (Lyric Video)	S83AQhEWmPY 86 James Hype: James Hype, Miggy Dela Rosa - Ferrari | 4cCi6-16HR4 85 James Hype: James Hype, Miggy Dela Rosa - Ferrari | B5F0kfWY_Rw 44 7clouds: James Hype - Ferrari (Lyrics) ft. Miggy Dela Rosa
Jamila Woods	Boomerang	4Qu2Aq1FusU	high	search	95	202	Jamila Woods	Jamila Woods - Boomerang (Official Video)	gOU2TW3Snec 44 Jaimie Steck: Jaimie Steck - Boomerang (Official Music Video) | hRiApG0Fhtc 41 DJ SEU MUNIZ: JAMILA WOODS - Boomerang | gz_kxQdSEeE 26 Jamila Woods: Jamila Woods - LSD (Official Video) ft. Chance The Rapper
Jamiroquai	Cosmic Girl	D-NvQ6VJYtE	high	search	95	241	Jamiroquai Official	Jamiroquai - Cosmic Girl (Official Video)	QZykHEFCxEw 79 Jamiroquai Official: Cosmic Girl (Remastered 2006) | kScR7CjYWeA 53 Jamiroquai Official: Jamiroquai - Cosmic Girl (Live in Verona) | GpCZ2A0fKew 53 Jamiroquai Official: Jamiroquai - Cosmic Girl (Live Later with Jools Holland, 2001)
Jamiroquai	Summer Girl	KRgq8G2HpiQ	high	search	95	257	Jamiroquai Official	Jamiroquai - Summer Girl (Official Video)	er2M6roashA 76 Jamiroquai Official: Summer Girl (Mack Brothers Brighton Bunker Dub) | S3HhhLZmugE 41 Exodaire: Jamiroquai - Summer Girl | K3EhZccmzM8 40 Albertoquai: Jamiroquai - Summer Girl (Locarno 2017) [Pro]
Jamra	Holiday Dream	gW4RdyDMs-8	high	search	95	183	Jamra	Holiday Dream - Jamra (Official Audio)	sayreVrsRqY 35 Simon & The Frequencies: Holiday Dream | A4l03cMtuMA 31 Release - Topic: Holiday Dream | dYhWmzEF0K8 30 Pokémon Champion Aquavenus: A PokéWorld Holiday Dream
Jane Child	Don't Wanna Fall in Love	zWd__w5UWVc	low	search	55	250	RHINO	Jane Child - Don't Wanna Fall In Love (Official Music Video)	75you-guyXA 41 hirosh58: Jane Child -Don't Wanna Fall In Love | -cRB9d1w8CM 40 MissLatina503: Jane Child Don't Wanna Fall In Love Original Version !!!! | OWyR5-2HTao 39 GrandTheftRadioFM: GTA V Radio [Non-Stop-Pop-FM] Jane Child - Don't Wanna Fall In Love
Janet Jackson	Control	FMuoowyCkUU	high	search	78	354	Janet Jackson	Control	zKe9AeV0yAU 77 Janet Jackson: Control | LH8xbDGv7oY 72 Janet Jackson: Janet Jackson - Control | 4PZlDPf04F8 38 GoldenMusic: Janet Jackson - Control (Radio Edit) [Audio HQ]
Janet Jackson	Miss You Much	IVF0zcqr9Dg	high	search	87	261	Janet Jackson	Janet Jackson - Miss You Much	nLvQrE3lPzQ 77 Janet Jackson: Miss You Much | 8_B8hKdAp7w 49 Iconic Music: Janet Jackson - Miss You Much (Extended Version) (Official Music Video HD) | hYkGNAyV-Ag 41 Destiny's Child: Janet Jackson - Miss You Much
Janet Jackson	Rhythm Nation	OAwaNWGLM0c	high	search	87	267	Janet Jackson	Janet Jackson - Rhythm Nation	qC5GqbCtxbM 78 Janet Jackson: Rhythm Nation | AKA3QGPtiSY 76 Janet Jackson: Rhythm Nation | -tRlT5Rc920 75 Janet Jackson: Rhythm Nation (Extended Version)
Janet Jackson	Together Again	7SXKHiPQPhk	high	search	87	257	Janet Jackson	Janet Jackson - Together Again	5CHEqJgf7dw 78 Janet Jackson: Together Again | KrxQmWopUoE 75 Janet Jackson: Together Again | 1agVYRrxtFY 40 Music Worm: Janet Jackson -Together Again(Lyrics Video)🎵
Jason Aldean	Don't Tell On Me	9P_GPdeQQ-o	high	search	94	185	Jason Aldean	Jason Aldean - Don't Tell On Me (Official Audio)	5pI47ggWbB4 87 Jason Aldean: Jason Aldean - Don't Tell On Me (Official Lyric Video) | dXiCwpboxYw 85 Jason Aldean: Jason Aldean - Don't Tell On Me (Fireside Sessions) | 5HxRDOEyGk0 83 Jason Aldean: Jason Aldean - Don't Tell On Me (Story Behind the Song)
Jason Derulo	Closer To Christmas	y1AwAeZH3B4	high	search	95	191	Jason Derulo	Jason Derulo - Closer To Christmas (Official Audio)	rCh1hW70_dE 41 Sunset Sounds: Jason Derulo - Closer To Christmas | Lyrics | 0D5GCzQpgXQ 40 Dancing at LimeDanceShanghai: 【Christmas Special Class】Jason Derulo - Closer to Christmas  | Kesha x Juli | Ijp0GYe4b5Y 39 Zin Joel Navarro: CLOSER TO CHRISTMAS | Jason Derulo | ZUMBA | Pop | By: Zumba Instructor New York | ZIN 
Jason Derulo	Saturday/Sunday (Feat. David Guetta)	TpCK5y2H9Fw	high	search	87	166	Jason Derulo	Jason Derulo & David Guetta - Saturday/Sunday (Official Lyric Video)	Kqo7o2TuQf0 85 Jason Derulo: Jason Derulo & David Guetta - Saturday/Sunday (Official Dance Video) | 7iIRE6O57GI 76 Jason Derulo: Saturday/Sunday | YEMj3PCUlXc 54 David Guetta: Jason Derulo & David Guetta – Saturday/Sunday (Official Audio)
Jason Derulo	Want To Want Me	rClUOdS5Zyw	high	search	95	228	Jason Derulo	"Jason Derulo - ""Want To Want Me"" (Official Video)"	"X_mxDuaOOjI 94 Jason Derulo: Jason Derulo ""Want To Want Me"" (Official Audio) | fcerkYs6z4g 45 Royal Music: Jason Derulo - Want To Want Me (Lyrics) | lyiLxJLgn_g 43 Capital: Jason Derulo - 'Want To Want Me' (Summertime Ball 2015)"
Jax Jones	This Is Real (feat. Ella Henderson)	mpArZkzrU3g	high	search	87	228	Jax Jones	Jax Jones, Ella Henderson - This Is Real	Dw6aocREBWs 85 Jax Jones: Jax Jones - This Is Real ft. Ella Henderson (Visualiser) | 2G0yqCsNgYw 84 Jax Jones: Jax Jones - This Is Real ft. Ella Henderson  (Technicolour Edit) | YU-rHbbPkpo 46 Vevo UK: Jax Jones, Ella Henderson - This Is Real (VEVO Session) ft. Ella Henderson
Jay Putty	Wild Hearts	j18A4VLq8n4	high	search	95	193	Jay Putty	Wild Hearts - Jay Putty (Official Visualizer)	dRtSu8kZv0w 29 Jay Putty: Call of the Wild - Jay Putty (Official Visualizer) | YY1pXp0wsoY 28 Jay Putty: Jay Putty - Reckless Love ft. Rhyme Taylor (Official Music Video) | Xaqa0sHIOwE 19 Jay Putty: Adventure Awaits - Jay Putty (Official Lyric Video)
Jay Sean	Down (feat. Lil Wayne)	oUbpGmR1-QM	low	search	72	222	jayseanworldwide	Jay Sean - Down ft. Lil Wayne (Official Music Video) ft. Lil Wayne	"Q8_-sewfi9w 54 jayseanworldwide: Down | M_8V_RyijlI 46 JAYDED: Jay Sean - ""Down"" feat. Lil Wayne - OFFICIAL VIDEO | DirKD1ecaw4 41 NeonLyrics: Jay Sean - Down (Lyrics) ft. Lil Wayne"
Jean Dawson	Houston	Q9WPeuZh-_s	high	search	79	278	Jean Dawson	Houston	aqLTwAoLHqo 41 body double toshi: Houston by Jean Dawson (Lyric Video) | MAPldY4EaAo 39 Frequency Archive: Jean Dawson - Houston (432hz) | mv32JaV3Nxk 10 Pizza Nick: Jean Dawson - Houston (Live in Arlington, Texas November 8th 2024)
Jefferson Airplane	Somebody To Love	a-C9pUGszsw	high	search	95	179	Jefferson Airplane	Jefferson Airplane - Somebody to Love (Official Audio)	RD4TFzkY5F0 77 Jefferson Airplane: Somebody to Love | myVzaR8cmDA 38 Beatriz: Jefferson Airplane - Somebody To Love, American Bandstand, 1967 | JUbMWtUyIIE 38 Nap Leonopolis: somebody to love-jefferson airplane
Jelly Roll	Run It (with Ryan Tedder, David Guetta)	KpSoKZ-PuhU	high	search	79	160	Jelly Roll	Run It	"sJQKSUQ_-Vc 44 Geek Music: SONIC THE HEDGEHOG 3 -  Run It By Jelly Roll | Paramount Pictures | gOx_smX1AGQ 38 Effortless verse: Sonic movie 3 ost, RUN IT JellyRoll (subtitulada al español) | UX4kG_U7OO0 35 Geek Music: Run It (From ""Sonic The Hedgehog 3"")"
Jellybean	Sidewalk Talk	WMcpYcBMLWo	high	search	89	242	Jellybean - Topic	Sidewalk Talk	JKOA7kugWV0 41 MLVC58: J E L L Y B E A N & M A D O N N A sidewalk talk | 7v602YS_0yc 40 BUBBLEGUM80S: JELLYBEAN & MADONNA (sidewalk talk) | pitNkyeNmGg 39 TOP 80: Jellybean Ft. Madonna - Sidewalk Talk (Extended Version)
Jennifer Hudson	Let There Be Joy	kNt125YZ2jo	high	search	95	155	Jennifer Hudson	Jennifer Hudson - Let There Be Joy (Official Audio)	BUxcRHTRbKo 41 Hal Leonard Choral: Let There Be Joy by Jennifer Hudson | SATB Choir | Arr. Mark Brymer | hyToLI0AESQ 40 Hal Leonard Choral: Let There Be Joy by Jennifer Hudson | SAB Choir | Arr. Mark Brymer | R7Uou68cgsE 39 xbrownxclown: Jennifer Hudson - Let There Be Joy (2024.12.18 Walt Disney Concert Hall)
Jennifer Hudson	Santa For Someone	aMpwLL1psds	high	search	95	204	Jennifer Hudson	Jennifer Hudson - Santa For Someone (Official Audio)	"1QqWqi0Ooe0 60 Jennifer Hudson Fans: Jennifer Hudson - ""Santa for Someone"" | s1JHgBH2Bqs 53 Jennifer Hudson Show: JHud Performs ‘Santa for Someone’ from Her Grammy-Nominated Album! | QtQSgw-Pyhw 41 Stella : Santa For Someone - Jennifer Hudson (Lyric Video)"
Jennifer Lopez	Dance Again	bjgFH01k0gU	high	search	95	267	Jennifer Lopez	Jennifer Lopez - Dance Again (Official Video) ft. Pitbull	5KxII6AJYZY 86 Jennifer Lopez: Jennifer Lopez - Dance Again (Lyric Video) ft. Pitbull | KDXhC9cxqmY 45 Vibe Music: Jennifer Lopez - Dance Again (Lyrics) ft. Pitbull | aMpQSLbUjCo 43 7clouds: Jennifer Lopez - Dance Again (Lyrics) ft. Pitbull
Jennifer Lopez	Let's Get Loud	Q91hydQRGyM	high	search	95	205	Jennifer Lopez	Jennifer Lopez - Let's Get Loud (Official Video)	7ticIazvkg8 84 Jennifer Lopez: Jennifer Lopez - Let's Get Loud (from Let's Get Loud) | 8R7Tw1XOmXI 46 Dan Music: Jennifer Lopez - Let's Get Loud (Lyrics) | GXGAU21O2ms 45 Minimal Sounds: Jennifer Lopez - Let's Get Loud
Jennifer Lopez	Save Me Tonight (Feat. David Guetta)	x2XaSd6Bk6E	high	search	77	197	Jennifer Lopez	Save Me Tonight	y8HLQn3YAiw 64 David Guetta and Jennifer Lopez: Jennifer Lopez & David Guetta - Save Me Tonight (Official Performance Vi | IzBtROs4Ue8 63 David Guetta and Jennifer Lopez: Jennifer Lopez & David Guetta - Save Me Tonight (Official Lyric Video) | hWs6NmjQndc 44 Dance Paradise: Jennifer Lopez, David Guetta - Save Me Tonight (Lyrics)
Jennifer Lopez	Waiting For Tonight	_66jPJVS4JE	high	search	87	250	Jennifer Lopez	Jennifer Lopez - Waiting For Tonight	OCN4OeMrc_o 78 Jennifer Lopez: Waiting for Tonight | ou3E4hfbtE4 40 Pulse Pop: Jennifer Lopez - Waiting For Tonight (Lyrics) | kG2iMmccUds 39 Oscar Persson: Jennifer Lopez - Waiting For Tonight (Lyrics)
Jennifer Paige	Happy, Happy Holidays to You	EkSeoGWHXYQ	high	search	88	158	Jennifer Paige - Topic	Happy, Happy Holidays to You	uiOAlEPRSmI 87 Jennifer Paige: Jennifer Paige -  Happy, Happy Holidays To You | aIK6eNXkD8I 38 concertserenity: 2021 12 12 Jennifer Paige - Happy, Happy Holidays To You | wN9CrSJNFPE 31 tony tt: Happy, Happy Holidays to You
Jeremy Lister	The Best Time of the Year	hePKbFDHN78	high	search	95	173	Jeremy Lister	"Jeremy Lister - ""The Best Time of the Year"" (Official Audio)"	"M0D6vvXRM28 28 Jeremy Lister: Jeremy Lister - ""Last Time Was The Last Time"" (Official Audio) | o7V0WUHmtl8 27 Jeremy Lister: Jeremy Lister - ""The Little Things"" (Official Audio) | ZDa_OUt3xfg 26 Jeremy Lister: Jeremy Lister feat. Leah Nobel - ""Keeping Christmas Classy"" (Official Audio)"
Jerry Reed	East Bound And Down	zai0FlRDXmM	high	search	87	169	Jerry Reed - Topic	East Bound and Down	-u1Kzcs-z3c 86 Jerry Reed - Topic: East Bound And Down | IOgUaFkpS3Y 47 LegacyRecordingsVEVO: Jerry Reed - East Bound and Down (Audio) | WJPM-M_Z65o 41 HD Film Tributes: Smokey and the Bandit • East Bound and Down • Jerry Reed
Jess Glynne	Ain't Got Far To Go	GxPcu7F7gWg	high	search	95	220	Jess Glynne	Jess Glynne - Ain't Got Far To Go [Official Video]	yXb8TIAPV58 45 Jess Glynne: Jess Glynne - Ain't Got Far To Go [Acoustic] | hVu3rAI-44A 43 BBC: Jess Glynne performs 'Ain't Got Far To Go' - Michael McIntyre's Big Show: Episode 2 - BBC | Kjv9JDxsAbs 41 Top10Music: Jess Glynne - Ain't Got Far To Go Lyrics
Jess Glynne	Hold My Hand	cLyUcAUMmMY	high	search	95	243	Jess Glynne	Jess Glynne - Hold My Hand [Official Video]	rA0kI3L5yyE 44 TheGoodVibe: Jess Glynne - Hold My Hand (Nothing Beats a Jet2 Holiday) | wFOLvy2HLL8 41 Sunset Sounds: Jess Glynne - Hold My Hand | Lyrics | 7PlhlTPe5cE 40 IndiePlayBack: Jess Glynne - Hold My Hand
Jess Glynne	One Touch (feat. Jax Jones)	Xb8F5prMjnA	high	search	94	209	Jess Glynne	Jess Glynne & Jax Jones - One Touch (Official Video)	7boRTmd26N4 87 Jess Glynne: Jess Glynne & Jax Jones - One Touch (Official Lyric Video) | YiDeezkO7m8 45 Unique Vibes: Jess Glynne, Jax Jones - One Touch (Lyrics) | pBPcUWGuxFg 43 Jess Glynne: Jess Glynne & Jax Jones - One Touch (Acoustic)
Jess Moskaluke	Drive Me Away	rR0r8dVSjI4	high	search	95	206	Jess Moskaluke	"Jess Moskaluke - ""Drive Me Away"" (Official Video)"	R4wKAwGdt7E 75 Jess Moskaluke: Drive Me Away - Dashboard Mix | znSK67cTMOc 40 Ryan Harder: Jess Moskaluke - Drive Me Away | BXsTPzVRWdw 38 Andrew Petrou: 1-  Jess Moskaluke - Drive Me Away  - Green Note - 14 - 03 - 22
Jessica Simpson	My Only Wish	9LcA-4o5nd4	high	search	85	234	Jessica Simpson	Jessica Simpson - My Only Wish	iQdVtFPsysw 79 Jessica Simpson: My Only Wish | hAxi8FBOE_U 63 WeLoveJessicaSimpson: Jessica Simpson - My Only Wish [Music Video] | fGlmP5lf7KQ 39 Lost Pop Lyrics: Jessica Simpson: 01. My Only Wish (Lyrics)
Jessica Simpson	These Boots Are Made For Walkin'	DPtfsk4ETjM	high	search	87	250	Jessica Simpson	Jessica Simpson - These Boots Are Made For Walkin'	fUqYj7PEz-E 77 Jessica Simpson: These Boots Are Made for Walkin' (Radio Edit) | H2qGVNHdZ_M 41 Claira Wolf: These boots are made for walking -Jessica simpson lyrics | Cng4I0T7OBQ 39 G: Jessica Simpson   These Boots Are Made For Walkin
Jessie J	Domino	UJtB55MaoD0	high	search	95	235	Jessie J	Jessie J - Domino (Official Video)	"HsYRsJ_ThVA 43 Capital: Jessie J - Domino (Summertime Ball 2014) | 0U9beJc6jnM 41 GenuineLyrics: Jessie J - Domino (Lyrics) ""take me down like a domino"" (tiktok) | mPPzr_JjkRg 40 Pillow: Domino - Jessie J (Lyrics) 🎵"
Jessie J	I Want Love	9hEBQwMWvFM	high	search	95	217	Jessie J	Jessie J - I Want Love (Official Music Video)	g1svGinCsxk 86 Jessie J: Jessie J - I Want Love (Official Lyric Video) | kPq4bPudNfc 45 TrendingTracks: Jessie J - I Want Love (Lyrics) | wjNmSZyUXdc 38 thelittlechild: Jessie J - I Want Love [Audio]
Jessie Ware	Free Yourself	aD7F6M9fsms	high	search	95	236	Jessie Ware	Jessie Ware - Free Yourself (Official Music Video)	OxQvjrb47Wg 86 Jessie Ware: Jessie Ware - Free Yourself (Lyric Video) | wICXNUqwOIE 45 BBC Music: Jessie Ware - Free Yourself | Later... with Jools Holland | nwCz2RELQ68 44 BBC Music: Jessie Ware - Free Yourself | Glastonbury 2024
Jessie Ware	Pearls	YAaUn5sn1T0	high	search	95	243	Jessie Ware	Jessie Ware - Pearls (Official Video)	MvB-iPmmIQw 86 Jessie Ware: Jessie Ware  - Pearls  (Lyric Video) | cILZbcynI60 39 Giannis Lampropoulos: Jessie Ware-Pearls | kOqU2Ngawz0 15 Jessie Ware: Pearls (Pabllo Vittar & Brabo Remix)
Jet	Are You Gonna Be My Girl	tuK6n2Lkza0	high	search	95	215	Jet	Jet - Are You Gonna Be My Girl (Official Music Video)	mvdTk4ZyQbk 77 Jet: Are You Gonna Be My Girl | aMJ_OxqDCR8 41 doong doong: Jet - Are You Gonna Be My Girl (Audio) | iptmRfE1RBQ 39 SweetlyTwisted: Jet's Are You Gonna Be My Girl with Lyrics
Jewel	Standing Still	W3WMMwlHgZI	high	search	95	268	Jewel	Jewel - Standing Still (Official Music Video)	imhqnRCU2Mc 94 Jewel: Jewel - Standing Still (Official Audio) | qak_RGVERbc 40 hauntedXdreams1: Standing still - Jewel (lyrics) | K5mDHX6OD30 39 mike blickerz: Jewel - Standing Still
Jill Scott	Hate On Me	J3rs--VdjM4	high	search	87	220	Jill Scott	Jill Scott - Hate On Me	"Qw3Z8Oa7E3Y 48 Hidden Beach Recordings: Jill Scott - ""Hate On Me"" (Official Music Video) | Hidden Beach Recordings | JoI9t2GjVZ4 41 Norman Hill: Jill Scott Hate On Me | TR9dK9MPzig 38 Babes Papes: Jill Scott - hate on me"
Jimin	Like Crazy - Deep House Remix	W_sfwQfue3s	low	search	64	181	Jimin - Topic	Like Crazy (Deep House Remix)	srZN8p0be9g 44 Jimin - Topic: Like Crazy (UK Garage Remix) | GbZ1uygxGtQ 21 ShadowByYoongi: Jimin 지민 - 'Like Crazy (Deep House Remix)' Lyrics (Color Coded English Lyrics) | ShadowBy | p7AbKUoJKI8 6 Release - Topic: Like Crazy (Deep House Remix)
Jimmy Buffett	Cheeseburger In Paradise	dmDBBu3CTOA	high	search	87	172	Jimmy Buffett Official	Jimmy Buffett - Cheeseburger In Paradise (Audio)	qaoJ6f8DRRM 75 Jimmy Buffett Official: Cheeseburger in Paradise | jBsPZV14I-k 56 Jimmy Buffett Official: Jimmy Buffett - Cheeseburger In Paradise (Live) | OJi4bln-hHQ 40 MusicStudio9: Jimmy Buffett - Cheeseburger In Paradise
Jimmy Eat World	Last Christmas	oRzs8cpMY2E	high	search	79	267	Jimmy Eat World	Last Christmas	K3J7trGtpB0 41 Aldo Rodrigo: Jimmy Eat World - Last Christmas | Rdl2A95Al6A 40 Nick Helm: Last Christmas (Studio Version) - Jimmy Eat World | l77x1EF4NN8 39 SpikySpice91: Jimmy Eat World ~ Last Christmas (Original Version)
Jimmy Eat World	Sweetness	ROatPGGMvXg	high	search	87	239	Jimmy Eat World	Jimmy Eat World - Sweetness (International Version)	o_18zv1mseA 77 Jimmy Eat World: Sweetness | nMpPkOzJVBQ 53 Jimmy Eat World: Jimmy Eat World - Sweetness (Live From the 9:30 Club) | JxlLa1XC4x0 43 BBC: Jimmy Eat World perform Sweetness at Reading Festival 2011 - BBC
Jimmy Eat World	The Middle	oKsxPW6i3pM	high	search	97	173	Jimmy Eat World	Jimmy Eat World - The Middle (4K Official Music Video)	QPM1UcV2dew 53 Jimmy Eat World: Jimmy Eat World - The Middle (Live From the 9:30 Club) | jFRL0eNR_d0 46 7clouds Rock: Jimmy Eat World - The Middle (Lyrics) | 4QWzYjatCCs 40 Humberto Lopez: Jimmy Eat World- The Middle HQ
Jin	Running Wild	PNZFKfeSRfs	high	search	85	215	Jin - Topic	Running Wild (Extended Ver.)	uoHol5Dr_go 47 HYBE LABELS: 진 (Jin) 'Running Wild' Official MV | XY7Flb7bSoo 46 The Tonight Show Starring Jimmy Fallon: Jin: Running Wild | The Tonight Show Starring Jimmy Fallon | btmOzwvCWmw 45 ShadowByYoongi: Jin 'Running Wild' Lyrics (진 Running Wild 가사) [Color Coded_Eng] | ShadowByYoongi
Joan Jett and the Blackhearts	Bad Reputation	nO6YL09T8Fw	low	search	72	168	Blackheart	"Joan Jett & The Blackhearts ""Bad Reputation"" - Official Music Video (1983)"	xA3ODIq66Qw 43 Top Squad: Joan Jett & the Blackhearts - Bad Reputation | MzWZ9dceWRQ 33 fraty music: Joan Jett - Bad Reputation | pSOQwNgawV4 32 RockHype: Joan Jett - Bad Reputation
Joan Jett and the Blackhearts	I Love Rock 'n' Roll	wMsazR6Tnf8	high	search	95	221	Joan Jett and the Blackhearts	"""I Love Rock 'n' Roll"" - Joan Jett & the Blackhearts (Official Video)"	ikfJCVLXVVQ 48 Enhanced Music Videos: Joan Jett & The Blackhearts - I Love Rock N Roll (Official Video), Full HD (Remast | t5ecqUhec-s 44 TopPop: Joan Jett & The Blackhearts - I Love Rock ‘n’ Roll (1982) • TopPop | oKuBHSWdV8I 41 RockHype: Joan Jett & the Blackhearts - I Love Rock 'N Roll
Jodie Harsh	Never Knew (L.O.V.E.)	qtXsWTFaMl0	high	search	87	176	Jodieharsh	Jodie Harsh - Never Knew (L.O.V.E)	9S3CyN0ZO_U 78 Jodieharsh: Never Knew (L.O.V.E) | r6i_n8ZoZM8 31 Laurence Reyes: Never Knew Love Like This Before - Candy Ferocity lipsync (POSE S02E04) | htKXiZZPLL0 30 Slamhaus - Topic: Never Knew
Jody Watley	Don't You Want Me	fL7Za5waqls	high	search	87	249	Jody Watley	Jody Watley - Don't You Want Me	VHgEKQy20oM 78 Jody Watley: Don't You Want Me | 0vuWXjEu34E 41 Tom Key: Jody Watley- Don't You Want Me- TOTP, CA (11/1987) 4K HD | yvBr5e-3Jz4 40 patg78: Jody Watley - Don't You Want Me
Joe Jackson	Is She Really Going Out With Him?	oDG6MQkzh1o	high	search	88	216	Joe Jackson - Topic	Is She Really Going Out With Him?	7SlualIAd1Y 85 Joe Jackson - Topic: Is She Really Going Out With Him? | FOoxcQjaKek 42 АП: Joe Jackson - Is She Really Going Out With Him | 6TzKSFbsh2Y 42 samuel matthews: JOE JACKSON ★ Is She Really Going Out with Him 【HD】
Joe Jonas	Heart By Heart	nCnIAyqu8oA	high	search	95	273	Joe Jonas	Joe Jonas - Heart By Heart (Official Music Video)	Lr9Ziyx5_R4 86 Joe Jonas: Joe Jonas - Heart By Heart (Official Lyric Video) | a039iup7IqM 55 Joe Jonas: Joe Jonas - Heart By Heart | Live From Vevo Studios | CzqPl81U9fE 45 Joe Jonas: Heart By Heart (Live From Vevo)
Joel Corry	Head & Heart (feat. MNEK)	CRuOOxF-ENQ	high	search	95	168	Joel Corry	Joel Corry x MNEK - Head & Heart [Official Video]	0Wf18cUZuLk 83 Joel Corry: Joel Corry x MNEK - Head & Heart [Official Lyric Video] | IOiKKIqhsFE 50 Joel Corry: Head & Heart (feat. MNEK) (Extended Mix) | XHljluR8fkg 48 Fresh Finds: Joel Corry feat. MNEK - Head & Heart (Official Audio)
Joel Crouse	If You Want Some	FIGSOfMmBec	high	search	87	206	Joel Crouse	Joel Crouse - If You Want Some	JPO_-KtH91Y 86 Joel Crouse: Joel Crouse - If You Want Some (Lyric Video) | Jm8qbeZ3c_g 45 Bobby Bones Show: Joel Crouse - If You Want Some | 7eHFEY1NAI8 43 Last.fm: Joel Crouse - If  You Want Some (Last.fm Sessions)
John Legend	A Good Night	KQRq9FZqNj0	high	search	95	204	John Legend	John Legend, BloodPop® - A Good Night (Official Video)	gHWXbaHB1BU 78 John Legend: A Good Night | ZJCkgZuOm7g 54 John Legend: John Legend - A Good Night (Live at the Billboard Music Awards 2018) | hbMSDSY9BYo 40 Kevin Gesto: John Legend - A Good Night ft. Bloodpop (Lyrics)
John Legend	All Of Me (Tiesto Remix)	gbtLqVoMWdQ	high	search	78	252	John Legend	All of Me (Tiësto's Birthday Treatment Remix - Radio Edit)	ii_t0AwYXXw 42 Music chart: John Legend - All Of Me (Tiësto's remix | P3bNkpYmH6A 40 Gian Arturo Carrión Coaquira: All of me - John Legend (Tiësto Remix) | AXm1jECHWbY 38 lavezziepatoPSN: John Legend - All of me (Tiësto Remix) Capital FM Mix
John Legend	Bring Me Love	rp7Y0XumBN8	high	search	95	202	John Legend	John Legend - Bring Me Love (Official Audio)	M_INvxgQlmg 85 John Legend: John Legend - Bring Me Love (Lyric Video) | tRjfq6QUjGM 56 John Legend: John Legend - Bring Me Love (Live from A Legendary Christmas with John and Chrissy) | t_KgFRCuqFM 43 MBCentertainment: [HOT] John Legend - Bring Me Love, 놀면 뭐하니? 20210102
John Legend	You Deserve It All	E7lqYSD22jw	high	search	95	199	John Legend	John Legend - You Deserve It All (Official Music Video)	B-tOZxoNrFk 86 John Legend: John Legend - You Deserve It All (Official Lyric Video) | u3BZuuK9Y14 55 John Legend: John Legend - You Deserve It All (Live Performance) | qggJkZ6ovPA 39 Music Sky: John Legend - You Deserve It All (Lyrics)
John Lennon	Whatever Gets You Thru The Night (feat. Elton John)	vjWebKavfuI	high	search	94	207	johnlennon	WHATEVER GETS YOU THRU THE NIGHT. (Ultimate Mix, 2020)  - John Lennon (official music video HD)	6lFTD9O-XMw 81 johnlennon: Whatever Gets You Thru The Night (Remastered 2010) | HyNojfmTP0A 46 Elton John: Elton John - Whatever Gets You Thru The Night ft. John Lennon | E9tcbZJECrw 38 b: John Lennon ft. Elton John-Whatever Gets You Thru the Night *lyrics*
John Mellencamp	Authority Song	wsEwK69LXjQ	high	search	95	212	John Mellencamp	John Mellencamp - Authority Song (Official Music Video)	HSK6JuxnYrU 43 Song Lyrics HD: John Mellencamp - Authority Song (Lyrics HD) | E0TXQe90Ilg 40 Blazin Beats And Sounds: John Mellencamp - Authority Song (HQ Audio) | a70JSIaB33U 39 Karen Watson: Authority Song – John Mellencamp
John Mellencamp	Check It Out	8qxDBiiVjlQ	high	search	87	269	John Mellencamp	John Mellencamp - Check It Out	"F5OdRLTHkOw 40 Wolfie: John Mellencamp - Check It Out | 0SbGkVEld4I 39 Young Pilgrim Music: John Mellencamp - Check It Out (Lyrics) | GimNm_PKtYM 33 americanmanhood: ""Check It Out"" - John Cougar Mellencamp"
John Mellencamp	I Saw Mommy Kissing Santa Claus	zsat4e8jgHA	high	search	87	185	John Mellencamp	John Mellencamp - I Saw Mommy Kissing Santa Claus - Video	2R6Vd5vislk 78 John Mellencamp: I Saw Mommy Kissing Santa Claus | BOsJnd7QMH0 41 Song Lyrics HD: John Mellencamp - I Saw Mommy Kissing Santa Claus (Lyrics HD) | OiUQrZuouok 32 Johann Meza Del Valle: John Cougar Mellencamp - I Saw Mommy Kissing Santa Claus (1987)
John Mellencamp	Jack & Diane	h04CH9YZcpI	high	search	95	259	John Mellencamp	John Mellencamp - Jack & Diane (Official Music Video)	l7gG5KyHbEc 43 Joel Music Rock and Pop: John Mellencamp - Jack & Diane (Remastered) | 7gau3nyL29M 40 Young Pilgrim Music: John Mellencamp - Jack And Diane (Lyrics) | 1ojBJftb2us 39 Music: John Mellencamp - Jack & Diane
John Mellencamp	Wild Night (feat. Me'Shell Ndegeocello)	1nPPRQeTxTY	high	search	87	211	John Mellencamp	John Mellencamp - Wild Night ft. Me'Shell Ndegeocello	1aoywIHLqbs 86 John Mellencamp: John Mellencamp, Meshell Ndegeocello - Wild Night | EvDTloVWqpw 40 Infinite Music: John Mellencamp Ft. Meshell Ndegéocello - Wild Night (Lyrics) | 7riFpeWjwyU 30 mike blickerz: John Cougar Mellencamp & Me'Shell NdegéOcello - Wild Night
John Michael Montgomery	Be My Baby Tonight	R-U3Zo-GIpw	high	search	78	173	John Michael Montgomery	Be My Baby Tonight	V7ZZ6N4Xs3U 78 John Michael Montgomery: Be My Baby Tonight (2003 Remaster) | IJHvv0dJFF0 75 John Michael Montgomery: Be My Baby Tonight | k3hcm2kuBsk 75 John Michael Montgomery: Be My Baby Tonight
John Michael Montgomery	Sold [The Grundy County Auction Incident]	hDQMiWWs7Ro	high	search	78	151	John Michael Montgomery	Sold (The Grundy County Auction Incident)	D3zTW_7dIyk 75 John Michael Montgomery: Sold (The Grundy County Auction Incident) | U_VbwZsYPwY 50 Warner Records Nashville: John Michael Montgomery - Sold (The Grundy County Auction Incident) (Official M | dD4bAUJulf4 40 Nor'west Arch: John Michael Montgomery - Sold (The Grundy County Auction Incident)
John Newman	Love Me Again	-3KugG_zmz4	high	search	92	198	John Newman	John Newman - Love Me Again (Again) (Official Video)	CfihYWRWRTQ 87 John Newman: John Newman - Love Me Again | QupmJ3ikzUg 53 John Newman: John Newman - Love Me Again (Vevo Presents: Live in London) | MmmRjwgVVOw 46 Dan Music: John Newman - Love Me Again (Lyrics)
John Philip Sousa	Stars And Stripes Forever	a-7XWhyvIpE	high	manual	42	282	United States Marine Band	"SOUSA The Stars and Stripes Forever - ""The President's Own"" U.S. Marine Band"	"a-7XWhyvIpE 38 United States Marine Band: SOUSA The Stars and Stripes Forever - ""The President's Own"" U.S. Marine Band | LMkrjD7CUdw 38 SynchroScore: John Philip Sousa -- Stars and Stripes Forever -- Score | DRQWP-TL4gk 37 United States Marine Band: SOUSA The Stars and Stripes Forever (1896) - ""The President's Own"" United Stat"
John Summit	Focus (feat. CLOVES)	hizmDQ83kRI	high	search	95	248	John Summit	John Summit - Focus (feat. CLOVES) [Official Music Video]	P6GPG_dpq0A 86 John Summit: John Summit - Focus (feat. CLOVES) [Official Lyric Visualizer] | IgvGd-XLvvc 50 John Summit: John Summit - Focus (feat. CLOVES) [ALOK Remix] | cu8zTp9z0hc 44 WaveMusic: John Summit - Focus (Lyrics) feat. CLOVES
John Summit	La Danza	9Mv4ogXpjCM	high	search	87	277	John Summit	John Summit - La Danza	w8FnLC96MQ8 40 Defected Records: John Summit - La Danza | zGc--D4OG-4 38 7clouds Tech House: John Summit - La Danza (Lyrics) | 6-Oq-AJ7Fz8 18 SubSoul: John Summit - La Danza (Extended Mix)
John Summit	Shiver	LlTkluUkbLk	high	search	95	235	John Summit	John Summit & Hayla - Shiver (Official Music Video)	3PyoQ0EBXzs 86 John Summit: John Summit & Hayla - Shiver (Official Lyric Visualizer) | 5es2YUwdXYQ 40 Moonlight: John Summit, Hayla - Shiver (Lyrics) | t45LxAPvsD4 29 Variety: John Summit - 'Shiver' Featuring HAYLA | Behind the Song
John Summit	Shiver (feat. HAYLA)	LlTkluUkbLk	high	search	95	235	John Summit	John Summit & Hayla - Shiver (Official Music Video)	3PyoQ0EBXzs 86 John Summit: John Summit & Hayla - Shiver (Official Lyric Visualizer) | 5es2YUwdXYQ 39 Moonlight: John Summit, Hayla - Shiver (Lyrics) | MpEPZ-sTXDM 33 John Summit: John Summit & Hayla - Shiver (Cassian Remix) [Official Visualizer]
John Summit	Tears (with Paige Cavell)	e_ecxFG1LEM	high	search	95	271	John Summit	John Summit - Tears (with Paige Cavell) [Official Music Video]	WvykfdsLmO0 46 Selected.: John Summit - Tears (with Paige Cavell) | kPQaB0nZiwc 43 Illumi Music: John Summit - Tears (feat. Paige Cavell) [Extended Mix] | e6jM7fvO5kU 40 Moonlight: John Summit - Tears (with Paige Cavell) Lyrics
John Summit	Where You Are (Feat. Hayla)	5BqjhUmldDc	high	search	87	236	John Summit	John Summit & Hayla - Where You Are (Lyric Visualizer)	C6zIOauqRp4 46 Dan Music: John Summit & Hayla - Where You Are (Lyrics) | 9t-vun3_9as 46 John Summit: Where You Are (Orchestral Version) - Live At The Forum | 8339h0QR-yQ 25 John Summit: John Summit & Hayla - Where You Are (GRiZ Remix) [Official Lyric Visualizer]
John Travolta & Olivia Newton-John	You're The One That I Want	MFbjTC-57v0	low	search	52	226	Olivia Newton-John	Olivia Newton-John - You're The One That I Want	RYk0_U7kf3g 38 Boxoffice Movie Scenes: You're The One That I Want | Grease | CLIP | 7oKPYe53h78 36 Timeless Music: Grease - You're The One That I Want [HQ+Lyrics] | WvOWox2o5cU 34 mogalm: Olivia Newton-John + John Travolta - You're the One That I Want.MPG
Johnny Cash	Well Alright	zumW9D47Ync	high	search	95	133	Johnny Cash	Johnny Cash - Well Alright (Official Visualizer)	sxc1RzmDZbI 41 The Country Hype: Johnny Cash - Well Alright (Lyrics) | e8EvyOZ3ye8 40 Ron Shiflet: Well Alright by Johnny Cash | 7KTSnBwXID4 39 Andy Jensen: Johnny Cash - Well alright
Jon Pardi	Night Shift	5qSembkIRB0	high	search	95	203	Jon Pardi	Jon Pardi - Night Shift (Official Music Video)	wGGbHx1alsE 94 Jon Pardi: Jon Pardi - Night Shift (Official Audio) | rdV5CYTgNfQ 43 Vevo: Jon Pardi - Night Shift (Vevo Presents) | MkYJDYBrVp4 40 Universal music : Jon pardi - Night shift
Jon Pardi	Swing On Down To Texas	ua9es5TNUNk	high	search	95	165	Jon Pardi	Jon Pardi - Swing On Down To Texas (Official Audio)	S7U91z6znZI 86 Jon Pardi: Jon Pardi - Swing On Down To Texas (Official Yule Log Video) | WktNgh7FiAY 28 Jon Pardi: Jon Pardi - Heartache on the Dance Floor (Official Audio) | 3odIdmuFfEY 26 Jon Pardi: Jon Pardi - Head Over Boots (Official Music Video)
Jon Secada	Just Another Day	B6LhWbQthAI	low	search	64	260	JON SECADA - Latin Crossover King LCK	Jon Secada - Just Another Day	_WJMEUU2SpM 41 Sandro de Paula - Dj MiUdiNhO - San 🏳️‍🌈: Just Another Day - Jon Secada | KZ8McIH2BZM 40 7clouds Acoustic: Jon Secada - Just Another Day (Lyrics) | Z193UHZnhB4 39 IVAN ORTIZ: Jon Secada - Just Another Day HQ
Jon Secada	Otro Día Más Sin Verte	0t5iCwpuD8I	high	manual	38	251	JON SECADA - Latin Crossover King LCK	Jon Secada OTRO DIA MAS SIN VERTE Video OFICIAL 1992	0t5iCwpuD8I -1 JON SECADA - Latin Crossover King LCK: Jon Secada   OTRO DIA MAS SIN VERTE  Video OFICIAL 1992 | B6LhWbQthAI -3 JON SECADA - Latin Crossover King LCK: Jon Secada - Just Another Day | zShPLJQDAFY -24 LetThe MusicPlay: JON SECADA - Otro Dia Mas Sin Verte
Jonas Blue	Mountains (Feat. Galantis, Zoe Wees)	BEzNy1381aQ	high	search	95	188	Jonas Blue	Jonas Blue, Galantis, Zoe Wees - Mountains (Official Video)	RdCs-i8MIqU 54 Galantis: Jonas Blue, Galantis, Zoe Wees - Mountains (Official Audio) | 8MYBLif6AsQ 45 WaveMusic: Jonas Blue, Galantis, Zoe Wees - Mountains (Lyrics) | xRRtswPNUL4 38 soundbox Records: Jonas Blue feat. Galantis & Zoe Wees - Mountains
Jonas Blue	Polaroid (feat. Lennon Stella & Liam Payne)	77RmU8QcM4k	high	search	95	219	Jonas Blue	Jonas Blue, Liam Payne, Lennon Stella - Polaroid (Official Video)	SD2-2A1027g 86 Jonas Blue: Jonas Blue, Liam Payne, Lennon Stella - Polaroid (Official Lyric Video) | xdrV2c49Vhc 44 Jonas Blue: Jonas Blue - Polaroid ft. Liam Payne, Lennon Stella (Acoustic Video) | b5Tuxz1qPaQ 40 Pillow: Polaroid - Jonas Blue, Liam Payne & Lennon Stella (Lyrics) 🎵
Jonas Brothers	Burnin' Up	SPGMAjkOsLg	high	search	78	176	Jonas Brothers	Burnin' Up	UlaSWMUiu8Q 60 Jonas Brothers Fan: Jonas Brothers - Burnin’ Up (Audio) | DMM7pruBx_A 44 4KD: Jonas Brothers - Burnin' Up [4K] [60FPS] | imdCz40nc9Y 41 Lel Keke: Jonas Brothers - Burnin' Up [Remastered]
Jonas Brothers	Like It's Christmas	d_Bb8wRx_T4	high	search	94	202	Jonas Brothers	Jonas Brothers - Like It's Christmas (Official Audio)	tIyE3IrC7r0 87 Jonas Brothers: Jonas Brothers - Like It's Christmas (Official Lyric Video) | V0fBqNQYScc 46 Monica Jo: Jonas Brothers Like It's Christmas (Official Music Video) | ia9GWE2PSAM 44 Mr.Radio: Jonas Brothers - Like It's Christmas (Lyrics)
Jonas Brothers	Love Me To Heaven	3S56SxpSTvk	high	search	95	234	Jonas Brothers	Jonas Brothers - Love Me To Heaven (Official Video)	JICNWPApdbA 86 Jonas Brothers: Jonas Brothers - Love Me To Heaven (Official Lyric Video) | 9a_dFJ1ihGM 45 Iyan Music: Jonas Brothers - Love Me To Heaven (Lyrics) | Mb0v7MdaIao 38 Cadince MasterDrop 9837: Jonas Brothers: Love Me To Heaven (Audio)
Jonas Brothers	Sucker	CnAmeh0-E-U	high	search	95	200	Jonas Brothers	Jonas Brothers - Sucker (Official Video)	4tu880lxhc8 53 Jonas Brothers: Jonas Brothers - Sucker / Only Human (Live on The 2019 MTV VMA's) | LfnzCsEzNSk 47 Jonas Brothers: Jealous, Cake By The Ocean, Sucker Medley (Live From The Billboard Music Awards) | tdKmewyZPXE 46 7clouds: Jonas Brothers - Sucker (Lyrics)
Jonas Brothers	Waffle House	TasKo5HHWb4	high	search	95	173	Jonas Brothers	Jonas Brothers - Waffle House (Official Music Video)	jCD8RHFye80 86 Jonas Brothers: Jonas Brothers - Waffle House (Official Lyric Video) | O2ARb7H1ufA 53 Jonas Brothers: Jonas Brothers - Waffle House (Live on SNL) | oMcfNYzpVu4 40 Lyrical Genius: Jonas Brothers - Waffle House (Lyrics)
Jonas Brothers	What A Man Gotta Do	XejVB_fba04	high	search	95	221	Jonas Brothers	Jonas Brothers - What A Man Gotta Do (Official Video)	_CrA82WpCHM 86 Jonas Brothers: Jonas Brothers - What A Man Gotta Do (Official Lyric Video) | Ai5t-2jhWJ4 43 ReLike Vibes: Jonas Brothers - What A Man Gotta Do [Lyrics] | r51SGiAeHns 40 Pillow: What A Man Gotta Do - Jonas Brothers (Lyrics) 🎵
Jonas Brothers	Wings	R6hxjbCR_Dg	high	search	95	117	Jonas Brothers	Jonas Brothers - Wings (Official Music Video)	NKrdT9wvdUk 86 Jonas Brothers: Jonas Brothers - Wings (Lyric Video) | hH04dMVqFLg 62 Jonas Brothers Fan: Jonas Brothers - Wings (Audio) | ye5uIHtFUOE 44 VibesOnly: Jonas Brothers - Wings (Lyrics)
Jordan Davis	I Ain't Sayin'	AI1uDj7YmSI	high	search	95	232	Jordan Davis	Jordan Davis - I Ain't Sayin' (Official Music Video)	XI7FL4P9uvc 94 Jordan Davis: Jordan Davis - I Ain't Sayin' (Official Audio Video) | p0DAgWBoQEo 54 Jordan Davis: Jordan Davis - I Ain't Sayin' (Live From Academy Of Country Music Honors) | elg5yztZIoo 40 Country Vibes: Jordan Davis - I Ain't Sayin' (Lyrics)
Jordan Davis	Singles You Up	0hjqGN-9anA	high	search	95	207	Jordan Davis	Jordan Davis - Singles You Up (Official Music Video)	3AtS-qL34AM 94 Jordan Davis: Jordan Davis - Singles You Up (Official Audio) | eHUBYEvBgnE 84 Jordan Davis: Jordan Davis - Singles You Up (Official Lyric Video) | AZZKo0WixaM 75 Jordan Davis: Singles You Up
Jordana Bryant	First Christmas in Love	T5gxeOFr5d8	high	search	95	222	Jordana Bryant	Jordana Bryant - First Christmas In Love (Official Music Video)	vgPuTIwq9RQ 93 Jordana Bryant: Jordana Bryant - First Christmas In Love (Official Visualizer) | JktJvwjSnh0 83 Jordana Bryant: Jordana Bryant - First Christmas In Love - NYC | XoPgNTdnSdw 41 Music Lyrics channel: Jordana Bryant – First Christmas in Love (Lyrics)
Jordin Sparks	Christmas Time to Me	BMvrBNw95Io	low	search	47	174	BestManMusicVEVO	Jordin Sparks - Christmas Time to Me (Audio)	Uz-j8a9UV3w 41 The Best Man Holiday: Jordin Sparks - Christmastime To Me | cfMVv6zNzb8 40 VictoriaLyrics1: Jordin Sparks-Christmas Time To Me (Lyrics) | rxn9L15xv34 39 Speezyland: Christmas Time to Me - Jordin Sparks
Josh Ross	Single Again	Sod2JcyUpeU	high	search	87	190	JOSH ROSS	Josh Ross - Single Again	NhWYZvAWMOY 85 JOSH ROSS: Josh Ross - Single Again (Visualizer) | JVMd0T3diQ4 84 JOSH ROSS: Josh Ross - Single Again (Lyric Video) | yG2uUb4KFdU 83 JOSH ROSS: Josh Ross - Single Again (Tour Performance Video)
José Feliciano	Feliz Navidad	N8NcQzMQN_U	high	search	95	184	José Feliciano	José Feliciano - Feliz Navidad (Official Audio)	0UVUW11FENs 46 FaWiJo: Jose Feliciano feat. FaWiJo - Feliz Navidad (Official Video 2016) | cRbLtqbPYjU 44 7clouds: José Feliciano - Feliz Navidad (Lyrics) | gY-Gy2g8pS4 43 432Hz VIBEz: José Feliciano - Feliz Navidad (Lyrics) (432Hz)
Journey	Any Way You Want It	atxUuldUcfI	high	search	89	250	journey	Journey - Any Way You Want It (Official HD Video - 1980)	kLDVTfQGDe4 80 journey: Any Way You Want It (2024 Remaster) | mmasR6_1lBo 77 journey: Any Way You Want It | RgJ7dBx_oCc 55 journey: Journey - Any Way You Want It (Live 1981: Escape Tour - 2022 HD Remaster)
Journey	Be Good to Yourself	PCpeuJ6swro	high	search	95	233	journey	Journey - Be Good To Yourself (Official Audio)	5PZxhOtO01g 94 journey: Journey - Be Good to Yourself (Official Video - 1986) | KhsRulRxCas 77 journey: Be Good to Yourself | ACURh9kK4vk 77 journey: Be Good to Yourself (2024 Remaster)
Journey	Dixie Highway	6-ubD5zH8Hs	high	search	78	409	journey	Dixie Highway	"vDYH96U9FnM 47 journey: Dixie Highway (Live at Cobo Hall in Detroit, Michigan, August 1980) | iNZStNxwpnw 39 ForeverStevePerry: Journey-Dixie Highway(Captured) | O2Srkd378Rs 38 mariet2: Journey - ""Dixie Highway"" LARGO '80"
Journey	Separate Ways Worlds Apart	LatorN4P9aA	high	search	89	266	journey	Journey - Separate Ways (Worlds Apart) (Official HD Video - 1983)	uH64qV71uUQ 80 journey: Separate Ways (Worlds Apart) (2023 Remaster) | aFgxMI_sO3M 45 7clouds Rock: Journey - Separate Ways (Worlds apart) (Lyrics) | TJc9MeEoEHY 39 Jordan: Separate Ways (Worlds Apart) by Journey
Joy Anonymous	JOY (God Only Knows)	QCuM9mIJg1o	high	search	87	267	Joy Anonymous	Joy Anonymous - Joy (God Only Knows) [Official Visualiser]	wiNTw7Y49OE 83 Joy Anonymous: Joy Anonymous - JOY (In Me All The Time) | 0AENWR7WfCw 41 Astralwerks Records: Joy Anonymous - JOY (God Only Knows) | YR18w_EWXTc 40 InspotMusic: Joy Anonymous - JOY (God Only Knows)
Joywave	Obsession	M2G9qar-yKw	high	search	95	189	Joywave	Joywave - Obsession (Official Video)	pkf2vSN8PwQ 53 Joywave: Joywave - Obsession (Live) - Bastille Doom Days Vol.1 Tour 2019 | fx1GWvD5d4k 45 MarvelMusicVEVO: Joywave - Obsession (Visualizer Video) | sMkNiqyvr5U 41 SurrealSelf Music: Joywave - Obsession (Audio)
Jubel	Dancing In The Moonlight (feat. NEIMY) (Tiësto Remix)	VSQmXjlLlGU	high	manual	43	143	Tiësto	Jubël ft NEIMY – Dancing In The Moonlight (Tiësto Remix) Lyric Video	YyrU46st_zI 43 The Vibe Guide: Jubel - Dancing In The Moonlight (Lyrics) ft. NEIMY (Tiesto Remix) | VSQmXjlLlGU 39 Tiësto: Jubël ft NEIMY – Dancing In The Moonlight (Tiësto Remix) Lyric Video | O-bc5gPZiBQ 38 Chill Nation: Jubël - Dancing in the Moonlight (Feat. NEIMY) (Tiësto Remix)
Judah & the Lion	Take It All Back	oomkO5nHxnY	high	search	87	215	Judah & the Lion	Judah & the Lion - Take It All Back 2.0	eZXU3vzAmhE 85 Judah & the Lion: Judah & the Lion - Take It All Back 2.0 Montage | RC_5d05OsJw 78 Judah & the Lion: Take It All Back | CLUmUS7MzE0 39 Crown Lyrix: Take It All Back 2.0 By Judah & the Lion | Lyric Video | CrownLyrix
Jump5	Spinnin' Around	xGqCVd5GynU	high	search	89	220	Jump5 - Topic	Spinnin' Around	gEhiy66Avyo 87 Jump5 - Topic: Spinnin' Around | p8N25Y3CZWA 61 xojump5loverox: Jump5 Spinnin Around(Go For It Tv) | v8rYEpZQSIA 38 SaraS.: JUMP5-SPINNIN' AROUND WITH LYRICS!
Jungle	JOY (Back On 74)	j53hCUx_xZA	high	manual	54	271	Jungle4eva	Jungle - Back on 74 (Joy Anonymous Remix)	q3lX2p_Uy9I 6 Jungle4eva: Jungle - Back On 74 (Official Video) | j53hCUx_xZA 4 Jungle4eva: Jungle - Back on 74 (Joy Anonymous Remix) | uX2ChU4010w -13 Jungle4eva: Back On 74 - Official Behind The Scenes
Jungle	Keep Me Satisfied	fwq5sT-zLLk	low	search	72	157	Jungle4eva	Jungle - Keep Me Satisfied (Official Video)	_vZK70wpn94 41 ListenToMe: Jungle - Keep Me Satisfied (Lyrics) | Mm-BOGCTAe0 38 The Capsule: Dancers React to Jungle - Keep Me Satisfied (FEATURING WILL WEST) | Xr_h4Jrw6mw 38 THVS: Jungle - Keep Me Satisfied | THVS React
Justin Bieber	All Around The World (feat. Ludacris)	ql6nSEMRP84	high	search	95	245	Justin Bieber Topic	Justin Bieber - All Around The World ft. Ludacris	OmliBRZUxnk 87 Justin Bieber: Justin Bieber - All Around The World (Official) ft. Ludacris | wlAw48HucqY 86 Justin Bieber: Justin Bieber - All Around The World (Lyric Video) ft. Ludacris | Bx_h7s6Ox9Q 69 Justin B.: Justin Bieber - All Around The World Feat. Ludacris (Official Audio) (2012)
Justin Bieber	Baby (feat. Ludacris)	v3I5zneFEkY	high	search	95	213	Justin Bieber Topic	Justin Bieber - Baby ft. Ludacris	kffacxfA7G4 87 Justin Bieber: Justin Bieber - Baby ft. Ludacris | vGkn3dBU3FQ 46 Aquarius Music: Justin Bieber - Baby ft. Ludacris (Lyrics) | VNrfehBJhps 44 Cakes & Eclairs: Justin Bieber - Baby (Lyrics) ft. Ludacris
Justin Bieber	Ghost	Fp8msa5uYsc	high	search	87	213	Justin Bieber	Justin Bieber - Ghost	KRUWn3dLoRg 83 Justin Bieber: Justin Bieber - Ghost (Visualizer) | cQOAsuw_F6Y 55 Justin Bieber: Justin Bieber - Ghost (Live From The MTV VMAs / 2021) | be3hbNjjDaY 46 Unique Sound: Justin Bieber - Ghost (Lyrics)
Justin Bieber	Hold On	LWeiydKl0mU	high	search	87	309	Justin Bieber	Justin Bieber - Hold On	HKMP2Woaf2E 84 Justin Bieber: Justin Bieber - Hold On (Lyric Video) | PieWQ3X14KI 83 Justin Bieber: Justin Bieber - Hold On (Visualizer) | 1WHPExTeOwg 56 Justin Bieber: Justin Bieber - Hold On (Live from Paris)
Justin Bieber	Never Say Never	eyPjv1p7MDA	high	search	93	227	Justin Bieber Topic	Justin Bieber - Never Say Never ft. Jaden Smith	_Z5-P9v3F8w 87 Justin Bieber: Justin Bieber - Never Say Never ft. Jaden | BEKgNks3RMM 46 ourmemoriestonight: Justin Bieber - Never Say Never (Lyrics) ft. Jaden | NbgMK-HRgcI 45 Popular Music: Justin Bieber - Never Say Never (Lyrics) ft. Jaden Smith
Justin Bieber	One Less Lonely Girl	wcypuGlLdHg	high	search	94	228	Justin Bieber Topic	Justin Bieber - One Less Lonely Girl	LXUSaVw3Mvk 87 Justin Bieber: Justin Bieber - One Less Lonely Girl | Fp7RNyd9HT4 41 Pillow: One Less Lonely Girl - Justin Bieber (Lyrics) 🎵 | fbjnstRYIWw 40 Faheem Raja: Justin Bieber-One Less Lonely Girl from NSN Movie
Justin Bieber	One Time	CHVhwcOg6y8	high	search	95	244	Justin Bieber	Justin Bieber - One Time (Official Music Video)	SWTdh8eM_aY 91 Justin Bieber: Justin Bieber - ONE TIME Official Video | ATJMtisqEqU 83 Justin Bieber: One Time - Justin Bieber + Lyrics ( My World Studio Version ) | YETC0ZJ-jm8 45 Cakes & Eclairs: Justin Bieber - One Time (Lyrics)
Justin Bieber	Somebody To Love	bp5SRjnAjrw	high	search	78	221	Justin Bieber	Somebody To Love	SOI4OF7iIr4 52 Justin Bieber: Justin Bieber - Somebody To Love Remix ft. USHER | J9DInLt4Ujs 40 Cozy Music: Justin Bieber - Somebody To Love (Lyrics) | LKnh8M0U724 39 VoomZoomOfficial: Justin Bieber-Somebody To Love ft Usher(Audio)
Justin Bieber	What Do You Mean	3y3a2MRoMnI	high	search	91	127	Justin Bieber	Justin Bieber - What Do You Mean? (PURPOSE : The Movement) (Official Music Video)	DK_0jXPuIr0 87 Justin Bieber: Justin Bieber - What Do You Mean? | NywWB67Z7zQ 85 Justin Bieber: Justin Bieber - What Do You Mean? (Lyric Video) | 4nzr03o7AHo 46 Lost Panda: Justin Bieber - What Do You Mean? (Lyrics)
Justin Moore	Here Comes My Girl	PtnstOSSN_w	high	search	95	289	Justin Moore	Justin Moore - Here Comes My Girl (Official Audio)	n4nPa35CZPI 38 Tom Petty & The Heartbreakers: Tom Petty And The Heartbreakers - Here Comes My Girl | 1XB2peAKwOA 20 Justin Moore: Justin Moore - Bait A Hook | 55GAUgjpDQA 19 Justin Moore: Justin Moore - If Heaven Wasn't So Far Away
Justin Moore	Time%5)%/0		none	search	22	0			Uv7L2X8CaNI 13 Justin Moore: Point At You | poXqbIh6MMU -20 Taste of Country: Justin Moore Talks About Meeting His Wife | 0GZmzHw2WMQ -21 Taste of Country: The Real Story of Justin Moore's 'The Ones That Didn't Make It Back Home'
Justin Moore	Time’s Ticking (feat. Dierks Bentley)	-skHcdgYbR8	high	search	87	185	Justin Moore	Justin Moore - Time’s Ticking (Lyric Video) ft. Dierks Bentley	QniL4owJpPE 41 Ragondin : Justin Moore - Time’s Ticking ft. Dierks Bentley | U2RdWwk2LH8 31 영라인댄스Young Line Dance: Time's Ticking linedance / Cho: Marianne Langagne & Catherine Dubas | wi5HajqvQ0o 30 Marianne Langagne: TIME'S TICKING -Line Dance ( 22.02.2025)
Justin Moore	We Didn't Have Much	ZJeOYBuuoJ4	high	search	87	178	Justin Moore	Justin Moore - We Didn't Have Much (Lyric Video)	BeuaZrbmcKg 46 Justin Moore: Justin Moore - We Didn't Have Much (Acoustic) | o84vtjB9L54 40 The Country Vibe: Justin Moore - We Didn't Have Much (lyrics) | 48EgliPxui8 39 The Sly-Fox Mindset: Justin Moore - We Didn't Have Much (Video Clip)
Justin Timberlake	Can't Stop The Feeling!	ru0K8uYEZWw	high	search	95	286	Justin Timberlake	"Justin Timberlake - CAN'T STOP THE FEELING! (from DreamWorks Animation's ""TROLLS"") (Official Video)"	p5RobDomh5U 85 Justin Timberlake: Justin Timberlake - CAN'T STOP THE FEELING! (First Listen) | 0Ui-QzihJGo 46 7clouds: Justin Timberlake - CAN'T STOP THE FEELING! (Lyrics) | KbyPok-3dio 39 Chris Jonn: Justin Timberlake - Can't Stop The Feeling (audio)
Justin Timberlake	Take Back The Night	DEzREJbln-o	high	search	95	356	Justin Timberlake	Justin Timberlake - Take Back the Night (Official Video)	tFMFnZyWIW4 86 Justin Timberlake: Justin Timberlake - Take Back The Night (Audio) | 023Dwic3FEU 40 JT Timberlake: Justin Timberlake - Take Back The Night | LN0ZHxL8M4g 39 Lisa Soumahu: Justin Timberlake - Take Back The Night
k.d. lang	If I Were You (Main Mix)	1TLBD1I16Vk	high	manual	68	363	kdlangvideos	If I Were You (Main Mix) (Official Music Video)	1TLBD1I16Vk 64 kdlangvideos: If I Were You (Main Mix) (Official Music Video) | eWwjUzUVZYo 41 In House We Trust: k.d. lang | If I Were You (Main Mix) | EKgnDog1KxY 40 Dancin Deeper: (1995) K.D. Lang - If I Were You [Junior Vasquez Main RMX]
K.W.S.	Please Don't Go	glWQc8tgYQA	high	manual	60	215	zyxdance	KWS Please Don't Go	glWQc8tgYQA 42 zyxdance: KWS Please Don't Go | e2mzDyEQR_Y 41 Emperor Palpatine: KWS - Please Don't Go | 3w1TzLR2tYc 40 Luiscmck9Os: Please Don't Go  - KWS  (HQ Audio)
Kacey Musgraves	High Horse	fbNDJRwXKGc	low	search	55	245	★ 𝑲𝒂𝒄𝒆𝒚 𝑴𝒖𝒔𝒈𝒓𝒂𝒗𝒆𝒔 ★	Kacey Musgraves - High Horse (Official Music Video)	iUl_QQAj_oA 53 ★ 𝑲𝒂𝒄𝒆𝒚 𝑴𝒖𝒔𝒈𝒓𝒂𝒗𝒆𝒔 ★: Kacey Musgraves - High Horse (Official Audio) | _fjfo256p6s 46 ★ 𝑲𝒂𝒄𝒆𝒚 𝑴𝒖𝒔𝒈𝒓𝒂𝒗𝒆𝒔 ★: Kacey Musgraves - High Horse (Official Lyric Video) | oJxr3Hnj1I4 39 PotatoOCE: Kacey Musgraves - High Horse (Audio)
Kaitlin Butts	Roadrunner	tjYylfkBy7U	high	search	95	235	Kaitlin Butts	Kaitlin Butts - Roadrunner (Official Music Video)	0S80xLg-x4Y 41 OkiePatriot 76 Radio: Kaitlin Butts - Roadrunner | 3ZNWXtg3gDE 40 Snowdome Studios: Kaitlin Butts - Roadrunner - The Tap - College Station - 050325 | T6LT6iqgybQ 27 Kaitlin Butts: Kaitlin Butts - You Ain't Gotta Die (To Be Dead To Me) - Official Music Video
Kane Brown	Bury Me in Georgia	k_-RuDCGefU	high	search	95	171	Kane Brown	Kane Brown - Bury Me in Georgia (Official Music Video)	Ajt_78w6gE0 91 Kane Brown: Kane Brown - Bury Me in Georgia (Single Edit [Official Audio]) | ejK2BlmWLL8 86 Kane Brown: Kane Brown - Bury Me in Georgia (Official Lyric Video) | JIPa0kqCkXU 77 Kane Brown: Bury Me in Georgia (Single Edit)
Kane Brown	I Can Feel It	3X4Ghpsb3QM	high	search	95	252	Kane Brown	Kane Brown - I Can Feel It (Official Music Video)	Arq3V36P_Eo 94 Kane Brown: Kane Brown - I Can Feel It (Official Audio) | 0hc2c2B-fMY 92 Kane Brown: Kane Brown - I Can Feel It (Official Music Video (Shortened Version)) | tKDxgh8X_-A 45 Country Paradise: Kane Brown - I Can Feel It (Lyrics)
Kane Brown	Miles on It (Feat. Marshmello)	xhkqAsByZjs	high	search	85	169	Kane Brown	Marshmello, Kane Brown - Miles On It (Official Lyric Video)	RMmoyP_cpEg 72 Marshmello and Kane Brown: Marshmello, Kane Brown - Miles On It (Official Music Video) | FQmkAt5igsc 54 Kane Brown: Marshmello, Kane Brown - Miles On It (Live on GMA3) | WsoVbyXtZS0 46 7clouds Chill: Kane Brown - Miles On It (Lyrics) ft. Marshmello
Kansas	Carry On Wayward Son	P5ZJui3aPoQ	high	search	95	324	KANSAS	Kansas - Carry on Wayward Son (Official Video)	2X_2IdybTV0 94 KANSAS: Kansas - Carry On Wayward Son (Official Audio) | s38ignmTqFQ 54 KANSAS: Kansas - Carry On Wayward Son (Live from Canada Jam) | gQFRQxJZqEE 45 7clouds Rock: Kansas - Carry on Wayward Son (Lyrics)
Karmin	Brokenhearted	s8cbak34DR0	high	search	100	233	KarminVEVO	Karmin - Brokenhearted (Official Video)	"siIR2y2kdec 91 KarminVEVO: Karmin - Brokenhearted (Lyric Video) | kJjvYzXzLVI 88 KarminVEVO: Karmin - Brokenhearted | -uGyzpxJZCI 47 HitTunesMusic: Karmin ""Brokenhearted"" - OFFICIAL AUDIO"
Karol G	Si Antes Te Hubiera Conocido	MgsdDfdGdHc	high	search	94	275	KAROL G	KAROL G - Si Antes Te Hubiera Conocido (Official Video)	QCZZwZQ4qNs 87 KAROL G: KAROL G - Si Antes Te Hubiera Conocido | Coke Studio | HH_GjUIqaOY 44 Ps Official: KAROL G - Si Antes Te Hubiera Conocido | Coke Studio | RWi5SmNpM9Q 43 jostland.: KAROL G - Si Antes Te Hubiera Conocido (Letra) | yo me caso contigo 💖
Katie Herzig	Hey Na Na	g_WJ8gnWU7I	high	search	95	156	Katie Herzig Music	Katie Herzig - Hey Na Na (Official Video)	H_RVHGhX-1w 77 Katie Herzig Music: Hey Na Na | znZ3XtyRoKk 53 Katie Herzig Music: Katie Herzig - Hey Na Na (Live at the Fillmore) | r6EQszX2jvQ 41 ahsen y: Katie Herzig - Hey Na Na - Lyrics
Kato	Turn The Lights Off (Feat. Jon)	FxDMMeWK1ZE	low	search	57	186	Time Records	Kato Feat. Jon - Turn The Lights Off [Official Video] HD	R2KeQqLzr00 43 ELITE TRANCE MUSIC: Kato & Jon - Turn The Lights Off (UNKNX, Zylarion, Adrian Vale) TRANCE VERSION - Elit | 69BwOXSgWDI 41 LatinHype: Kato - Turn The Lights Off feat. Jon | -O8Y9X2Z2fA 40 Danny Green: Kato feat. Jon - Turn The Lights Off (Jon Hamm)
Katrina & The Waves	Walking On Sunshine	8TiRI7_QgVI	high	search	87	224	Katrina & The Waves - Topic	Walking on Sunshine (25th Anniversary) (2010 - Remaster)	mq28D0-0W1g 85 Katrina & The Waves - Topic: Walking on Sunshine (2004 Version) | iPUmE-tne5U 55 KatrinaTheWavesVEVO: Katrina & The Waves - Walking On Sunshine (Official Music Video) | 9MTAhQIPMOU 44 TopPop: Katrina & The Waves - Walking On Sunshine (1985) • TopPop
KATSEYE	Touch	yhI8v8RgiW0	high	search	83	136	KATSEYE	“Touch” Dance Practice Video (Fixed Ver.) | KATSEYE	"l9CZykYZkOQ 47 HYBE LABELS: KATSEYE (캣츠아이) ""Touch"" Official MV | hSbVyA8DC-8 46 7clouds: KATSEYE - Touch (Lyrics) | 7E-8UnOjPjQ 43 Mnet K-POP: KATSEYE - Touch #엠카운트다운 EP.862 | Mnet 240912 방송"
Katy Perry	Dark Horse (feat. Juicy J)	0KSOMA3QBU0	high	search	87	225	Katy Perry	Katy Perry - Dark Horse ft. Juicy J	ONb4aTtG6Ps 85 Katy Perry: Katy Perry - Dark Horse (Audio) | rcFYOgwdMT0 46 Pizza Music: Katy Perry - Dark Horse ft. Juicy J | xtoHuHgS9_o 44 Rap Samurai: Katy Perry - Dark Horse (Lyrics) ft. Juicy J
Katy Perry	Firework	QGJuMBdaqIw	high	search	95	234	Katy Perry	Katy Perry - Firework (Official Music Video)	qNZ8XCobUUM 55 Katy Perry: Katy Perry - Firework (Live from Celebrating America Inauguration Special) | iQPntUPNDlQ 53 Katy Perry: Katy Perry - Firework (From “The Prismatic World Tour Live”) | 2_PBpSirt3M 46 TikTokHymn: Katy Perry - Firework (Lyrics)
Katy Perry	Last Friday Night (T.G.I.F.)	sHe0E6-xNUY	high	search	88	240	KatyPerryMusicVEVO	Katy Perry - Last Friday Night [T.G.I.F.] (Audio) ft. Missy Elliot	KlyXNRrsk4A 80 Katy Perry: Katy Perry - Last Friday Night (T.G.I.F.) (Official Music Video) | CsYnQjJRf6o 68 Katy Perry: Katy Perry - Making of “Last Friday Night (T.G.I.F.)” Music Video | tmlGA_zFtpQ 46 Rap Samurai: Katy Perry - Last Friday Night (Lyrics)
Katy Perry	LIFETIMES	vRkSjkGkhbE	high	search	87	226	Katy Perry	Katy Perry - LIFETIMES	"KxgVnfzzGv4 46 Rap Samurai: Katy Perry - LIFETIMES (Lyrics) ""I'll love you for life"" | hDRm3Jjhwx4 40 Audios: Katy Perry - LIFETIMES (Audio) | EVIJUH29pjU 26 Katy Perry: Katy Perry - WOMAN’S WORLD (Official Video)"
Katy Perry	NIRVANA	Z5AobYqv3DY	high	search	87	173	Katy Perry	Katy Perry - NIRVANA (Pseudo Video)	Hp6AbNnu0Xk 45 Iyan Music: Katy Perry - NIRVANA (Lyrics) | hH3AWBlRqFI 41 BNM2 and BNM Mashups: Katy Perry - NIRVANA (Music Video) | 0QN-xkm7DSc 38 Akadi: Katy Perry - NIRVANA (Extended Version)
Katy Perry	Teenage Dream	98WtmW-lfeE	high	search	95	230	Katy Perry	Katy Perry - Teenage Dream (Official Music Video)	41i4uCWST_U 85 Katy Perry: Katy Perry - Teenage Dream (Director's Cut) | oRCz85wXwzw 83 Katy Perry: Katy Perry - Teenage Dream with Lyrics | OE7IhVLrrNw 41 bemu and 3 more: Katy Perry - Teenage Dream (Lyrics)
Katy Perry	The One That Got Away	Ahha3Cqe_fk	high	search	95	290	Katy Perry	Katy Perry - The One That Got Away (Official Music Video)	ePQe5E69INg 83 Katy Perry: Katy Perry - The One That Got Away | lbaVbgbeKaI 77 Katy Perry: The One That Got Away | 8iytVJ3o2eA 46 Pizza Music: The One That Got Away - Katy Perry (Lyrics)
Katy Perry	Woman's World	EVIJUH29pjU	high	search	95	176	Katy Perry	Katy Perry - WOMAN’S WORLD (Official Video)	EgyhSMTboUo 85 Katy Perry: Katy Perry - WOMAN’S WORLD (Lyric Video) | ioK9sQ3goxk 46 Creative Chaos: Katy Perry - WOMAN'S WORLD (Lyrics) | oMsdo0lbg48 14 Capital: Katy Perry - Woman's World (Live at Capital's Jingle Bell Ball 2024) | Capital
Kaylee Bell	Getting Closer	ZD1q6vwOoy4	high	search	95	171	Kaylee Bell	Kaylee Bell- 'Getting Closer' (Official Video)	M9n2pFMdY2w 86 Kaylee Bell: Kaylee Bell - 'Getting Closer' (BEHIND THE SCENES) | ItdCfQOSoPg 77 Kaylee Bell: Getting Closer (Pop Version) | kXQEZF2fLBo 76 Kaylee Bell: Getting Closer
Kaylee Bell	Here with You	H3gQ0lJ8Xhk	high	search	79	203	Kaylee Bell	Here With You	GenlTLkTOCc 29 Kaylee Bell: Kaylee Bell - 'BOOTS 'N ALL ' Official Music Video. | XK-kFaFIIJU 28 Kaylee Bell: Kaylee Bell - 'Home' (Official Music Video) | jkNpqczu8eI 27 Kaylee Bell: Kaylee Bell - 'Small Town Friday Nights' (Official Music Video)
Kaz James	Sun Is Shining	zQqeGggjFWY	high	search	95	184	Kaz James	Kaz James - Sun Is Shining (Official Audio)	vhMuuvQKQJw 75 Kaz James: Sun Is Shining (Dub) | 67V39UjEigU 41 The Club Catalogue: Kaz James - Sun Is Shining (Extended) [krushes] | 18O2XEuPmRs 39 AZ Lyrics: Kaz James - Sun Is Shining (Lyrics)
KC & The Sunshine Band	(Shake, Shake, Shake) Shake Your Booty	_ieFhF4Lj4k	high	search	79	186	KC & The Sunshine Band	[Shake, Shake, Shake] Shake Your Booty	j3bxUlgFTxs 76 KC & The Sunshine Band: [Shake, Shake, Shake] Shake Your Booty | PDIbrw4qgW0 75 KC & The Sunshine Band: (Shake, Shake, Shake) Shake Your Booty | x8no2UG-oZ0 40 MielR: KC and the Sunshine Band (Shake, Shake, Shake) Shake Your Booty DOLLY PARTON 1976 HQ
KC & The Sunshine Band	Give It Up	N2Gi4Y4JzOA	high	search	85	265	KC & The Sunshine Band	KC - Give It Up (Official Video)	"-AkxUirASIQ 78 KC & The Sunshine Band: Give It Up (7"" Version) | UBsIGF-KZZw 47 TopPop: KC & The Sunshine Band - Give It Up • TopPop | KHL5k7St5SY 44 life + lyrics: KC & The Sunshine Band - Give It Up (Lyrics)"
KC & The Sunshine Band	I'm Your Boogie Man	HT0wGSbASZE	high	search	78	243	KC & The Sunshine Band	I'm Your Boogie Man	OuAoqxcHBZI 76 KC & The Sunshine Band: I'm Your Boogie Man | _Ee3C2m3OXE 42 gottawatchthis66: KC and the Sunshine Band - I'm Your Boogie Man [TopPop].VOB | q8jHcRg9-jI 40 RETROVISOR: Kc & The Sunshine Band I'm Your Boogie Man 1977
KC & The Sunshine Band	Keep It Comin' Love	L95f98oMdzg	high	search	77	233	KC & The Sunshine Band	Keep It Comin' Love	AE7Lejv5VTo 75 KC & The Sunshine Band: Keep It Comin' Love | dc_pjiCJl3s 47 TopPop: KC & The Sunshine Band - Keep It Comin' Love • TopPop | ibvYxe43cCQ 41 koollatter: KC & The Sunshine Band - Keep It Comin' Love
KC & The Sunshine Band	That's The Way I Like It	yupPvZF6oBw	high	search	79	309	KC & The Sunshine Band	That's the Way (I Like It)	aXxB2QN2IuY 79 KC & The Sunshine Band: That's the Way (I Like It) (2004 Remaster) | MH2E6peFz3Q 75 KC & The Sunshine Band: That's the Way (I Like It) | gFrd3WiOcPc 40 TMC Records: KC and The Sunshine Band - That's The Way (I Like It) 1977 (Remastered)
Keith Urban	CHUCK TAYLORS	qRosR_SKyHY	high	search	95	219	Keith Urban	Keith Urban - CHUCK TAYLORS (Official Audio)	e9HSGpvD-Cc 56 Keith Urban: Keith Urban - CHUCK TAYLORS (Live From Jimmy Kimmel Live!) | cfzl7DktpKE 55 Keith Urban: Keith Urban - CHUCK TAYLORS (Live From The Tonight Show Starring Jimmy Fallon) | 5FMFEcXgRmE 53 Keith Urban: Keith Urban - CHUCK TAYLORS (Live From The TODAY Show)
Keith Urban	Straight Line	V-_TIeTX60I	high	search	87	229	Keith Urban	Keith Urban - STRAIGHT LINE (Official Lyric Video)	fXtZI61Nrb0 56 Keith Urban: Keith Urban - STRAIGHT LINE (New Year's Eve Live: Nashville's Big Bash 2024) | E3l6Js03UNs 54 Keith Urban: Keith Urban - Straight Line (Live from the HIGH AND ALIVE WORLD TOUR) | v2iCMxHeCDo 53 Keith Urban: Keith Urban - Straight Line (New Year's Eve Live: Nashville's Big Bash 2025)
Keith Urban	The Fighter (feat. Carrie Underwood)	GzT4p-OaJ5c	high	search	95	188	Keith Urban	Keith Urban - The Fighter ft. Carrie Underwood (Official Music Video) ft. Carrie Underwood	58ZqbEniYMw 93 Keith Urban: Keith Urban - The Fighter ft. Carrie Underwood (Official Audio) ft. Carrie Underwood | _kO1CNtcp6k 84 Keith Urban: Keith Urban - The Fighter ft. Carrie Underwood (Dancers Version) ft. Carrie Underwood | uzH8NU2H1mE 38 CarrieUnderwoodFan28: Keith Urban Ft. Carrie Underwood ~ The Fighter (Lyrics)
Keith Urban	We Were Us (feat. Miranda Lambert)	dlFEJ-Ctpjc	high	search	95	206	Keith Urban	Keith Urban - We Were Us ft. Miranda Lambert (Official Music Video)	H14-fUony9k 84 Keith Urban: Keith Urban - We Were Us ft. Lauren Alaina | HooZj_Vak-k 83 Keith Urban: Keith Urban - We Were Us ft. Miranda Lambert (Behind The Song) | 01SLuLWevz0 41 CountrysHitList: Keith Urban feat Miranda Lambert We Were Us with Lyrics
Keith Urban	Wild Hearts	DFmLWkooQ7I	high	search	95	190	Keith Urban	Keith Urban - Wild Hearts (Official Music Video)	4nncpnXPZjY 93 Keith Urban: Keith Urban - Wild Hearts (Official Audio) | 5u_MkcMakCo 86 Keith Urban: Keith Urban - Wild Hearts (CMA Awards 2021) | _C3ZF37yG7o 39 The Country Vibe: Keith Urban - Wild Hearts (lyrics)
Kelly Clarkson	My Life Would Suck Without You	cRM70Jw7F4M	high	search	95	212	Kelly Clarkson	Kelly Clarkson - My Life Would Suck Without You (Official Video)	h09_1qdkFIA 85 Kelly Clarkson: My Life Would Suck Without You - Kelly Clarkson | 13DkH0TkGpI 54 Kelly Clarkson: Kelly Clarkson - My Life Would Suck Without You (Live From the Troubadour 10/19/11) | j6bIRTv5toI 46 7clouds Rock: Kelly Clarkson - My Life Would Suck Without You (Lyrics)
Kelly Clarkson	Run Run Rudolph	IhGuAJUumHk	high	search	83	149	Kelly Clarkson	Kelly Clarkson - Run Run Rudolph (Wrapped In Red - Fireplace Version)	CcDoK0B0_nE 40 7clouds Christmas Music: Kelly Clarkson - Run Run Rudolph (Lyrics) | JDIIYVPRpns 31 TheChristmasLyrics3: Kelly Carskon - Run Run Rudolph (Lyric Video) | HtZYc_95e9g 12 Proyecto Stop Motion: Kelly Clarkson - Run Run Rudolph (Live at The Venetian) (Cautionary Christmas Music
Kelly Clarkson	Santa, Can’t You Hear Me (Feat. Ariana Grande)	G7461Gf60ug	high	search	93	243	Kelly Clarkson	Kelly Clarkson & Ariana Grande - Santa, Can't You Hear Me (Official Audio)	PPcpd-YBlGw 87 Kelly Clarkson: Kelly Clarkson & Ariana Grande - Santa, Can't You Hear Me (from When Christmas Comes Arou | Vx8uim3xnf4 62 Kelly Clarkson: Kelly Clarkson & Ariana Grande - Santa, Can't You Hear Me (Live) [Official Audio] | rQ3ClhGv3CA 60 The Kelly Clarkson Show: 'Santa Can't You Hear Me' by Ariana Grande & Kelly Clarkson | Kellyoke
Kelly Clarkson	Stronger (What Doesn't Kill You)	Xn676-fLq7I	high	search	95	221	Kelly Clarkson	Kelly Clarkson - Stronger (What Doesn't Kill You) [Official Video]	avYxiIRG4xQ 85 Kelly Clarkson: Kelly Clarkson - Stronger (What Doesn't Kill You) (Audio) | KJYiPgh5rjk 49 MUSIC EVOLUTION: Kelly Clarkson - Stronger ( What Doesn't Kill You ) ( Official Video 4K | 60 fps ) | RjZzySx7TmM 46 7clouds Rock: Kelly Clarkson - Stronger (What Doesn't Kill You) (Lyrics)
Kelly Clarkson	Underneath the Tree	EM2Fnp_qnE8	high	search	95	240	Kelly Clarkson	Kelly Clarkson - Underneath the Tree (Official Video)	YfF10ow4YEo 94 Kelly Clarkson: Kelly Clarkson - Underneath the Tree (Official Audio) | ks4xy_HVD9I 83 Kelly Clarkson: Kelly Clarkson - Underneath the Tree (Official Lyric Video) | s9vdRkdF60Y 54 Kelly Clarkson: Kelly Clarkson - Underneath The Tree (Live from NBC's Christmas at the Opry)
Kelly Clarkson	You For Christmas	Y8-iXBVUJec	high	search	87	171	Kelly Clarkson	Kelly Clarkson - You For Christmas (Official Lyric Video)	r2cy97hrl_s 86 Kelly Clarkson: Kelly Clarkson - You For Christmas (The Official Homemade Video 🎄❄️) | CwLhXuYwkbw 45 The Voice: Kelly Clarkson Performs “You For Christmas” | The Voice Finale | NBC | uT13TW9IdoA 38 Sunset Sounds: Kelly Clarkson - You For Christmas | Lyrics
Kelsea Ballerini	Xo	LKlY8o1ODRs	high	search	95	174	Kelsea Ballerini	Kelsea Ballerini - XO (Official Audio)	U50E-leBHkM 76 Kelsea Ballerini: XO | XcBooW3qpc4 45 Country 97.1 HANK FM: Kelsea Ballerini - XO | 1zifgzBOWjU 41 extremmusiclover: XO - Kelsea Ballerini (on screen lyrics)
Kelsey Hart	Love To Be That Guy	Qw4j7iuqOLk	high	search	87	186	Kelsey Hart	Kelsey Hart - Love To Be That Guy (Official Lyric Video)	MHJWsBE6YOs 38 Kelly Hart: Kelsey Hart - Love To Be That Guy | ShaQhh47U5I 27 Kelsey Hart: Kelsey Hart - Anything Like You (Official Music Video) | zfbIWWZdtoE 26 Kelsey Hart: Kelsey Hart - Life With You (Official Music Video)
Kenny Chesney	American Kids	de1aPKXBdAE	high	search	95	202	Kenny Chesney	Kenny Chesney - American Kids (Official Video)	mGbyMLetlLQ 83 Kenny Chesney: Kenny Chesney - American Kids - About the Song | z2AQ-nIZ0sA 43 7clouds Country: Kenny Chesney - American Kids (Lyrics) | y8V9Kda8Fis 41 Audioandlyrics: Kenny Chesney - American Kids (Lyrics)
Kenny Loggins	Danger Zone	siwpn14IE7E	high	search	95	226	Kenny Loggins	Kenny Loggins - Danger Zone (Official Video - Top Gun)	yK0P1Bk8Cx4 94 Kenny Loggins: Kenny Loggins - Danger Zone (Official Audio - Top Gun) | CRGbe95EQyI 45 7clouds Rock: Kenny Loggins - Danger Zone (Lyrics) | lzXbTfgoMac 39 HD Film Tributes: Top Gun • Danger Zone • Kenny Loggins
Kenny Loggins	Footloose	ltrMfT4Qz5Y	high	search	95	176	Kenny Loggins	Kenny Loggins - Footloose (Official Video)	hq3Q3FfJkK4 94 Kenny Loggins: Kenny Loggins - Footloose (Official Audio) | bjQ9vTsMQ4I 76 Kenny Loggins: Footloose | FDMHZFJnk2s 45 Unique Sound: Kenny Loggins - Footloose (Lyrics)
Kenny Loggins	I'm Alright	1rmPckNvD3E	high	search	95	228	Kenny Loggins	"Kenny Loggins - I'm Alright (Theme from ""Caddyshack"") (Official Audio)"	"lQLeuvnQTLo 77 Kenny Loggins: I'm Alright (Theme from ""Caddyshack"") | ZtqMnf23NTI 68 Kenny Loggins: Kenny Loggins - I'm Alright (from Outside: From The Redwoods) | rbQgaHZOFZ0 41 Seth E.: I'm Alright - Kenny Loggins - Caddyshack Theme (SPOILERS!)"
Kenya Grace	Strangers	S2TaAcwC_zI	high	search	87	174	Kenya Grace	Kenya Grace - Strangers (Official Lyric Video)	hPlikUUZ5RM 48 strawbqby: Kenya Grace - Strangers (Official Audio) | Nvm50gMVinc 43 BBC Music: Kenya Grace - Strangers | Glastonbury 2024 | eRKGEBWZJOo 43 KYLE HANAGAMI: KENYA GRACE - Strangers | Kyle Hanagami Choreography
Kenzie	face to face	JkKbl_Ql60Q	high	search	95	175	kenzie	kenzie - face to face (Official Music Video)	XH1xZiYI46k 86 kenzie: kenzie - face to face (Lyric Video) | 1vfRbVSlkcM 83 kenzie: kenzie - face to face (Official Trailer) | bkqSkqAVwHk 54 kenzie: kenzie - face to face (Live Performance | Vevo)
Kevin Morby	Javelin	6JDL9GAjgeE	high	search	95	242	Kevin Morby	Kevin Morby - Javelin (Official Video)	"_VlLj-W0M_g 60 CBS Mornings and Kevin Morby: Saturday Sessions: Kevin Morby performs ""Javelin"" | 6yJinqXeATQ 46 Jimmy Kimmel Live: Kevin Morby – Javelin | hcusYUu0JvI 38 90.9 The Bridge: Kevin Morby - 'Javelin' | The Bridge 909 Sessions"
Kid Cudi	Stars In The Sky - From Sonic The Hedgehog 2		none	search	22	0			TlUxjn8pzzk 14 Tails Dreemurr: Stars In The Sky | Sonic Movie2 Theme Song | End Movie | | wHC5Ceemb7M -16 Luke WRLD: Kid Cudi - Stars In The Sky (Official Audio) [From Sonic The Hedgehog 2] | 9ECVJtBmFoI -27 Ryuga Ann: KID CUDI – STARS IN THE SKY LYRICS
Kiesza	Hideaway	Vnoz5uBEWOA	high	search	87	275	Kiesza	Kiesza - Hideaway	H4kjIH42L4I 85 Kiesza: Kiesza - Hideaway | 75dF5OUJpWg 41 MUSIC IS MY LIFE: Kiesza - Hideaway (LYRICS) | 1nO8cq16d0k 30 Music Topic BR: Kieza - Hideaway (Audio)
Kim Petras	Future Starts Now	buMsfjLekfI	high	search	95	214	Kim Petras	Kim Petras - Future Starts Now (Official Music Video)	E0GLXZPC6F8 94 Kim Petras: Kim Petras - Future Starts Now (Official Audio) | BNx0SL2nYVs 85 Kim Petras: Kim Petras - Future Starts Now (Official Lyric Video) | Yc-MnuLOBx8 53 Kim Petras: Kim Petras - Future Starts Now (Live on The 2021 MTV VMAs)
Kim Wilde	Kids In America	80TfG7C9azA	high	search	95	210	Kim Wilde	Kim Wilde - Kids in America (Official Music Video)	i5HDfxDW7Ck 80 Kim Wilde: Kids In America (2020 Remaster) | 8BYKpQ_6GbM 45 TopPop: Kim Wilde - Kids In America (1981) • TopPop | sEhWDMpBmfc 43 BBC Music: Kim Wilde - Kids In America (Radio 2 in the Park 2024)
Kim Wilde	You Keep Me Hanging On	xK7YDeBdt6s	low	search	57	255	Kim Wilde	You Keep Me Hangin' On	I_3gLp6k7ZE 49 Heroes Of The 80s: Kim Wilde - You Keep Me Hanging On (HD) (Official Video) (1986) | mHdCX5Xe6m4 46 TopPop: Kim Wilde - You Keep Me Hanging On (1986) • TopPop | QzTnINFdwuE 20 Kim Wilde: Kim Wilde - You Keep Me Hangin' On
Kimberly Dawn	Days Go By		none	search	6	0			0kyq07L8KHc 5 Kimberly Dawn | Coastal Cowgirl: Kimberly Dawn - Warrior (Official Music Video) | lvuse2m1FdY 4 Kimberly Dawn | Coastal Cowgirl: Kimberly Dawn - Days Go By (Keith Urban Cover) (Official Lyric Video) | UU8RudtHviM 4 Kimberly Dawn: Everyday GLAM!!!  |  Kimberly Dawn
Kings of Leon	Radioactive	wPBbMbKSZrQ	high	search	95	207	Kings of Leon	Kings Of Leon - Radioactive (Official Video)	"K7jVK81FcjY 86 Kings of Leon: Kings Of Leon - Radioactive (Audio) | atEV6Xu22gw 40 Rodrigo Lima: Kings of Leon - Radioactive | M2Z6liF813k 39 mtvvmas2k10: Kings of Leon - ""Radioactive"" 10/25 Letterman (TheAudioPerv.com)"
Kings of Leon	The Bandit	PtJCnm88_cU	high	search	95	265	Kings of Leon	Kings Of Leon - The Bandit (Official Video)	HYyCZtT3ddk 54 Kings of Leon: Kings Of Leon - The Bandit (Live on Good Morning America) | vX16wrTbeKE 40 Hugo Valero: Kings Of Leon - The Bandit (Lyrics) | vcQzI9O5Tgc 38 Alessandro Rossi: Kings Of Leon - The Bandit
Kings of Leon	Use Somebody	gnhXHvRoUd0	high	search	95	231	Kings of Leon	Kings Of Leon - Use Somebody (Official Video)	j6pcQb55G2Q 54 Kings of Leon: Kings Of Leon - Use Somebody (Live on Letterman) | it-xrhxHcoQ 53 Kings of Leon: Kings Of Leon - Use Somebody (Live from iTunes Festival, London, 2013) | tIC_fdz7mXA 46 7clouds: Kings Of Leon - Use Somebody (Lyrics)
Kip Moore	She's Mine	vykhvwCSHj8	high	search	95	241	Kip Moore	Kip Moore - She's Mine (Official Music Video)	8_P3b4WXXC4 92 Kip Moore: Kip Moore - She's Mine (Official Audio) | UY-R-WOJ26I 86 Kip Moore: Kip Moore - She's Mine (Official Lyric Video) | F3ozRNriwjY 83 Kip Moore: Kip Moore - She's Mine (Festival Version)
Kiss	Calling Dr. Love	noNSDAk87Oc	high	search	79	221	KISS	Calling Dr. Love	cq12PaGzwbQ 77 KISS: Calling Dr. Love | CRMnCRoDguc 56 KISS: Kiss - Calling Dr. Love (Live On Letterman/2012) | IDTE8DpkKE4 39 drew pat: Kiss-Calling Dr. Love
Kiss	Detroit Rock City	4okh7Y25dmQ	high	search	79	229	KISS	Detroit Rock City	naXPoz1Du34 77 KISS: Detroit Rock City | ppG6IUfQUZM 75 KISS: Detroit Rock City | Dz4EFziVkNE 71 Kiss - Sitio official: Kiss - Detroit Rock City (official Video)
Kiss	Rock And Roll All Nite	EFMD7Usflbg	high	search	87	242	KISS	Kiss - Rock And Roll All Nite (From Kiss eXposed)	Ff9efKdyz84 86 KISS: Kiss - Rock And Roll All Nite (1975 Promo Video) | UXYfAOCpaww 64 KISStory: Kiss - Rock And Roll All Nite (Remastered) | zjdgmAvh-dI 39 StarSong: Kiss - Rock and Roll All Nite (lyrics)
Knox	Change Your Mind	A7uqytP86Qk	high	search	95	251	Knox	Knox - Change Your Mind (Official Music Video)	eYMN8zZAZOY 41 Sunset Sounds: Knox - Change Your Mind | Lyrics | cQEW_FyqPHQ 40 Mariah: Change Your Mind by Knox at Lost Lake Lounge 4/10/24 | QgjYYewaJJ0 39 DeXsta_Music: [和訳] Knox - Change Your Mind
Knox	Me, Myself & Your Eyes	Wn9sO7Wsxn0	high	search	87	163	Knox	Knox - Me, Myself & Your Eyes (Official Lyric Video)	EcayTiic4pE 46 Finding Sounds: Knox - Me, Myself, & Your Eyes (Lyrics) | WeW9RcWpXlo 39 Mariah: Me, Myself & Your Eyes by Knox at Lost Lake Lounge 4/10/24 (ft. technical difficulties) | rAg0TKOoKsE 38 Sarah Ravel: Me, Myself & Your Eyes by Knox at iHeart Radio Private Concert
Knox	Not The 1975	gF0HEdinEC4	high	search	95	200	Knox	Knox - Not The 1975 (Official Visualizer)	oXRRe2uY5Kw 83 Knox: Knox - Not The 1975 (Tour Lyric Video) | bCOr5Iz5cXQ 53 Knox: Knox - Not The 1975 (Live Performance) | Vevo | MTRlGrqaFXs 45 BangersOnly: Knox - Not The 1975 (Lyrics)
Kool & The Gang	Celebration	3GwjfUFyY6M	low	search	64	258	KoolandthegangShow	Kool & The Gang - Celebration	1Qu6Dyn-c6M 54 KoolandthegangShow: Celebration | Ctmup-jJhSE 52 KoolandthegangShow: Celebration (Single Version) | iOolelD0NYE 43 TopPop: Kool & The Gang - Celebration • TopPop
Kool & The Gang	Fresh	sTJ1XwGDcA4	low	search	64	231	KoolandthegangShow	Kool & The Gang - Fresh	jghyKdwHnSg 52 KoolandthegangShow: Fresh (Single Version) | HOt-3Cb4-L4 45 VibersVibin: Kool & The Gang - Fresh (Lyrics) | NChc__dH3jA 41 Anthony Vic: Kool & the Gang - Fresh
Kool & The Gang	Ladies Night	PVWqSWmzgYA	low	search	54	386	KoolandthegangShow	Ladies Night	iAH9tY7ehhk 44 TMC Records: Kool & The Gang - Ladies Night 1979 (Remastered) | LjG7-5kbevo 41 soulbrothanumbahone: Kool & The Gang - Ladies Night | uiQHmxPFVNo 39 nyuv02: Kool & The Gang - Ladies' Night
Kool & The Gang	Misled	1O8jsxj9Dqo	low	search	64	291	KoolandthegangShow	Kool & The Gang - Misled	x_GENnXPnoA 54 KoolandthegangShow: Misled | 4QPOA-AWxkQ 44 TopPop: TOPPOP: Kool & The Gang - Misled | UEME182Q3G4 41 Anthony Vic: Kool & the Gang - Misled
Kool & The Gang	Open Sesame (Club Mix)	GU8Df6z1d9I	high	manual	40	347	KoolandthegangShow	Open Sesame (Club Remix)	rkqTWAw36Do 40 Chucho: Kool & The Gang - Open Sesame - Saturday Night Fever - HD | yZWR_Qv1eoI 24 Alex Nascimento DJ: Kool and the Gang - Open Sesame  (Special Disco Version) | GU8Df6z1d9I 21 KoolandthegangShow: Open Sesame (Club Remix)
Krewella	Alive	J-gYJBsln-w	high	search	95	207	Krewella	Krewella - Alive (Official Video)	F-E5I374xJo 83 Krewella: Krewella - Alive HQ - Now Available on Beatport.com | S7dcA_N6EmQ 54 Krewella: Krewella - Alive (Acoustic) [Official Video] | 9Cx3S4PoYlY 43 RouxioMusic: Krewella - Alive (Lyrics)
Kris Kross	Jump	010KyIQjkTk	high	search	95	198	Kris Kross	Kris Kross - Jump (Official Video)	-6C2P7MtOoM 75 Kris Kross: Jump | hCiVjcU39kg 50 Enhanced Music Videos: Kris Kross - Jump (Official Video), Full HD (Digitally Remastered and Upscaled) | WEvspRMp3zc 50 Kris Kross: Jump (Extended Mix)
Kristin Chenoweth	Why Couldn't It Be Christmas Every Day?	JJmPd5XET3Q	high	search	95	260	Kristin Chenoweth	Kristin Chenoweth - Why Couldn't It Be Christmas Every Day? (Official Audio)	AzvsU_pEtqo 85 Kristin Chenoweth: Kristin Chenoweth - Why Couldn't It Be Christmas Every Day? [Yule Log Visualizer] | xuxUiR9a5Tc 44 BiancaRyanVEVO: Bianca Ryan - Why Couldn't It Be Christmas Everyday? (Official Video) | rre4M5EMZbA 41 Christmas Music: Kristin Chenoweth - Why Couldn't It Be Christmas Every Day? (Fireplace)
KT Tunstall	Little Saint Nick (feat. Chris Leonard)	Bp9-yWl0gTQ	high	search	87	158	kttunstallofficial	KT Tunstall & Andy Burrows - Little Saint Nick (feat. Chris Leonard) (Official Lyric Video)	Jg7AaAS-c0U 41 Radar Weekly Instrumentals - November 2024: KT Tunstall & Andy Burrows feat. Chris Leonard - Little Saint | KUNneA36CrQ -28 Norah Jones: Run Rudolph Run | KBbNAqtPcNU -29 Taratata: Ray Lamontagne & Damien Rice - To Love Somebody (TARATATA Mar. 2007)
Kula Shaker	Tattva	2bYj2o7y4rk	high	search	87	228	Kula Shaker	Kula Shaker - Tattva	wfONbfAVWGk 86 Kula Shaker: Kula Shaker - Tattva | vmx9zZ8avUw 39 ToMmY-_-GuNn-_-: Kula Shaker Tattva | sYQYIlsDEKk 38 adam wheeldon: Kula Shaker - Tattva - TOTP - 05 07 1996
Kungs	All Night Long (Feat. David Guetta, Izzy Bizu)	5aI5o4AcBo8	high	search	95	227	Kungs	Kungs, David Guetta, Izzy Bizu - All Night Long (OFFICIAL VIDEO)	ShswmOvM_EY 85 Kungs: Kungs, David Guetta, Izzy Bizu - All Night Long | A5zw8F3fiWw 46 David Guetta: Kungs, David Guetta, Izzy Bizu - All Night Long (Lyric Video) | gTAdSqdEN0E 44 The Vibe Guide: Kungs, David Guetta, Izzy Bizu - All Night Long (Lyrics)
Kx5 (Kaskade x Deadmau5)	Escape (feat. Hayla)	BMFNN40fNp0	high	manual	39	240	Kx5	Kx5 - Escape (feat. Hayla) [Official Lyric Video]	BMFNN40fNp0 37 Kx5: Kx5 - Escape (feat. Hayla) [Official Lyric Video] | HOzhche885w 36 WhatTheGenre: Deadmau5 & Kaskade - Escape ft. Hayla (Music Video) | DNgPnqpUCqM 5 house calls: Kaskade x deadmau5 pres. Kx5 feat. Hayla - Escape (Extended Mix)
Kygo	Chasing Paradise (feat. OneRepublic)	ArTEKXEQqyw	high	search	95	178	Kygo	Kygo, OneRepublic - Chasing Paradise (Official Video)	nMndtc7lqqg 46 Sensual Musique: Kygo & OneRepublic - Chasing Paradise (Lyrics) | rnvAZFWzXe0 43 Virtuau: Kygo & OneRepublic - Chasing Paradise (Traducida al Español) | XQnvyjw7txw 40 Lyrical Genius: Kygo & OneRepublic - Chasing Paradise (Lyrics)
Kygo	Hold On Me (Feat. Sandro Cavazza)	xm8LhsXEWtg	high	search	95	175	Kygo	Kygo, Sandro Cavazza - Hold On Me (Official Video)	AWciZODAuTw 45 Sensual Musique: Kygo & Sandro Cavazza - Hold On Me (Lyrics) | 7ItINyHyVsQ 43 WaveMusic: Kygo & Sandro Cavazza - Hold On Me (Lyrics) | qzknanBvk7M 38 Blessed By Music: Kygo ft. Sandro Cavazza - Hold On Me (Extended Version)
Kygo	Hot Stuff (with Donna Summer)	yg6Y_1_DJyI	high	search	95	197	Kygo	Kygo, Donna Summer - Hot Stuff (Official Video)	jGl9qiidN6s 46 7clouds: Kygo, Donna Summer - Hot Stuff (Lyrics) | EOjD6-Rb1wI 40 Drone Music Video: Kygo, Donna Summer - Hot Stuff (Shuffle Dance Video) | Z_MY4NB3_H0 39 TorontoRaptors77: Kygo, Donna Summer - Hot Stuff (Audio)
Kygo	I'll Wait (Feat. Sasha Sloan)	rellaHDgkzE	high	search	92	215	Kygo	Kygo - I'll Wait w/ Sasha Sloan (Official Audio)	ogv284C4W30 87 Kygo: Kygo, Sasha Alex Sloan - I'll Wait (Lyric Video) | oSPvNybEYxQ 85 Kygo: Kygo, Sasha Sloan - I'll Wait (Rob Gronkowski & Camille Kostek) | kDtWLAPfu5s 46 7clouds: Kygo, Sasha Sloan - I'll Wait (Lyrics)
Kygo	Me Before You (Feat. Plested)	locE6hwGoOE	high	search	95	217	Kygo	Kygo, Plested - Me Before You (Official Visualizer)	f6D1XCl4hTw 62 Lyrics: Avicii & Kygo: Kygo - Me Before You (ft. Plested) (Lyric Video) | GBarFSe1HTc 46 Sensual Musique: Kygo & Plested - Me Before You (Lyrics) | eKLrWVlqBFc 38 DanceHype: Kygo, Plested - Me Before You
Kyle Falconer	Lady Coachella	WMOu4CpE-c8	high	search	77	184	Kyle Falconer	Lady Coachella	"iuMUC68WuVk 57 Kyle Falconer: Kyle Falconer  - Lady Coachella (Live Session) | Im7NMUNE9CE 39 Minego Music: Kyle Falconer - Lady Coachella | iHl99lX7wos 16 Virgin Radio UK: ""Lady Coachella"" Kyle Falconer LIVE PERFORMANCE | from the TFI Unplugged Studio"
Kylie Minogue	Can't Get You Out Of My Head	c18441Eh_WE	high	search	95	231	Kylie Minogue	Kylie Minogue - Can't Get You Out Of My Head (Official Video)	OPeh7QphoFI 41 Majestic Sounds: Kylie Minogue - Can’t Get You Out of My Head (Lyrics) | YdzP1xmyEmk 40 erosaron: Kylie Minogue - Can't Get You Out Of My Head (HQ) | iwWodz_9xbQ 38 FYP Trends: Kylie Minogue - Can't Get You Out Of My Head (Vinyl Visualizer)
Kylie Minogue	Come Into My World	63vqob-MljQ	high	search	97	255	Kylie Minogue	Kylie Minogue - Come Into My World (Official Video) [Full HD Remastered]	4JOsMwRWLrI 78 Kylie Minogue: Come into My World | i6gS_kT5GKg 75 Kylie Minogue: Come into My World | TOoe3EsafFk 41 RicDiOlive: Kylie Minogue - Come Into My World (Remastered 4K Enhanced)
Kylie Minogue	Get Outta My Way	BHGaW8lBlSk	high	search	95	233	Kylie Minogue	Kylie Minogue - Get Outta My Way (Official Video)	rerhGDM7cVM 83 Kylie Minogue: HDTV 1080i Kylie Minogue   Get Outta My Way   10 27 10 Tonight Show With Jay Leno   VideoM | DQAqY3767wA 40 JoyFullHope: Get Outta My Way - Kylie Minogue HQ | DZHFcyzaUmE 39 grav3roseGirl: GET OUTTA MY WAY LYRICS-KYLIE MINOGUE
Kylie Minogue	Love At First Sight	wf421JsG004	high	search	97	238	Kylie Minogue	Kylie Minogue - Love At First Sight (Official Video) [Full HD Remastered]	jvO3GJe_D3M 92 Kylie Minogue: Kylie Minogue - Love at First Sight  (Official Audio) | bt3HEMXINiQ 43 BBC Music: Kylie Minogue - Love at First Sight | Glastonbury 2019 | 4h9d322ZEsU 41 Music: Kylie Minogue - Love At First Sight
Kylie Minogue	Timebomb	zL2wGYCINwY	high	search	95	212	Kylie Minogue	Kylie Minogue - Timebomb (Official Video)	0v6aIQUpy2E 85 Kylie Minogue: Kylie Minogue - Timebomb (Extended Version) | pnuj1svkH8w 54 Kylie Minogue: Kylie Minogue - Timebomb (Live From Kiss Me Once Tour) | RsvTU0hKETc 41 Felipe Gutierrez: Kylie Minogue - TimeBomb
Kylie Minogue	XMAS	3B5Zcou91yA	high	search	95	201	Kylie Minogue	Kylie Minogue - XMAS (Official Video)	uPTTiR3hLQk 38 trendingmusic-lyrical: XMAS || Kylie Minogue || LYRICS | c18441Eh_WE 29 Kylie Minogue: Kylie Minogue - Can't Get You Out Of My Head (Official Video) | 8py8uqnYunI 18 Kylie Minogue: Kylie - At Christmas (Official Audio)
KYLIE MORGAN	Shoulda	fqlRT1Ys6wA	high	search	95	173	Kylie Morgan	Kylie Morgan - Shoulda (Official Music Video)	mWgp65qKAb8 94 Kylie Morgan: Kylie Morgan - Shoulda (Official Audio) | w-epIUCVq9Y 84 Kylie Morgan: Kylie Morgan - Shoulda (Official Lyric Video) | mBTgqraKr-0 83 Kylie Morgan: Kylie Morgan - Shoulda (Behind The Song)
L.T.D.	Back In Love Again	QFmPK3JrI5A	high	search	87	281	L.T.D. - Topic	(Every Time I Turn Around) Back In Love Again	VWrDXCFu-mA 86 L.T.D. - Topic: Back In Love Again | 2jS2U2-OG2s 42 DJ Funk Groove 70s 80s: LTD -Back In Love Again 1977 | FD8s_LzE038 41 AuntieSoul34: L.T.D.  -  Back In Love Again
La Bouche	Be My Lover	ViP87WipSm0	high	search	95	223	La Bouche	La Bouche - Be My Lover (Official Video)	ZSBtV1iZLo0 84 La Bouche: La Bouche - Be My Lover (ZDF IFA 31.08.1995) | P3MtiifXp9k 78 La Bouche: Be My Lover | znAoENGZIt4 50 La Bouche: Be My Lover (Club Mix)
La Bouche	Sweet Dreams	b9McVO9hpUE	high	search	95	224	La Bouche	La Bouche - Sweet dreams (Radio Version - Official Video)	dz9a_KuuD8g 83 La Bouche: La Bouche - Sweet Dreams (Die Mondschein-Show 10.09.1994) | EmuL2ve6C8M 78 La Bouche: Sweet Dreams | icNPy5s38W8 47 Studio Mágico Music: La Bouche - Sweet Dreams  ( Official Video )
Lady A	A Holly Jolly Christmas	E9yr7wd-kd4	high	search	87	127	Lady A	Lady A - A Holly Jolly Christmas (Audio)	00MATnWGpkY 84 Lady A: Lady A - A Holly Jolly Christmas (Lyric Video) | 1E-9D-yyxH4 41 张三疯: Lady Antebellum - A Holly Jolly Christmas | AB-LJAOX2YQ 40 ChristmasEve12345: A Holly Jolly Christmas Lady Antebellum
Lady A	Champagne Night	E-urw9c82EA	high	search	87	191	Lady A	Lady A - Champagne Night (From Songland)	s6c5N0JVLxc 83 Lady A: Lady A - Champagne Night (Tiki Bar Version / Audio) | MQyu9h_7Wro 46 Harmony: Lady Antebellum - Champagne Night (Lyrics) | P2eoJMkr1j0 44 BBC Music: Radio 2 House Music - Lady A - Champagne Night
Lady A	Little Saint Nick	4oo1BITgodE	high	search	87	161	Lady A	Lady A - Little Saint Nick (Lyric Video)	THUEV1OwwS0 86 Lady A: Lady A - Little Saint Nick (Lyric Video) | xp9rK8FmYog 37 The Beach Boys: The Beach Boys - Little Saint Nick | VtGFMRXw7xM 35 Millington: Little Saint Nick
Lady A	You Look Good	3yxmCqikFss	high	search	87	206	Lady A	Lady Antebellum - You Look Good	fWsAUqdtwjM 86 Lady A: Lady Antebellum - You Look Good | mzlWZ2ruW78 83 Lady A: Lady Antebellum - You Look Good (Audio) | 4Jdqx2MrwgY 62 LadyAFan2017: Lady Antebellum ~ You Look Good (Lyrics)
Lady Gaga	Abracadabra	vBynw9Isr28	high	search	95	270	Lady Gaga	Lady Gaga - Abracadabra (Official Music Video)	LXuSOkf2M3c 92 Lady Gaga: Lady Gaga - Abracadabra (Official Audio) | Rn89mUndYbo 53 Lady Gaga: LADY GAGA - ABRACADABRA (LIVE AT THE 2026 GRAMMYS) | _rP3flBjaSU 48 Audiora: Lady Gaga - Abracadabra (Official Audio)
Lady Gaga	Abracadabra (Gesaffelstein Remix)	s-3U-pZb8_s	high	search	79	212	Lady Gaga	Abracadabra (Gesaffelstein Remix)	vBynw9Isr28 61 Lady Gaga: Lady Gaga - Abracadabra (Official Music Video) | 17N1enk9als 49 Audiora: Lady Gaga - Abracadabra (Gesaffelstein Remix) (Official Audio) | Rn89mUndYbo 23 Lady Gaga: LADY GAGA - ABRACADABRA (LIVE AT THE 2026 GRAMMYS)
Lady Gaga	Alejandro	niqrrmev4mA	high	search	80	524	Lady Gaga	Lady Gaga - Alejandro (Official Music Video)	a8NyF5sjVlI 41 Pillow: Alejandro - Lady Gaga (Lyrics) 🎵 | 06MV87zoZaY 40 musiclover11: Lady Gaga - Alejandro | EbYBOXOiQ1c 40 POP 8K ULTRA HDR: Lady Gaga - Alejandro (4K 120FPS UHD)
Lady Gaga	Alice	P732-pN76vA	high	search	96	240	Lady GagaVevo	Lady Gaga - Alice (Official Music Video)	wYLZq390IHg 87 Lady Gaga: Lady Gaga - Alice (Audio) | p8Oh_TdIX7Q 48 Muhammed V. Kurt: Lady Gaga - Alice (Official Music Video) | q7v9roA5Ogw 46 SyrebralVibes: Lady Gaga - Alice (Lyrics)
Lady Gaga	Applause	_bHhpufKRjs	high	search	94	213	Lady Gaga	Lady Gaga - Applause (Official Audio)	pco91kroVgQ 87 Lady Gaga: Lady Gaga - Applause | 9ld9cZ7d_2A 83 Lady Gaga: Lady Gaga - Applause (Official Lyric Video) | A4RExZfFcG8 45 Vibe Music: Lady Gaga - Applause (Lyrics)
Lady Gaga	Bad Romance	qrO4YZeyl0I	high	search	95	309	Lady Gaga	Lady Gaga - Bad Romance (Official Music Video)	NlK9u6a69Dg 78 Lady Gaga: Bad Romance | _5-QkAVRkqU 45 Pizza Music: Lady Gaga - Bad Romance | TTOPBQhrvtQ 44 7clouds: Lady Gaga - Bad Romance (Lyrics)
Lady Gaga	Born This Way	wV1FrqwZyKw	high	search	95	440	Lady Gaga	Lady Gaga - Born This Way (Official Music Video)	sskP6PSfP1M 75 Lady Gaga: Born This Way | xl0N7JM3wZk 54 Lady Gaga: Lady Gaga - Born This Way (Live from The GRAMMYs on CBS) | 4S_vclBlGZo 41 Pillow: Born This Way - Lady Gaga (Lyrics) 🎵
Lady Gaga	Hair	Okq8xHrIZ8I	high	search	95	309	Lady Gaga	Lady Gaga - Hair (Official Audio)	n0SgEueXZpk 53 Lady Gaga: Lady Gaga - Hair (Gaga Live Sydney Monster Hall) | 6_u4L8kJy68 40 ARTPOP_slut: Hair - Lady Gaga - Lyrics | B2GWw6sMOIE 39 Makeupyours19: Hair-Lady Gaga (Lyrics)
Lady Gaga	Just Dance (feat. Colby O'Donis)	2Abk1jAONjw	high	search	95	247	Lady Gaga	Lady Gaga - Just Dance (Official Music Video) ft. Colby O'Donis	dMZjji81uq0 46 432Hz VIBEz: Lady Gaga, Colby O'Donis - Just Dance (Lyrics) (432Hz) | pPYitWN5_oI 40 FrankenWayne: Lady Gaga - Just Dance (Reloaded ll) ft. Colby O'Donis & Kardinal Offishall | D4m4fkykd-A 40 MVIDEO4K: [4K] Lady Gaga - Just Dance (Music Video) ft. Colby O'Donis
Lady Gaga	Marry The Night	O4IgYxHEAuk	high	search	95	265	Lady Gaga	Lady Gaga - Marry The Night (Official Audio)	cggNqDAtJYU 79 Lady Gaga: Lady Gaga - Marry The Night (Official Music Video) | sUeFGDtnAqk 40 Pillow: Marry The Night - Lady Gaga (Lyrics) 🎵 | oFJFwLJrc1U 39 GagaTube GagaTube: Lady Gaga - Marry The Night (Audio)
Lady Gaga	Monster	uuOzxj-qNJU	high	search	79	250	Lady Gaga	Monster	YkpSngo1Cak 45 Ariki Xo: Lady Gaga - Monster (Directed By Ariki Xo) | Fan Video | gKbB9bvC9MA 41 musiclover11: Lady Gaga - Monster | xMTpHNNsRV0 39 ABBA videos: Monster - Lady Gaga Lyrics Video
Lady Gaga	Rain On Me (with Ariana Grande)	AoAm4om0wTs	high	search	95	189	Lady Gaga	Lady Gaga, Ariana Grande - Rain On Me (Official Music Video)	ugQhauUEcJM 84 Lady Gaga: Lady Gaga, Ariana Grande - Rain On Me (Audio) | q4ygYt8Nkz8 46 7clouds: Lady Gaga, Ariana Grande - Rain On Me (Lyrics) | psSdawz69kc 43 NAOMI CLUB: Lady Gaga “Rain On Me with Ariana Grande” Official Parody
Lady Gaga	Santa Claus Is Coming To Town	6fbmgHq0t2I	high	search	79	120	Lady Gaga	Santa Claus Is Coming To Town	6Ic-uCDK0s0 40 Music Lyrics channel: Lady Gaga – Santa Claus Is Coming To Town (Lyrics) | wozwG3I9yro 39 Music 4 Everyone - Jov1 Cámara: Lady Gaga - Santa Claus Is Coming To Town | 5Zi6esb1wU8 38 ListenToMe: Lady Gaga - Santa Claus Is Coming To Town (Lyrics)
Lady Gaga	Stupid Love	5L6xyaeiV58	high	search	95	218	Lady Gaga	Lady Gaga - Stupid Love (Official Music Video)	MFNPCEKeAiY 47 Nightly: Lady Gaga - Stupid Love (Official Audio) | sI8oSJBjcrw 46 Cakes & Eclairs: Lady Gaga - Stupid Love (Lyrics) | 6sqkvSuKgLs 46 Stanislas: Lady Gaga - Stupid Love (Official Audio)
Lady Gaga	The Dead Dance	xGaZBfJOyAc	high	search	95	287	Lady Gaga	Lady Gaga - The Dead Dance (Official Music Video)	D2My6VSxqPc 47 Audiora: Lady Gaga - The Dead Dance (Official Audio) | tiV0XYVdj_A 46 Pizza Music: The Dead Dance - Lady Gaga (Lyrics) | pL6Ot4aZtfA 38 robbie1984: Lady Gaga The Dead Dance with Emma Myers and Evie Templeton o2 Arena London September 29
Lady Gaga	The Edge Of Glory	QeWBS0JBNzQ	high	search	87	328	Lady Gaga	Lady Gaga - The Edge Of Glory	9fEZRnOV63w 53 Lady Gaga: Lady Gaga - The Edge of Glory (Live on American Idol) | r0X7PodqDSE 44 The Howard Stern Show: Lady Gaga “The Edge of Glory” on the Howard Stern Show | GLA4CwjFrXw 41 Pillow: The Edge of Glory - Lady Gaga (Lyrics) 🎵
Lady Gaga	The Fame	kd4x-_iL85s	high	search	86	322	Lady Gaga	Lady Gaga - THE FAME: Part One	"UCyqcoWUBJE 83 Lady Gaga: Lady GaGa - Making ""The Fame"" | 8mZb6pvUNmk 79 Lady Gaga: The Fame | Lhvmfk39E-I 40 MyYouTobeVEVO: Lady Gaga - The Fame - The Fame"
Lainey Wilson	Hang Tight Honey	LIzEdmRgu14	high	search	95	200	Lainey Wilson	Lainey Wilson – Hang Tight Honey (Official Music Video)	B1UhlWWha8w 91 Lainey Wilson: Lainey Wilson - Hang Tight Honey (Official Audio) | 3v-BI710wEo 85 Lainey Wilson: Lainey Wilson - Hang Tight Honey (Official Lyric Video) | vJ1JLkIEGKg 83 Lainey Wilson: Lainey Wilson - Hang Tight Honey (The Voice Season Finale Performance)
Lainey Wilson	Wildflowers and Wild Horses	kvfHSKojdiI	high	search	95	301	Lainey Wilson	Lainey Wilson - Wildflowers and Wild Horses (Official Music Video)	BY1UfsPlVnY 83 Lainey Wilson: Lainey Wilson - Wildflowers And Wild Horses (Visualizer) | 7u3wDlx8KHc 76 Lainey Wilson: Wildflowers and Wild Horses | PLCNw_ECSe4 47 Lainey Wilson: Wildflowers and Wild Horses (Live from the 57th Annual CMA Awards)
Landon Conrath	2AM	3akG6-Zc2vM	high	search	87	154	Landon Conrath	Landon Conrath - 2am (Official Lyric Video)	wnuDBs6UsM8 45 Talha Anjum: Talha Anjum - 2AM IN LONDON | Prod. by Umair (Official Music Video) | SVj09NTGck0 39 jiji!: Landon Conrath - 2AM @ The Fillmore Minneapolis 2025.09.28  | tVU1hgoN_DA 38 Relax Club: Landon Conrath - 2AM (Lyrics)
LANY	XXL	OiwtQDRpl7U	high	search	95	212	LANY	LANY - XXL (Official Music Video)	"aiSBQIfcGEU 86 LANY: LANY - XXL (Official Lyric Video) | 2D-JAgKZZy8 75 LANY: XXL (Stripped) | rhdClLhEl4k 54 LANY: LANY - XXL (live from the ""a beautiful blur"" world tour)"
Last Heroes	Slow Burn (Feat. Midnight Kids)	IDmP__cQrGU	low	search	47	207	WaveMusic	Last Heroes & Midnight Kids - Slow Burn (Lyrics)	PaRFdDCL0mw -27 MrSuicideSheep: Midnight Kids, CVBZ - Your Way | UoKvUYbGu7A -30 Merle Haggard: Merle Haggard, Willie Nelson - Pancho and Lefty (Video) | ilnF9fmkRJk -34 Retrowave Cinema: The Midnight - Lost Boy
Laura Branigan	Gloria	_ofkHgoXStM	high	search	76	291	Laura Branigan 	Gloria	nNEb2k_EmMg 55 RHINO: Laura Branigan - Gloria (Official Music Video) | dhU-nzZZwQ8 46 Videos y Mas GDL: Laura Branigan   Gloria Official Music Video | ZXx0pWpszKg 41 buenavida 33: Laura Branigan - Gloria (1982) //Good Audio Quality\\
Lauv	All 4 Nothing (I'm So In Love)	AH8b7EynJ60	high	search	95	197	Lauv	Lauv - All 4 Nothing (I'm So In Love) [Official Video]	_1eUaS4MUro 54 Lauv: Lauv - All 4 Nothing (I'm So In Love) (Live) | 7z3i6JPUqws 46 Lost Panda: Lauv - All 4 Nothing (Lyrics)(I'm So In Love) | kUI9G6OO0_c 40 JoMusicProduction: Lauv - All 4 Nothing (I'm So In Love)
LeAnn Rimes	Can't Fight The Moonlight	bx3s99FNXzI	high	search	95	228	leannrimesofficial	LeAnn Rimes - Cant Fight The Moonlight (Official Music Video)	ZoZYRDVeqmM 75 leannrimesofficial: Can't Fight The Moonlight (Graham Stack Radio Edit) | ghdT6gfGUOI 41 CountryHype: LeAnn Rimes - Can't Fight The Moonlight (Lyrics) | gDLaEYewiQg 40 NPDT Process - The Way To Natural Sound: Coyote Ugly - LeAnn Rimes - Can't Fight The Moonlight (High-Qual
Lee Brice	Soul	FQtvkwFrs40	high	search	95	174	Lee Brice	Lee Brice - Soul (Official Music Video)	T7BwHnORYs4 86 Lee Brice: Lee Brice - Soul (Official Lyric Video) | vGxbCvDRjvc 40 Penguin Music: Lee Brice - Soul (Lyrics) | 99i_iI5aOXU 38 Tom Kuzmich: Lee Brice - Soul
Leif Garrett	I Was Made for Dancin'	XeefN_6XAuE	high	search	85	232	Leif Garrett - Topic	I Was Made For Dancin’	3GVugJj7BUs 42 omarbbcito: LEIF GARRETT I WAS MADE FOR DANCING | n_H2xNWOO1o 41 DiscoBar80: Leif Garrett - I Was Made For Dancin' (1978) Aplauso 1979 /RE | 6oNx4SUbKDY 40 judylovesleif: Leif Garrett I Was Made For Dancin'
Lena Horne	Jingle All The Way	2duI0nGbZwI	high	search	88	157	Lena Horne - Topic	Jingle All The Way (Remastered)	oo0EwwCqotc 87 Lena Horne - Topic: Jingle All The Way | 4ToM5hgCscQ 85 Lena Horne - Topic: Jingle All The Way | r6xYCOFXv9E 42 PistolPoet: Lena Horne Jingle All the Way
Lennon Stella	Summer Feelings (feat. Charlie Puth)	ciYqExAGO24	low	search	55	162	Atlantic Records	Summer Feelings - Lennon Stella feat. Charlie Puth (from Scoob! The Album) [Official Music Video]	9iCg37zRdFI 48 Shazz Wrld: Lennon Stella (Ft. Charlie Puth) -  Summer Feelings (Official Audio) | 1M6Yp5-lPM4 46 7clouds: Lennon Stella & Charlie Puth - Summer Feelings (Lyrics) | 8GJts2V8qjM 43 Lennon Stella: Lennon Stella - Summer Feelings (Acoustic Video)
Lenny Kravitz	American Woman	UzWHE32IxUc	high	search	95	263	Lenny Kravitz	Lenny Kravitz - American Woman (Official Music Video)	5Z_fsdWYXMA 92 Lenny Kravitz: Lenny Kravitz - American Woman (Official Video | cpwKynBS6kA 75 Lenny Kravitz: American Woman | hq9ZMpwPdbA 41 Luxa lux: Lenny Kravitz-American Woman
Lenny Kravitz	Are You Gonna Go My Way	8LhCd1W2V0Q	high	search	95	216	Lenny Kravitz	Lenny Kravitz - Are You Gonna Go My Way (Official Music Video)	MasrXmEn1Zo 43 The Howard Stern Show: Lenny Kravitz “Are You Gonna Go My Way” on the Howard Stern Show in 2001 | s_nq12hONbs 42 Song Lyrics HD: Lenny Kravitz - Are You Gonna Go My Way (Lyrics HD) | mEVZi_xd__I 41 Luxa lux: Lenny Kravitz-Are You Gonna Go My Way
Lenny Kravitz	Human	gXO5x_h0Z8o	high	search	95	210	Lenny Kravitz	Lenny Kravitz - Human (Official Music Video)	tF0bfZ6qLak 91 Lenny Kravitz: Lenny Kravitz - Human (Official Audio) | vEtbS_BNf7Y 78 Lenny Kravitz: Human | cigjwVY6ROA 44 The Tonight Show Starring Jimmy Fallon: Lenny Kravitz: Human | The Tonight Show Starring Jimmy Fallon
Lenny Kravitz	Let Love Rule	TcU57tAKzng	high	search	95	260	Lenny Kravitz	Lenny Kravitz - Let Love Rule (Official Music Video)	Bbiqy2TOwBw 84 Lenny Kravitz: Lenny Kravitz - Let Love Rule | Sr0_UCy2B6k 78 Lenny Kravitz: Let Love Rule | 67A1Df94m4Q 45 The Howard Stern Show: Lenny Kravitz “Let Love Rule” on the Stern Show (2001)
Lenny Kravitz	TK421	JqNZxEMaRrY	high	search	95	205	Lenny Kravitz	Lenny Kravitz - TK421 (Official Video)	e83DBWSJ4s8 78 Lenny Kravitz: TK421 | z4z_iZJO1kk 40 Music 6: Lenny Kravitz - TK421 | OOWIkwcyFSo 39 Music: Lenny Kravitz - TK421
Lenny Kravitz	Where Are We Runnin'?	MSL6o8sePlg	high	search	87	278	Lenny Kravitz	Lenny Kravitz - Where Are We Runnin?	PBDLy6VdseY 39 Alessandro Rossi: Lenny Kravitz - Where Are We Runnin'? | YMA8uRwuZ_Q 38 Music Library HQ: Lenny Kravitz - Where Are We Runnin` (With Lyrics HQ) | BJDd5UnSNy0 33 Cameron Bartholomew: Where are we runnin
Leona Lewis	Mr Right	2Ec4ZE9WV3M	high	search	87	195	leonalewis	Leona Lewis - Mr Right (Official Visualiser)	f55xcDZ8TUg 43 CDA Records: Leona Lewis - Mr. Right (Lyrics) | peIRdYW0XLQ 41 Leona Louise Lewis: Leona Lewis - Mr Right | O4Ojj8UZlfs 40 British Pop Bangers: Leona Lewis - Mr. Right (Lyrics)
Leroy Sanchez	Melting	VjSUaqScblM	high	search	79	170	Leroy Sanchez	Melting	o-9fZwEPtp8 41 Lucy Blulini: Leroy Sanchez - Melting lyrics traducida | ceiR03lhIKY 39 Maria Haralabopoulou: MERRY CHRISTMAS 🎅🎄❄️☃️🎁 ~ Melting (Leroy Sanchez) | NZHaqj5xuX0 -27 jpnisnteasy : The Greatest Gift – Leroy Sanchez [thaisub]
Letdown.	Say That You Love Me	B6gZp7OjLFc	high	search	95	161	Letdown.	Letdown. - Say That You Love Me (Official Music Video)	"I8u-y8EiD74 86 Letdown.: Letdown. - Say That You Love Me (Lyric Video) | mAY1bHLk0no 46 Other Emotion Music: Other Emotion ft. Letdown. - You Say That You Love Me (Official Music Video) | iJ25wGO_X8Y 45 VibesOnly: Letdown. - Say That You Love Me (Lyrics) ""you say that you love me then why do you hate me"""
Lifehouse	Hanging By A Moment	tPnK39ax_AM	high	search	87	219	Lifehouse	Lifehouse - Hanging By A Moment	argO1-s9GFA 53 Lifehouse: Lifehouse - Hanging By A Moment (Yahoo! Live Sets) | CQ_QMBnblXg 49 ForJusticeAndPeace: Lifehouse - Hanging By A Moment [Official Video] | daOA0NBjgm0 41 AllErasRemastered: Lifehouse – Hanging by a Moment (2025 Remastered)
LIGHTS	COME GET YOUR GIRL	EhzX2y5MpSM	high	search	87	232	lights	Lights - COME GET YOUR GIRL	AKmy5-8qof4 40 MUSIC HEART : LIGHTS – Come Get Your Girl (Lyrics) | 86VIBv0p42E 11 Fallon: Lights - Come Get Your Girl (Live in Boston) | TqpWFemGfhM 8 laurenhahabubb28: Lights- Come Get Your Girl live Manchester 11/05/2026
Lil Nas X	Old Town Road (Diplo Remix)	PyAUbttMK4Y	high	search	95	206	Lil Nas X	Lil Nas X, Billy Ray Cyrus, Diplo - Old Town Road (Diplo Remix - Official Audio)	i3TC2qW-75c 54 Diplo Presents: Thomas Wesley: Lil Nas X, Billy Ray Cyrus, Diplo - Old Town Road (Diplo Remix) (Official  | Zfx4SR5F8nk 53 Lil Nas X | Database 2.0: Old Town Road (Diplo Remix) | H9XLsWZWY1A 45 MrRevillz: Lil Nas x, Billy Ray Cyrus - Old Town Road (Diplo Remix)
Lil Nas X	STAR WALKIN' (League of Legends Worlds Anthem)	Zrly3QMUhoo	high	search	94	212	Lil Nas X	Lil Nas X - STAR WALKIN' (League of Legends Worlds Anthem) (Official Visualizer)	HYsz1hP0BFo 47 League of Legends: Lil Nas X - STAR WALKIN' (League of Legends Worlds Anthem) | ykWEo-G5W9Q 45 7clouds: Lil Nas X - STAR WALKIN' (Lyrics) | PeLAIPQ_rZo 44 League of Legends: Lil Nas X - STAR WALKIN’ | Worlds 2022 Finals Opening Ceremony Presented by Mastercard
Lil Nas X	THATS WHAT I WANT	QDYDRA5JPLE	high	search	95	162	Lil Nas X	Lil Nas X - THATS WHAT I WANT (Official Video)	zHd4rSpZn48 46 The Vibe Guide: Lil Nas X - THATS WHAT I WANT (Lyrics) | nIWSC4R4oPw 44 TrendingTracks: Lil Nas X - THATS WHAT I WANT (Clean - Lyrics) | LzI3I3G-_Xg 43 7clouds: Lil Nas X - THATS WHAT I WANT (Lyrics)
Lil Suzy	Take Me In Your Arms	yxLfpfM2MY0	high	search	76	233	Lil Suzy TV	Take Me In Your Arms	yUQNm8ATRXI 75 Lil Suzy TV: Take Me in Your Arms | u4dtixas8xo 50 CLUB ROTATION TV: Lil Suzy - Take Me In Your Arms  (Official Video) (1991) | R65Qu5X6iXg 41 Freestyle Dance Hits: Lil Suzy - Take Me in Your Arms
Linda Ronstadt	Heat Wave	UcytEwc6gSQ	high	search	86	166	Linda Ronstadt	Linda Ronstadt - Heat Wave (Official Lyric Video)	0FTdzvQT2xA 59 Linda Ronstadt: Linda Ronstadt - Heat Wave (Live in Hollywood, CA, 4/24/1980) [Official HD Video] | EQPpPEmzYEY 44 The Midnight Special: Heat Wave - Linda Ronstadt | The Midnight Special | jlUH40ZEYZo 40 Con Cherry: Linda Ronstadt - Heat Wave
Linda Ronstadt	Rescue Me	hAkstBWhzSM	high	search	81	166	Linda Ronstadt	Rescue Me (Remastered)	r2w0l0-bO0s 78 Linda Ronstadt: Rescue Me | _1thKvIrkvA 77 Linda Ronstadt: Rescue Me | oUu33nIzMXw 38 Vuk Izidor Zelunka: Linda Ronstadt   Rescue me
Lindsay Ell	Waiting on You	CzL6HbZwRkA	high	search	95	257	Lindsay Ell	Lindsay Ell - Waiting On You (Official Video)	5d6MrqYMcnw 93 Lindsay Ell: Lindsay Ell - Waiting On You (Official Audio) | ERlOoTaYPC0 86 Lindsay Ell: Lindsay Ell - Waiting On You (Lyric Video) | 6ZFr6AySs5Q 38 AC Music: Lindsay Ell - Waiting On You (Lyric Video)
Linkin Park	Breaking The Habit	v2H4l9RpkwM	high	search	97	199	Linkin Park	Breaking the Habit (Official Music Video) [HD UPGRADE] – Linkin Park	RwTwd5tAq1U 78 Linkin Park: Breaking the Habit | BTKZjfGA4Y4 40 MOSHPIT: Linkin Park - Breaking the Habit / Lyrics | Np_1j1nwyiY 39 ElNinjaDeVenezuela: 09 Linkin Park - Breaking The Habit
Linkin Park	New Divide	ysSxxIqKNN0	high	search	97	269	Linkin Park	New Divide (Official Music Video) [4K Upgrade] - Linkin Park	t19wM1gn1Wo 77 Linkin Park: New Divide | rGedjDnQ9cw 53 Linkin Park: New Divide [Official Live in Red Square 2011] - Linkin Park | Sk2x_k1GWt8 44 Taj Tracks: Linkin Park - New Divide (Lyrics)
Linkin Park	Numb	kXYiU_JCYtU	high	search	97	188	Linkin Park	Numb (Official Music Video) [4K UPGRADE] – Linkin Park	7i4s-NXfkPk 53 Linkin Park: Numb (Live) - Linkin Park | 8P0vKLHbtMg 45 7clouds: Linkin Park -  Numb (Lyrics) | KIfYtDl4B2g 44 YOUMUSIC: Linkin Park - Numb (Audio)
Linkin Park	The Emptiness Machine	SRXH9AbT280	high	search	95	201	Linkin Park	The Emptiness Machine (Official Music Video) - Linkin Park	7F5MKaJMxDc 56 Linkin Park: The Emptiness Machine (Live) - Linkin Park | QerbfRokjRM 53 Linkin Park: The Emptiness Machine (Live at Wembley) - Linkin Park | 3LTd_EXMjR4 45 Pizza Music: Linkin Park - The Emptiness Machine (Lyrics)
Lionel Hampton Orchestra	Boogie Woogie Santa Claus	5B5Vi6q4CTQ	high	manual	37	167	Lionel Hampton And His Orchestra - Topic	Boogie Woogie Santa Claus	5B5Vi6q4CTQ 34 Lionel Hampton And His Orchestra - Topic: Boogie Woogie Santa Claus | FQlJSgqzXzY 33 Overjazz: Lionel Hampton - Boogie Woogie Santa Claus | sEmK-pRvuXs 31 Overjazz: Lionel Hampton & His Orchestra - Boogie Woogie Santa Claus
Lionel Richie	Dancing On The Ceiling	ovo6zwv6DX4	high	search	87	316	lionelrichie	Lionel Richie - Dancing On The Ceiling	"v7Mg4bnXfTA 77 lionelrichie: Dancing On The Ceiling (12"" Version) | atHxUdTiXKo 75 lionelrichie: Dancing On The Ceiling | Lr_bcQ78W2A 41 Young Pilgrim Music: Lionel Richie - Dancing On The Ceiling (Lyrics)"
Lipps Inc.	Funkytown	Z6dqIYKIBSU	high	search	95	470	Lipps Inc.	Lipps Inc. - Funkytown (Official Audio)	u-XqzY5y8uA 86 Lipps Inc.: Lipps Inc. - Funkytown (4K Video) | uhzy7JaU2Zc 46 Musikladen: Lipps Inc. - Funkytown (1980) | n1W9fa_LITU 40 GoldenMusic: Lipps Inc. - Funkytown (Single Version) [Audio HQ]
Lisa Lisa & Cult Jam	Head To Toe	PO_2tke3JlA	high	search	85	303	Lisa Lisa & Cult Jam - Topic	Head to Toe	51Iq8JmmfxY 47 LisaLisaCultJamVEVO: Lisa Lisa & Cult Jam - Head To Toe | ck2egUnhbt4 40 45rpm80s: Lisa Lisa & Cult Jam – “Head To Toe” (Columbia) 1987 | hLT1gJOM-_Y 40 Freestyle Explosion: Lisa Lisa & Cult Jam - Head To Toe (Remastered)
Lisa Lisa & Cult Jam	I Wonder If I Take You Home	qk0rpoyoPlQ	high	search	87	406	Lisa Lisa & Cult Jam - Topic	I Wonder If I Take You Home	1RGtCDFU-wE 86 Lisa Lisa & Cult Jam - Topic: I Wonder If I Take You Home | P5m8lj5DCtI 55 LisaLisaCultJamVEVO: Lisa Lisa & Cult Jam, Full Force - I Wonder If I Take You Home (Official Music Video | 1PZ4fjyeos4 43 Hip Hop/R&B Lyrics: Lisa Lisa & Cult Jam, Full Force - I Wonder If I Take You Home (Lyrics)
Lisa Lisa & Cult Jam	Let The Beat Hit 'Em	l6E-CYzqr_w	low	search	47	279	LisaLisaCultJamVEVO	Lisa Lisa & Cult Jam - Let The Beat Hit 'Em	8ZBeCrrl6Rk 43 Kumar_KM_NYC: Lisa Lisa & Cult Jam   Let The Beat Hit 'Em HD | HUuxYQf68AM 41 Baile Charme Music Ambiré: Lisa Lisa & Cult Jam - Let The Beat Hit 'Em (Showtime at the Apollo) [HD Wides | 3gqTaoRQswY 38 Music Eclipse Inc.: Lisa Lisa And Cult Jam Let the Beat Hit 'Em
Lisa Stansfield	All Around The World	JVuuatjHGnY	high	search	87	262	LisaStansfieldtv	Lisa Stansfield - All Around the World	LLOWYAzs9GI 85 LisaStansfieldtv: Lisa Stansfield, Barry White - All Around the World | 2YQNFJiq2B8 75 LisaStansfieldtv: All Around the World (Long Version) | PzKiqV3VM9I 44 7clouds: Lisa Stansfield - All Around the World (Lyrics)
Lisa Stansfield	Never, Never Gonna Give You Up	pzYpHXCumII	high	search	87	268	LisaStansfieldtv	Lisa Stansfield - Never, Never Gonna Give You Up (Video)	NPGcPX0PEt8 80 LisaStansfieldtv: Never, Never Gonna Give You Up (Remastered) | VY6ErrW8TsE 75 LisaStansfieldtv: Never, Never Gonna Give You Up (Edit) | KnPIifZTcBE 39 gferdinandus2: Lisa Stansfield (15/17) - Never Never Gonna Give You Up
Little Image	STRANGE FRIENDS	3rzUJg0Rdc8	high	search	95	184	little image	little image - STRANGE FRIENDS (Official Music Video)	WEro7nv0aSw 86 little image: little image - STRANGE FRIENDS (Lyric Video) | OZ67Tl9rNjQ 40 K8 Concerts: STRANGE FRIENDS | little image | Opening for Young the Giant | Kansas City, MO | August 2, 2 | Hq2y9iAaHC4 27 little image: little image - KILL THE GHOST (Official Music Video)
Little Mix	Break Up Song	Zte1KtYNx6Y	high	search	95	216	Little Mix	Little Mix - Break Up Song (Official Video)	Pa3C3blayWo 85 Little Mix: Little Mix - Break Up Song (Lyric Video) | XfJxRwQvou0 83 Little Mix: Little Mix - Break Up Song (Official Vertical Video) | Zv9FbCpgSm4 68 Little Mix - Discografia: Break Up Song - Little Mix (Official Audio)
Little Mix	Move	RwD4eJGxPc4	high	search	95	224	Little Mix	Little Mix - Move (Official Video)	6ylkuBDyqIU 86 Little Mix: Little Mix - Move (Audio) | 1790DZPLdW8 85 Little Mix: Little Mix - Move (Audio) | uFKP4UDZcvg 84 Little Mix: Little Mix - Move (Full Dance Routine)
Little Mix	Sweet Melody	r4P-WOOUPk4	high	search	95	213	Little Mix	Little Mix - Sweet Melody (Official Video)	v93iNB2DaJI 68 Little Mix - Discografia: Sweet Melody - Little Mix (Official Audio) | drF04zveR14 60 Little Mix - Color Coded: Little Mix - Sweet Melody (Color Coded Lyric) | 3TaCca7n6X4 55 Little Mix: Little Mix - Sweet Melody [Live] | The Jonathan Ross Show
Little Mix	Wings	cOQDsmEqVt8	high	search	95	220	Little Mix	Little Mix - Wings (Official Video)	YR26oxIoz68 86 Little Mix: Little Mix - Wings (Lyric Video) | XCVkUJFSuH8 68 Little Mix - Discografia: Wings - Little Mix (Official Audio) | CXciuJF0ZDo 53 Little Mix: Little Mix - Wings (LM5 Tour: Live from the O2 Arena, 2019)
Live	The Dolphin's Cry	T93fS3aDzJA	high	search	76	260	LIVE	The Dolphin's Cry (New Edit)	ztiJhgHKJd4 10 Chronosynphlasticifindibulum: Live - The Dolphin's Cry | Nuf24GyH8Ps 8 Alt Vault: Live - The Dolphin's Cry - 7/23/1999 - Woodstock 99 East Stage | eBHmcORu4og -8 LIVE: Live - Dolphin's Cry
Lizzo	2 Be Loved (Am I Ready)	krdQLzzAeZU	high	search	95	189	Lizzo Music	Lizzo - 2 Be Loved (Am I Ready) [Official Video]	l93lnLNl_lU 94 Lizzo Music: Lizzo - 2 Be Loved (Am I Ready) (Official Audio) | xQ9q5Jm4vQA 83 Lizzo Music: Lizzo - 2 Be Loved (Am I Ready) [Official Lyric Video] | bz8J8nN-8FY 57 Lizzo Music: Lizzo - 2 Be Loved (Am I Ready) [PNAU Remix] [Official Audio]
Local Natives	NYE	sE9Vto2zmnE	high	search	95	197	Local Natives	Local Natives - NYE (Official Music Video)	k2cS067jUw8 94 Local Natives: Local Natives - NYE ft. Suki Waterhouse (Official Music Video) | bRh72BqAbt4 84 Local Natives: Local Natives - NYE (Warehouse Set) | YH8djgQMYyA 83 Local Natives: Local Natives - NYE (Official Lyric Video)
LOCASH	I Know Somebody	XgBFV7xhOXo	high	search	87	253	LOCASH	LOCASH - I Know Somebody	SGuRBjX-73g 43 Country Now: LOCASH - I Know Somebody | Hear and Now | Country Now | 6emLCHos5BY 41 Hot Country Hits: Locash - I Know Somebody [NEW SINGLE 2016] | G3hV8kJSS-k 40 Tortinos: I Know Somebody | Locash Lyrics
Looking Glass	Brandy (You're A Fine Girl)	DVx8L7a3MuE	high	search	95	189	Looking Glass	Looking Glass - Brandy (You're a Fine Girl) (Official Audio)	GI1GeauAzcg 93 Looking Glass: Looking Glass - Brandy (You're a Fine Girl) (Official Music Video) | iY_-lpclv8o 47 HQVideoClassics: Looking Glass - Brandy (You're a Fine Girl) (Official Video) | ciW_0h34cxE 43 life + lyrics: Looking Glass - Brandy (You're a Fine Girl) [Lyrics]
Lorde	Team	f2JuxM-snGc	high	search	87	201	Lorde	Lorde - Team	4g03b4U_aPk 86 Lorde: LORDE - Team (Audio) | EVEVWlhiClo 84 Lorde: Lorde - Team (Audio) | YQxK8OmNbWE 40 Pillow: Team - Lorde (Lyrics) 🎵
Los Telez	Yo soy tu Maestro	IPdwGgreVAw	high	search	78	277	Los Telez	Yo Soy Tu Maestro	ZWuWGmRYguE 51 Titanio Records: Los Telez - Yo Soy tu Maestro (Official Video) | PnljkuZGbWU 47 Titanio Records: Los Telez - Yo Soy Tu Maestro (Video Oficial) | uU1Y4ZGOt9g 43 Titanio Records: Los Telez - Yo Soy Tu Maestro (Video Lyrics)
Lost Frequencies	Are You With Me	SmVGZdLVVhc	high	search	77	139	Lost Frequencies	Are You With Me	VjHMDlAPMUw 55 Armada Music TV: Lost Frequencies - Are You With Me (Official Music Video) | TUmUrvIaG8k 47 Warner Music France: Lost Frequencies - Are You With Me (Official Video) | SnROamdnYS4 41 Oneshinevibes: Lost Frequencies - Are You With Me (Lyrics)
Lost Frequencies	Head Down (Feat. Bastille)	WX2ZufgxKak	high	search	87	174	Lost Frequencies	Lost Frequencies & Bastille - Head Down (Art video)	X7XZad0NIhQ 59 Lost Frequencies: Lost Frequencies & Bastille - Head Down (Lost Frequencies & Suark Deluxe Mix) | YZ9kqSq8fWE 46 Vibe Music: Lost Frequencies - Head Down (Lyrics) ft. Bastille | dGgbWuRxMB4 45 RouxioMusic: Lost Frequencies - Head Down (Lyrics) ft. Bastille
Lost Frequencies	Listen To Me (Feat. CIEL., Radio Cargo)	UGBU1t_12-c	high	search	87	163	Lost Frequencies	Lost Frequencies & CIEL. & Radio Cargo - Listen To Me (Visualizer)	FWyMQQTqUpM 41 Epiphany: Lost Frequencies - Listen To Me (Lyrics) ft. CIEL., Radio Cargo | gmB8H7IKS5o 15 SKY MUSIC: Lost Frequencies Feat. Ciel. & Radio Cargo - Listen To Me (Extended Mix) | qOol3U6KOTk -14 Ultra Records: Lost Frequencies feat. Janieck Devy - Reality (Official Video)
Lost Frequencies	The Feeling	VYG1-czlu2s	high	search	95	158	Lost Frequencies	Lost Frequencies - The Feeling (Official video)	hlRwWLiuNXc 60 Lost Frequencies: Lost Frequencies - The Feeling (Lost Frequencies & Andromedik Deluxe Mix) | ZwnNxHoNRwA 46 Sensual Musique: Lost Frequencies - The Feeling (Lyrics) | qDrXkmex7PQ 43 7clouds Dance: Lost Frequencies - The Feeling (Lyrics)
Loud Luxury	Next To You (feat. Kane Brown)	FeI6iZI2OXw	high	search	87	162	Loud Luxury	Loud Luxury & DVBBS feat. Kane Brown - Next To You (Official Lyric Video)	lSLVEOJ7j5E 46 WaveMusic: Loud Luxury, DVBBS - Next To You (Lyrics) feat. Kane Brown | uSIvbeAs-70 46 Pure Beatz: Loud Luxury & DVBBS ft Kane Brown - Next To You (Official Audio) | 8T6Hr5CLez8 39 XeonBeats: Loud Luxury & DVBBS - Next To You (Lyrics) [feat. Kane Brown]
Louis Armstrong	Christmas Night In Harlem	_UhUvK7srHE	high	search	87	161	Louis Armstrong	Louis Armstrong, Benny Carter And His Orchestra - Christmas Night In Harlem (Audio)	xgAVwSQ3AE8 75 Louis Armstrong: Christmas Night In Harlem | Zx1_hiSxjLk 71 Verve Records and Louis Armstrong: Louis Armstrong - Christmas Night In Harlem (Official Audio) | uuGGy-8kdoE 40 A Trip Down Memory Lane: Louis Armstrong - Christmas Night In Harlem
Louis Armstrong	Cool Yule	F12a21dx144	high	search	87	175	Louis Armstrong	Louis Armstrong - Cool Yule (Lyric Video) ft. The Commanders	HtH5Bs_Ofmg 86 Louis Armstrong: Louis Armstrong - Cool Yule (Louis' Official Yule Log) ft. The Commanders | 24znrFEi0NI 76 Louis Armstrong: Cool Yule | X1Edi16iUgg 75 Louis Armstrong: Cool Yule
Love and Rockets	So Alive	RLQH-Ay6XAc	high	search	87	227	Love and Rockets - Topic	So Alive (Single Edit)	-L41MhFPU9s 44 Beggars Banquet Records: Love and Rockets - So Alive HD | YSOZnX7PRjE 43 SLAYERO MUSIC: Love and Rockets - So Alive (Remastered) | rQMB9dASNJ8 39 FLAACO72: Love And Rockets So Alive
Lovelytheband	broken	qr1-WpWOUk8	high	search	95	225	lovelytheband	lovelytheband - broken (official video)	"UOiss5UPRRA 84 lovelytheband: lovelytheband - broken (Front & Center) | AToJekZdLIE 77 lovelytheband: broken (official lyric video) | TBY-Ka0-USo 53 lovelytheband: lovelytheband - ""broken"" Live Performance | Vevo"
Loverboy	Working For The Weekend	cxhj1Is7HpY	high	search	94	224	Loverboy	Loverboy - Working for the Weekend (Official Audio)	dsgBpsNPQ50 89 Loverboy: Loverboy - Working for the Weekend (Official Remastered HD Video) | G-FpHV3xCJI 40 manwithsword1230: Loverboy- working for the weekend | JQBLDbT_Dgk 39 Dean Bailey: Loverboy Working For The Weekend Lyrics
Lovin' Spoonful	Do You Believe In Magic	JnbfuAcCqpY	high	search	100	128	TheLovinSpoonfulVEVO	The Lovin' Spoonful - Do You Believe in Magic (Official Audio)	"b8qZ4qzDICg 46 The Ed Sullivan Show: The Lovin' Spoonful ""Do You Believe In Magic"" on The Ed Sullivan Show | J9ekaiq0JMg 42 Smurfstools Oldies Music Time Machine: NEW * Do You Believe In Magic - The Lovin' Spoonful -4K- {Stereo}  | Kq9tDE-GLCg 38 Smurfstools Oldies Music Time Machine: NEW 📀 Do You Believe In Magic - The Lovin' Spoonful {Stereo} 1965"
LP	Love Song	ulQh2FKZTto	high	search	87	161	LP	LP - Love Song (Official Lyric Video)	uen86DGY79E 29 LP: LP - Love Is All I Have (Official Music Video) | y0rTljyiq9w 28 LP: LP - The One That You Love (Official Music Video) | hn3wJ1_1Zsg 27 LP: LP - Lost On You (Official Music Video)
Luke Bryan	Country Girl (Shake It For Me)	7HX4SfnVlP4	high	search	95	290	Luke Bryan	Luke Bryan - Country Girl (Shake It For Me) (Official Music Video)	CdE9mnIuO2k 46 Luke Bryan: Country Girl (Shake It For Me) - Official Live Video | pnqjowCn694 43 CMT: Luke Bryan Performs 'Country Girl, Shake It For Me' at 2011 CMT Music Awards | _MwyAMYHggY 41 Audioandlyrics: Luke Bryan - Country Girl (Shake It For Me) (Lyrics)
Luke Bryan	Country Man	QCXiUC12YnA	high	search	95	202	Luke Bryan	Luke Bryan - Country Man (Official Music Video)	dKN3h2iV3Oo 41 Oh my gosh itz Mico: Luke Bryan - Country Man | vtFqWqC29Tk 40 LyricsMania: Luke Bryan Country Man Lyrics | 7HX4SfnVlP4 26 Luke Bryan: Luke Bryan - Country Girl (Shake It For Me) (Official Music Video)
Luke Bryan	Run Run Rudolph	YGaGbSQfAko	high	search	87	189	Luke Bryan	Luke Bryan - Run Run Rudolph	"kNE2INlkzYE 41 EthanTheDJ: Luke Bryan - Run Run Rudolph (Lyric Video) | glfurPGuVJA 40 iluvnashville1: Luke Bryan ""Run, Run, Rudolph"" | 1c-zg9F4h3Q 39 Anthony Spencer: Run, Run Rudolph - Luke Bryan"
Luke Bryan	That's My Kind Of Night	crCqWK3SmRo	high	search	95	231	Luke Bryan	Luke Bryan - That's My Kind Of Night (Official Music Video)	qAwvrHf6NeI 84 Luke Bryan: Luke Bryan - That's My Kind Of Night (Tour Performance Video) | 9g7TYoc3P0o 41 Music Lyrics channel: Luke Bryan - That's My Kind of Night (Lyrics) | 7xa0X9bXIDc 40 Thomas: Luke Bryan - That's My Kind of Night
Luke Combs	Back in the Saddle	BCQYxoEdmdI	high	search	95	238	Luke Combs	Luke Combs - Back in the Saddle (Official Music Video)	JzsCK7wjF_k 83 Luke Combs: Luke Combs - Back in the Saddle (Official Lyric Video) | 5lYTcT6Vs-M 46 Vibe Music: Luke Combs - Back in the Saddle (Lyrics) | RBm02gU1btk 45 Country Paradise: Luke Combs - Back in the Saddle (Lyrics)
Luke Combs	In Case I Ain't Around	mR1eyT2TuKw	high	search	95	209	Luke Combs	Luke Combs - In Case I Ain't Around (Official Music Video)	eAICwJbgE38 85 Luke Combs: Luke Combs - In Case I Ain't Around (Official Fan Video) | HkuJg7bpne4 41 The Country Vibe: Luke Combs - In case I ain't around (Lyrics) | tgPyynCXWNs 27 Luke Combs: Luke Combs - Remember Him That Way (Official Music Video)
Luke Combs	Runnin' Down A Dream	AVVjE_moC3I	low	search	55	253	Tom Petty & The Heartbreakers	Luke Combs - Runnin' Down A Dream (Official Audio)	Y1D3a5eDJIs 45 Tom Petty & The Heartbreakers: Tom Petty And The Heartbreakers - Runnin' Down A Dream (Official Music Vid | kCwQmB-cYc4 41 Miller Govan: Luke Combs: Runnin' Down A Dream (PAL/High Tone Only) (2024) | 6rtJCiw5r8s 39 Country USA Today: Breathtaking Aerial Tour of Lincoln, NE with Tom Petty & Luke Combs' Runnin' Down A Dr
M People	Moving On Up	zkHOVJINRD8	high	search	95	213	M People	M People - Moving on Up (Official Video)	FMS-6I2_wYM 94 M People: M People - Moving on Up (Official Audio) | G4j-ndFkrm4 76 M People: Moving on Up | 6bLbt_HWt40 75 M People: Moving On Up
M%3*%0/	Pop Muzik (Hip-Hop-Pop Muzik)	gPoiv0sZ4s4	low	search	41	194	Robin Scott - M	M - Pop Muzik (Official HD Video)	62X0slptfB8 33 Blissful Mind: M - Pop Muzik (Lyrics) | m9v1O6f782A 32 p21 dances: pop muzik - project 21 | molly long choreography | P8auqGnd310 -21 B.A.K Jay: BAK Jay - Pop Shii (Official Music Video)
MAAPS	Spirit In The Sky	7EGwPxrYztw	high	search	79	166	MAAPS	Spirit In The Sky	_9UDYTO-WYo 41 CONFIDENTIAL AUDIO: MAAPS - Spirit In The Sky (Lyrics) | 6Nh349yEAEI 39 NCT No Copyright Tracks: MAAPS - Spirit In The Sky | y8VSMCyA9Ak 38 mikehimself: Spirit In The Sky - MAAPS  [Lyrics Video]
Madison Beer	Make You Mine	XFR7v5ix5hU	high	search	95	256	Madison Beer	Madison Beer - make you mine (Official Music Video)	dqJDlRM5Jf4 93 Madison Beer: Madison Beer - make you mine (Official Audio) | FUwxFGt6k6M 91 Madison Beer: Madison Beer - make you mine (Official Visualizer) | 7w2O70G42bs 84 Madison Beer: Madison Beer - make you mine (Lyric Visualizer)
Madonna	Beautiful Stranger	Dsh0TfIKhoE	high	search	97	276	Madonna	Madonna - Beautiful Stranger (Official Video) [HD]	55F1FDNFaAI 78 Madonna: Beautiful Stranger | Mu9vzGZVd68 64 Madonna in her own words: Madonna - Beautiful Stranger full version remastered | pqj3zuciGtU 60 MadonnaLiveTV: Madonna - Beautiful Stranger (Drowned World Tour)
Madonna	Borderline	rSaC-YbSDpo	high	search	97	242	Madonna	Madonna - Borderline (Official Video) [HD]	MHQIs0Yonws 78 Madonna: Borderline | _yZrZAIwJAg 77 Madonna: Borderline | JoUCgB7GeT8 75 Madonna: Borderline
Madonna	Celebration	lWTDR6ztcnQ	high	search	94	230	Madonna	Madonna - Celebration (Official Video)	t0F1qBLKdQw 77 Madonna: Celebration | fdpxnr0U4-Q 47 True MadFan: Madonna - Celebration / Give it to me - MDNA Tour. Official Video | GYQsTvaPraE 42 LatinPopRockContry: Madonna - Celebration
Madonna	Celebration (Oakenfold Remix)	e6TK4RynlNE	high	search	78	393	Madonna	Celebration (Oakenfold Remix)	iAzgFqMy0AQ 75 Madonna: Celebration (Oakenfold Remix Dub) | t0F1qBLKdQw 45 Madonna: Celebration | lKViwuZ4ofw 40 Eleanor Rigby: Celebration Madonna Paul Oakenfold edit remix
Madonna	Deeper and Deeper	sJV29ZQIUhs	high	search	97	351	Madonna	Madonna - Deeper And Deeper (Official Video) [HD]	HNDNea_xwiI 86 Madonna: Madonna - Deeper And Deeper (David's Radio Edit) [2022 Remaster] | 2wRqqe9DhkI 85 Madonna: Madonna - Deeper And Deeper (Rebel Heart Tour) | vbf71BO_-ZE 78 Madonna: Deeper and Deeper
Madonna	Don't Tell Me	gLFWRDsx5AI	high	search	97	280	Madonna	Madonna - Don't Tell Me (Official Video) [HD]	"E54D_F5BRPU 78 Madonna: Don't Tell Me | PfRJzajNAk0 75 Madonna: Don't Tell Me (Edit) | iTFZh-OeCxs 43 Letterman: Madonna Performs ""Don't Tell Me"" | Letterman"
Madonna	Dress You Up	mWtpd8mS5jw	high	search	95	283	Madonna	Madonna - Dress You Up (Official Video)	SOhJHS7Rvrg 78 Madonna: Dress You Up | ay5DrvlEWHs 77 Madonna: Dress You Up | jHu5htrtm-k 39 Sim Fortin: Madonna - Dress You Up (Album Version)
Madonna	Express Yourself	GsVcUzP_O_8	high	search	95	300	Madonna	Madonna - Express Yourself (Official Video)	h_r620DGoiE 77 Madonna: Express Yourself | 7MnlGbOs-go 76 Madonna: Express Yourself | GHn43qXZPZc 75 Madonna: Express Yourself
Madonna	Get Together	5zqZnarJQ-E	high	search	97	245	Madonna	Madonna - Get Together (European Version) (Official Video) [HD]	ObjtMmTRyrM 94 Madonna: Madonna - Get Together (Official Music Video) | D0_aSB-aZZg 62 MadonnaUnusual: Madonna - Get Together (Album Version) | AMnwF-ffARc 61 MadonnaConfessionsTV: Madonna - Get Together [Confessions Tour DVD]
Madonna	Holiday	p7cjMjgPHzM	high	search	85	259	Madonna	"Madonna - Holiday (7"" Version) [2022 Remaster]"	kJQ8boTf0wo 79 Madonna: Holiday | uGdMBRZDEAY 77 Madonna: Holiday | 2Ngkn7zCObI 75 Madonna: Holiday
Madonna	Hung Up	EDwb9jOVRtU	high	search	97	334	Madonna	Madonna - Hung Up (Official Video) [HD]	6bynGPiON8g 75 Madonna: Hung Up | O4svIh86ZVc 54 Madonna: Madonna - Hung Up (Live at the 2006 Grammy Awards) | fjBw6QaiwoM 53 Madonna: Madonna - Hung Up (Live at the 2005 MTV EMAs)
Madonna	Into The Groove	Bke7L0E8hu4	high	search	96	286	Madonna - Topic	Madonna - Into The Groove	52iW3lcpK5M 95 Madonna: Madonna - Into The Groove (Official Video) | UID8iqR3G5k 77 Madonna: Into the Groove | M9BxnApOgrQ 60 Madonna: Into the Groove
Madonna	Jump	Rx0mYN32Kps	high	search	97	214	Madonna	Madonna - Jump (Official Video) [HD]	1iXLovR3eZY 78 Madonna: Jump | a-DF2wz5gRQ 76 Madonna: Jump (Extended) | OUgdx1BYeEQ 62 MadonnaUnusual: Madonna - Jump (Album Version)
Madonna	Like a Prayer	79fzeNUqQbQ	high	search	95	338	Madonna	Madonna - Like A Prayer (Official Video)	"PCrnwywJrKg 77 Madonna: Like a Prayer (7"" Version) | IaHQYTm14Kc 76 Madonna: Like a Prayer | zz_yJrQ5u5o 75 Madonna: Like a Prayer"
Madonna	Like a Virgin	s__rX_WL100	high	search	95	230	Madonna	Madonna - Like A Virgin (Official Video)	TpCBE68aipo 78 Madonna: Like a Virgin | NIML4qW8-D0 77 Madonna: Like a Virgin | gkSxhG4cbPo 53 Madonna: Madonna - Like A Virgin (Live MTV VMAs 1984)
Madonna	"Lucky Star (""New"" Mix)"	Gw2jshMLbrY	high	search	79	436	Madonna	Lucky Star (New Mix)	SHcUlfYrLfw 60 MadonnaAudios: Madonna - Lucky Star ('New' Mix) [Audio] | V0RN0rnvESw 43 Madonna: Lucky Star (U.S. Remix) | SaQLSKZKR6w 40 IMQ: Lucky Star (New Mix) - Madonna
Madonna	Material Girl	6p-lDYPR2P8	high	search	97	286	Madonna	Madonna - Material Girl (Official Video) [HD]	swoWs3n_7Qs 83 Madonna: Madonna - Material Girl (Rebel Heart Tour) | UZton86SuOg 77 Madonna: Material Girl | 9tteAAghrR4 76 Madonna: Material Girl
Madonna	Music	Sdz2oW0NMFk	high	search	95	287	Madonna	Madonna - Music (Official Video)	6gpudyM3Pn8 78 Madonna: Music | 5jVlK3aOPII 60 Michael & Madonna Greece: Madonna - Music (Audio) | Ilpp9xHZpsw 38 Sim Fortin: Madonna - Music (Album Version)
Madonna	Ray Of Light	x3ov9USxVxY	high	search	97	308	Madonna	Madonna - Ray Of Light (Official Video) [HD]	PVEEA1gD4mM 77 Madonna: Ray of Light | WyZHXoOKYW4 63 MadonnaMusicHD: Madonna - 03. Ray Of Light | Zs3pIvHhUq8 8 Live 8: Madonna - Ray Of Light (Live 8 2005)
Madonna	Sorry	rdccTOcX7o4	high	search	97	287	Madonna	Madonna - Sorry (Official Video) [HD]	qkzUYq9z9qo 77 Madonna: Sorry | pQd2sbpQhFY 60 MadonnaConfessionsTV: Madonna - Sorry [Confessions Tour DVD] | 2yUoe0FSDFU 41 Sim Fortin: Madonna - Sorry (Album Version)
Madonna	Vogue	GuJQSAiODqI	high	search	95	294	Madonna	Madonna - Vogue (Official Video)	QJ1LOC_4n0g 77 Madonna: Vogue | ydFYm-oomec 76 Madonna: Vogue | lTaXtWWR16A 64 Madonna: Madonna - Vogue (Live at the MTV Awards 1990) [Official Video]
Madonna & Sabrina Carpenter	Bring Your Love	EHrt-gFgvXo	high	search	95	247	Madonna and Sabrina Carpenter	Madonna & Sabrina Carpenter - Bring Your Love (Official Video)	2HTJmYFnPI0 94 Madonna and Sabrina Carpenter: Madonna & Sabrina Carpenter - Bring Your Love (Official Visualizer) | pFsiAf67FDg 52 Madonna: Bring Your Love | Mctc203XVnA 45 Creative Chaos: Madonna & Sabrina Carpenter - Bring Your Love (Lyrics)
Magic!	Rude	PIh2xe4jnpk	high	search	95	226	MAGIC!	MAGIC! - Rude (Official Video)	xjqQfVY0yAc 83 MAGIC!: MAGIC! - Rude (Official Lyric Video) | BCPnQc1Ek4I 83 MAGIC!: MAGIC! - Rude (PSEUDO VIDEO) | NoEMIVx4J78 46 7clouds: MAGIC! - Rude (Lyrics)
Majestic	Bodywork	aodJqhbnsIU	high	search	87	181	Majestic	Majestic - Bodywork	ilbP98lFZSs 41 Reggaeton Radio : Majestic -Bodywork(letra) | b5lPYAq5oR4 38 Defined: Majestic - Bodywork | K0t42FhymlI 17 Majestic: Bodywork (Todd Edwards Vocal Remix)
Majestic	Rasputin (feat. Boney M.)	U-CVDuAT360	high	search	76	316	Majestic	Rasputin	cZwYpAh3bXQ 55 Club Sounds: Majestic, Boney M. - Rasputin (Official Video) | FDranQ95zg8 50 Majestic: Rasputin (Extended Mix) | aJOIa8-Wcic 46 The Vibe Guide: Majestic, Boney M. - Rasputin (Lyrics) he was big and strong in his eyes a flaming glow
Marcia Hines	Christmas Is Groove	jJ-QpUpwAvw	high	search	86	202	Marcia Hines	MARCIA HINES - CHRISTMAS IS GROOVE	SvuMTc0vzlg 42 DeeCee TeeVee: Christmas Is Groove - Marcia Hines | AGzQox-Srhg 40 hvtdriver: Salvation Army's - Carols in the Domain 2025 - Christmas is Groove & Joy to the World - Marcia | NZz0oN1lCzc -26 Minnie Cooper: 🎄 Christmas Groove – Marcia Hines | Carols in the Domain 2025 🎄
Mariah Carey	Oh Santa! (2020) (feat. Ariana Grande & Jennifer Hudson)	G2bx3FzgJ6o	high	search	95	208	Mariah Carey	Mariah Carey - Oh Santa! (Official Music Video) ft. Ariana Grande, Jennifer Hudson	05IFUqrhDBI 86 Mariah Carey: Mariah Carey - Oh Santa! (Official Lyric Video) ft. Ariana Grande, Jennifer Hudson | lwT517lEXR4 48 EverythingArianaGrande: Mariah Carey- Oh Santa! ft. Ariana Grande, Jennifer Hudson(Official Music Video)  | Pe9yh0B94so 40 InTuneLyrics: Mariah Carey ft. Ariana Grande & Jennifer Hudson - Oh Santa! (Lyrics)
Mark Ambor	Our Way	iyyZ71caRfs	high	search	95	186	Mark Ambor	Mark Ambor - Our Way (Official Visualizer)	gN0CmyQ0Eag 86 Mark Ambor: Mark Ambor - Our Way (Official Lyric Video) | s7DrnBcJsAw 45 BagOnly: Mark Ambor - Our Way (Lyrics) | HILqQFCt5Wg 43 SauceOnly: Mark Ambor - Our Way (Lyrics)
Marky Mark And The Funky Bunch	Good Vibrations	_kctwd4w7R0	low	search	47	270	MarkyMarkVEVO	Marky Mark And The Funky Bunch - Good Vibrations ft. Loleatta Holloway	e-J9bJrebFE 43 Song Lyrics HD: Marky Mark and the Funky Bunch - Good Vibrations (Lyrics HD) | Lw4nvg8S7Nk 40 Brian Tanner: Marky Mark And The Funky Bunch - Good Vibrations | fnP1ddufQw4 39 International music: Marky Mark And The Funky Bunch - Good Vibrations (feat. Loleatta Holloway)
Maroon 5	If I Never See Your Face Again	MbtajuiuLMU	high	search	95	219	Maroon 5	Maroon 5 - If I Never See Your Face Again ft. Rihanna (Official Music Video)	HGRbhegq2E0 78 Maroon 5: If I Never See Your Face Again | qJvcaQd-YLg 40 sanss188: Maroon 5 ft Rihanna If I Never See Your Face AgainFNMTV 2008HD HD | liRbwDLJgH0 39 RihannaForVEVO: Maroon 5 - If I Never See Your Face Again (Audio) ft. Rihanna
Maroon 5	Lost	U05fwua9-D4	high	search	95	188	Maroon 5	Maroon 5 - Lost (Official Music Video)	mmm0i0qwYcE 86 Maroon 5: Maroon 5 - Lost (Official Lyric Video) | cL4uhaQ58Rk 75 Maroon 5: Adam Levine - Lost Stars (from Begin Again) | BRC2CN1xni8 54 Maroon 5: Maroon 5 - Lost (Live From The Today Show)
Maroon 5	Maps	NmugSMBh_iI	high	search	87	209	Maroon 5	Maroon 5 - Maps	Y7ix6RITXM0 86 Maroon 5: Maroon 5 - Maps (Lyric Video) | xj6fHiF8Osg 84 Maroon 5: Maroon 5 - Maps (Audio) | UFJ0Y9feqRA 53 Maroon 5: Maroon 5 - Maps (Live On SNL)
Maroon 5	Misery	6g6g2mvItp4	high	search	95	214	Maroon 5	Maroon 5 - Misery (Official Music Video)	uxg5LiycpDY 84 Maroon 5: Maroon 5 - Misery (VEVO Summer Sets) | 3nEr-4bm8xE 46 Unique Vibes: Maroon 5 - Misery (Lyrics) | i am in misery | mYTmhTxC6ik 40 songopedia: Maroon 5 - Misery (Audio)
Maroon 5	Moves Like Jagger (Feat. Christina Aguilera)	iEPTlhBmwRg	high	search	95	279	Maroon 5	Maroon 5 - Moves Like Jagger ft. Christina Aguilera (Official Music Video) ft. Christina Aguilera	suRsxpoAc5w 86 Maroon 5: Moves Like Jagger - Maroon 5 featuring Christina Aguilera | GKjep3xvCOQ 75 Maroon 5: Moves Like Jagger featuring Christina Aguilera | mgActGlheYQ 44 Watermelon Music: Maroon 5, Christina Aguilera - Moves Like Jagger (Lyrics)
Marshmello	Better Man Than Me (feat. Hudson Westbrook)	W79jD67_-fk	high	search	87	181	Marshmello	Marshmello, Hudson Westbrook - Better Man Than Me	r3KhKdIVt84 86 Marshmello: Marshmello, Hudson Westbrook - Better Man Than Me (Lyric Video) | IEG91eJqmpQ 45 Cakes & Eclairs: Marshmello - Better Man Than Me ft. Hudson Westbrook | 7_NRu3xekZg 39 Untuned: Marshmello ft Hudson Westbrook - Better Man Than Me (Lyrics)
Marshmello	Dreaming (Feat. P!NK & Sting)	Q-lNO1n6tBw	low	search	55	171	P!NK	Marshmello, P!NK, Sting - Dreaming (Official Audio)	A2xramv88Io 46 P!NK: Marshmello, P!NK, Sting - Dreaming (Lyric Video) | olznp_oLAes 45 P!NK: Marshmello, P!NK, Sting - Dreaming (Audio) | 67YfqfwfnME 44 VibesOnly: Marshmello, P!nk & Sting - Dreaming (Lyrics)
Marshmello	Happier (Feat. Bastille)	m7Bc3pLyij0	high	search	95	234	Marshmello	Marshmello ft. Bastille - Happier (Official Music Video)	RE87rQkXdNw 86 Marshmello: Marshmello ft. Bastille - Happier (Official Lyric Video) | QGtPHnCBH3w 83 Marshmello: Marshmello ft. Bastille - Happier (Stripped Music Video) | 7LU92tYJ3iU 48 MOOSIC TIME: Marshmello ft  Bastille   Happier Official Music Video
Marshmello	Happier (ft. Bastille) (Breathe Carolina Remix)	-LFAR_i9Mss	high	search	87	156	Marshmello	Marshmello ft. Bastille - Happier (Breathe Carolina Remix)	UWM_pJbi3tA 41 Reminus: Marshmello ft. Bastille - Happier (Breathe Carolina Remix) | 6AG94avIdyc 40 Tsap Official: Marshmello ft. Bastille - Happier (Breathe carolina Remix) | gzXsyp4Ge4s 39 Spectrum Song: Marshmello ft. Bastille - Happier (Breathe Carolina Remix)
Marshmello	Other Boys (feat. Dove Cameron)	duDrXMiYmv4	high	search	87	141	Marshmello	Marshmello, Dove Cameron - Other Boys (Official Lyric Video)	zBdO-_rJDAI 56 Marshmello: Marshmello, Dove Cameron - Other Boys (San Pacho Remix - Official Audio) | OzIesJRXBLs 54 Dove Cameron: Marshmello, Dove Cameron - Other Boys (Official Audio) | z5RSMLw_ou0 46 Dove Cameron: Dove Cameron & Marshmello - Other Boys (Official Audio)
Marshmello	Phoenix (Feat. Portugal. The Man)	ma6zWX2Oz-c	high	search	77	145	Marshmello	Phoenix	i2DLoCbOhyc 72 Marshmello and Portugal. The Man: Marshmello x Portugal. The Man - Phoenix (Official Visualizer) | 5M5UiAxHGaQ 71 Marshmello and Portugal. The Man: Marshmello x Portugal. The Man - Phoenix (Official Music Video) | _0E28njvgwQ 39 Lyric Labs: Marshmello & Portugal. The Man - Phoenix (Lyrics)
Marshmello	Save My Love (with Ellie Goulding & AVAION)	WeQrCMwD5-E	high	search	95	218	Marshmello	Marshmello, Ellie Goulding, AVAION - Save My Love (Official Visualizer)	q6gO89g1hJc 46 Ellie Goulding: Marshmello, Ellie Goulding, AVAION - Save My Love (Official Lyric Video) | szj0yKsR1gE 45 WaveMusic: Marshmello - Save My Love (Lyrics) with Ellie Goulding & AVAION | EZm3IH2cIpo 32 Marshmello: Marshmello, Ellie Goulding, AVAION - Save My Love (Nicky Romero Remix) (Official Audio)
Marshmello	Where We Go (Feat. Thomas Rhett)	PruWEeSjDsY	low	search	64	197	Marshmello and Thomas Rhett	Marshmello, Thomas Rhett - Where We Go (Official Lyric Video)	0SIOZYGbwlM 41 Boots & Ballads: Marshmello & Thomas Rhett - Where We Go | i1K06eW0r14 39 Placidous: Marshmello & Thomas Rhett - Where We Go (feat. Morgan Wallen) | npSLHfkLPpI 38 Vibe Lyrics Channel: 中英歌詞Marshmello ft· Thomas Rhett - Where We Go Lyrics《I don't care where we go 我不在乎目的
Marten Lou	Your Body	0rT9m-nMKJE	high	search	87	351	Marten Lou	Marten Lou - Your Body [Extended Version]	ST3XTDSZ6_s 55 Marten Lou: Marten Lou - Your Body [live at Nómadas Braga, Portugal] | l19fs9M5d60 48 Marten Lou: Marten Lou - Your Body [Tim Engelhardt Remix] | fx9KvC5HjRk 41 ML Music: Marten Lou - Your Body
Martha Reeves & The Vandellas	Dancing In The Street	M4p9qXIWN2Q	low	search	52	157	Classic Motown	Martha Reeves & The Vandellas - Dancing In The Street (Official Music Video)	"9KhbM2mqhCQ 41 Mr.Wallis: Martha Reeves & the Vandellas - Dancing in the Street (1964) | GuCBXTfoVq8 34 namnoiz: Dancing In The Street - Martha and the Vandellas - 1964 - Music Video | 9_3SwAiAQvs 32 The Ed Sullivan Show and Classic Motown: Martha & The Vandellas ""Dancing In The Street"" on The Ed Sulliva"
Martin Garrix	Don't Look Down (Feat. Usher)	nJSdYlAFKqA	high	search	95	228	Martin Garrix	Martin Garrix feat. Usher - 'Don't Look Down' (Towel Boy) [Official Video YTMAs]	HQfgW83kY0E 86 Martin Garrix: Martin Garrix feat. Usher - Don't Look Down (Lyric Video) | pQEKH4r2Dbw 40 Bence Beregszászi: Martin Garrix feat. Usher - Don't Look Down (Lyrics) | Ij3baXaAeZU 39 songopedia: Martin Garrix - Don't Look Down feat. Usher (Audio)
Martin Garrix	High On Life (feat. Bonn)	Lpjcm1F8tY8	high	search	95	227	Martin Garrix	Martin Garrix feat. Bonn - High On Life (Official Video)	8UQYtcQOS1o 46 Unique Sound: Martin Garrix - High on life (lyrics) ft. Bonn | 97mAm4gv77w 45 RouxioMusic: Martin Garrix & Bonn - High On Life (Lyrics) | q9G_OGiG_vA 38 The Mansion EDM: Martin Garrix - High on life ft. Bonn (Lyrics)
Martin Garrix	Real Love (Feat. Lloyiso)	aDNRphs9MiY	high	search	95	192	Martin Garrix	Martin Garrix & Lloyiso - Real Love (Official Video)	MPkkN3J33Js 46 The Other Side: Martin Garrix, Lloyiso - Real Love (Lyrics) | 8eHi8x5vZmk 45 Future House Music: Martin Garrix & Lloyiso - Real Love | AN7ABWgXBb0 39 WILLIUM MUSIC: Martin Garrix & Lloyiso - Real Love
Martin Garrix	Repeat It (feat. Ed Sheeran)	fdBAvsmh8T4	high	search	86	191	Martin Garrix	Martin Garrix & Ed Sheeran - Repeat It (Visualizer)	Sf9NZF5qBak 72 Martin Garrix and Ed Sheeran: Martin Garrix & Ed Sheeran - Repeat It (Official Video) | yrt9GwugK7g 51 Martin Garrix: Martin Garrix & Ed Sheeran - Repeat It (Acoustic Version) [Official Video] | JZvQviRYSbw 45 Vibe Music: Martin Garrix & Ed Sheeran - Repeat It (Lyrics)
Martin Garrix	Scared To Be Lonely (feat. Dua Lipa)	e2vBLd5Egnk	high	search	95	231	Martin Garrix	Martin Garrix & Dua Lipa - Scared To Be Lonely (Official Video)	W7qmIWdWMBo 47 Andrea Rojo: Scared To Be Lonely Martin Garrix ft Dua Lipa (Official Audio) | v3GvWkhsvUs 46 7clouds: Martin Garrix & Dua Lipa - Scared To Be Lonely (Lyrics) | Exdt3upYpqA 45 Martin Garrix: Martin Garrix & Dua Lipa - Scared To Be Lonely (Acoustic)
Martin Garrix	Wherever You Are (feat. Shaun Farrugio, Dubvision)	gf9BNJufcmU	high	search	95	216	Martin Garrix	Martin Garrix & DubVision feat. Shaun Farrugia - Wherever You Are (Official Video)	7GIXkRR9mtE 86 Martin Garrix: Martin Garrix & DubVision feat. Shaun Farrugia - Wherever You Are (Lyric Video) | 7xM2gudJZI0 44 RouxioMusic: Martin Garrix, DubVision & Shaun Farrugia - Wherever You Are (Lyrics) | PSEemuO4EjI 38 Only The Hits: Martin Garrix & DubVision feat. Shaun Farrugia - Wherever You Are
Martin Solveig	Hello (feat. Dragonette)	WmH4iWoJfTo	high	search	86	282	Martin Solveig	Hello (Martin Solveig & Dragonette)	LnET4RKXx5k 57 Spinnin' Records: Martin Solveig & Dragonette - Hello (Official Music Video) [HD] | zvSZMU2G_xs 42 ROBSON VEEJAY RJ: Martin Solveig feat Dragonette - Hello - HD | IiCb4vSqEHM 38 Bem Bichta: Hello (Radio Edit) - Martin Solveig & Dragonette
Martina McBride	My Baby Loves Me	w0SyALaWR08	high	search	95	158	Martina McBride	Martina McBride - My Baby Loves Me (Official Video)	1z2_47spKXI 78 Martina McBride: My Baby Loves Me | SjyaaWmr6z8 40 lovelybug1357: Martina McBride-My baby loves me lyrics | g4qWfLWjlss 39 Karen Watson: My Baby Loves Me – Martina McBride
Mary J. Blige	Just Fine	G6ZjBPXSmnE	high	search	95	241	Mary J Blige	Mary J. Blige - Just Fine (Official Music Video)	12J4RyKN3As 83 Mary J Blige: Mary J. Blige - Just Fine (Club Version) ft. LiL' Mama | To3LJyTNEdo 54 Mary J Blige: Mary J. Blige - Just Fine (Live on Letterman) | XKykbSfI35U 48 Greatest songs of R&B: Mary J. Blige - Just Fine (Official Audio)
MaRynn Taylor	Snow Globe	4qZCO0eXfeM	high	search	79	137	MaRynn Taylor	Snow Globe	bzO11Inos6A 56 MaRynn Taylor: MaRynn Taylor - Snow Globe (Live At Hay Long Chapel) | CdNVlcjc-L8 -35 CMA: Exclusive: MaRynn Taylor Shares Her Process & Performs “Make You Mine,” “Season 2 Of Friends” & Mor | cKo7dSKxboc -35 Jürgen Gratzl (Juerguar): National anthem and flyover; Lions @ Packers, Sept. 2016
Matchbox Twenty	Wild Dogs (Running in a Slow Dream)	8ollM1DlRBs	high	search	94	211	Matchbox Twenty	Matchbox Twenty - Wild Dogs (Running in a Slow Dream) [Official Video]	LVex39p0cvk 93 Matchbox Twenty: Matchbox Twenty - Wild Dogs (Running in a Slow Dream) [Official Audio] | ypczh5sVwAA 57 Matchbox Twenty: Matchbox Twenty - Wild Dogs (Running in a Slow Dream) [Live From The Kelly Clarkson Show | eaPXDyl4xmA 44 Matchbox Twenty: Matchbox Twenty - Wild Dogs (Running in a Slow Dream) [Acoustic]
Matilda Mann	Bloom	PfBGpXysJL4	high	search	95	168	Matilda Mann	Matilda Mann - Bloom (Official Video)	Wk8D-mO7Mes 44 BBC Music: Matilda Mann - Bloom (BBC Introducing at Reading 2023) | yNAd_57bkng 41 MUSLOVE: Matilda Mann - Bloom (lyrics) | Z0xP4KrHMqw 40 Your Own Buddy Lyrics: Bloom - Matilda Mann (lyrics)
Matt Stell	Everywhere But On	FK7hjMprBbk	low	search	72	202	Matt Stell | The Drift 	Matt Stell - Everywhere But On (Official Video)	ZR6LTQbjr7A 62 Matt Stell | The Drift : Matt Stell - Everywhere But On (Alternate Version) | 0BLCSPTpwJY 61 Matt Stell | The Drift : Matt Stell - Everywhere But On (Audio) | 19eOiJTSg1c 46 Country Paradise: Matt Stell - Everywhere But On (Lyrics)
Matt Wertz	Christmas Just Ain't Christmas (Without You)	ZF1PTzqlkME	high	search	89	280	Matt Wertz - Topic	Christmas Just Ain't Christmas (Without You)	u6STn15Y2mQ 46 Matt Wertz: Matt Wertz- Christmas Just Ain't Christmas Without You (Acoustic) | DgsJ8KJDMok 45 Matt Wertz - Topic: Christmas Just Ain't Christmas (Acoustic) | vE95VUENrz4 39 bluegraygreen17: Christmas Just Ain't Christmas(Without You) - Matt Wertz
Mau P	The Less I Know The Better	IIsm0ADh09U	low	search	42	176	NervousRecordsNYC	"Mau P - ""The Less I Know The Better"" - Nervous Records"	"uIeboAQ0fhI 40 NervousRecordsNYC: Mau P ""The Less I Know The Better"" Lyric Video | 2SUwOgmvzK4 35 Tame Impala: Tame Impala - The Less I Know The Better (Audio) | 8jKT_kr-7eU 21 Myth of NYX: Mau P - The Less I Know The Better (Extended Mix)"
Max McNown	Forever Ain't Long Enough	cOwETNG04So	high	search	94	302	Max McNown	Max McNown - Forever Ain't Long Enough (Official Music Video)	oI6x4hFdDXc 87 Max McNown: Max McNown - Forever Ain't Long Enough | aqI2DHf999E 84 Max McNown: Max McNown - Forever Ain't Long Enough | Vevo DSCVR | goAUQt2BrhI 40 CountryHype: Max McNown - Forever Ain't Long Enough (Lyrics)
Maxi Priest	Close To You	fSR3YgUcyU4	high	search	85	242	Maxi Priest	Maxi Priest - Close To You	oZG9eppBFLU 75 Maxi Priest: Close To You (Bodger's Radio Edit) | Wu8Z5ABLwC4 41 PaulinaDePoros559: MAXI PRIEST  CLOSE TO YOU | xiDCp9a1Eow 39 DJ DeeN: Maxi Priest ‎– Close To You (Extended Version) **HQ Audio**
Mayer Hawthorne	Merry Christmas Party!	ABMljnGVb84	high	search	95	144	Mayer Hawthorne	Mayer Hawthorne - Merry Christmas Party! (Official Audio)	"qJb-M8i6jho 41 개걔게계 tototootwo: Mayer Hawthorne - Merry Christmas Party! | toAUW72HEIo -27 The Calamities: ""Christmas Time Is Here"" by Mayer Hawthorne | The Calamities | m2P_y7OjSbs -55 djfernieboy619 : MAYER HAWTHORNE - SOULFUL XMAS (LIVE @ BOOK AND STAGE, COSMO LAS VEGAS 1/1/12)"
MC Hammer	2 Legit 2 Quit	nhGShQ_g1kQ	high	search	86	375	MC HAMMER	M.C. Hammer - 2 Legit 2 Quit ft. Saja	HFCv86Olk8E 35 UPROXX: MC Hammer - 2 Legit 2 Quit (Official Video) | _UJaLq4YOo0 15 Anthony Carter: Hammer - 2 Legit 2 Quit (Full Version) (HQ) | 5uCncwkGKrM 8 AGRESSOR: MC Hammer - 2 Legit 2 Quit [Live Performance 1992]
MC Hammer	U Can't Touch This	otCpCn0l4Wo	high	search	87	274	MC HAMMER	M.C. Hammer - U Can't Touch This	q8WSdypJ4WA 50 Petter Oliveira: MC Hammer - U Can_t Touch This (HD Official Video) | bwEwh7sm26w 41 Mark$$: MC Hammer - U Can't Touch This | _NNYI8VbFyY 39 UselezzUtuber: MC Hammer - U Can't Touch This (HQ)
Megan Moroney	6 Months Later	k2hlr_ddpG8	high	search	95	199	Megan Moroney	Megan Moroney - 6 Months Later (Official Video)	4Utfp-qvNO8 85 Megan Moroney: Megan Moroney - 6 Months Later (Official Lyric Video) | Fn0dhHnG-pQ 83 Megan Moroney: Megan Moroney - 6 Months Later (Behind the Scenes) | afkz-8Cf6po 46 Vibe Music: Megan Moroney - 6 Months Later (Lyrics)
Megan Moroney	You Had To Be There (feat. Kenny Chesney)	1dcZzECEV8s	high	search	95	228	Megan Moroney	Megan Moroney, Kenny Chesney - You Had To Be There (Official Video)	QsDm-vEh5T8 85 Megan Moroney: Megan Moroney, Kenny Chesney - You Had To Be There (Lyric Video) | 6bESLfKaYvo 43 Country Paradise: Megan Moroney - You Had To Be There (feat. Kenny Chesney) (Lyrics) | mYe8idVgIxQ 41 CountryHype: Megan Moroney, Kenny Chesney - You Had To Be There (Lyrics)
Meghan Trainor	Better When I'm Dancin'	pkCyfBibIbI	high	search	95	177	Meghan Trainor	Meghan Trainor - Better When I'm Dancin' (Official Video)	Kbco7cMPKAE 91 Meghan Trainor: Meghan Trainor - Better When I'm Dancin' (j.bird Timeless Tour Version - Official Audio) | zg49cOyfREc 46 Unique Sound: Meghan Trainor - Better When I'm Dancin' (Lyrics) | BjbldvghpOE 44 7clouds: Meghan Trainor - Better When I'm Dancin' (Lyrics)
Meghan Trainor	Dear Future Husband	ShlW5plD_40	high	search	95	201	Meghan Trainor	Meghan Trainor - Dear Future Husband (Official Video)	mp7qWfDANrU 93 Meghan Trainor: Meghan Trainor - Dear Future Husband (Official Audio) | fAJAuZ5FmDI 46 Dan Music: Meghan Trainor - Dear Future Husband (Lyrics) | G0V6UhSMm5k 44 7clouds: Meghan Trainor - Dear Future Husband (Lyrics)
Meghan Trainor	Gifts For Me	3jtzJlVyWFc	high	search	95	152	Meghan Trainor	Meghan Trainor - Gifts For Me (Official Audio)	RhtAM3LYG7A 94 Meghan Trainor: Meghan Trainor - Gifts For Me (Official Visualizer) | iRow8q8GETw 45 Urban Paradise: Meghan Trainor - Gifts For Me (Lyrics) | -egF9BlVgEU 43 Gold Coast Music: Meghan Trainor - Gifts For Me (Lyrics)
Meghan Trainor	Holidays (feat. Earth, Wind & Fire)	2nzAxt27aDI	high	search	95	168	Meghan Trainor	Meghan Trainor - Holidays (Official Music Video) ft. Earth, Wind & Fire	sQA6b3I6A_o 94 Meghan Trainor: Meghan Trainor - Holidays (Official Audio) ft. Earth, Wind & Fire | hgyqmdwkWIs 84 Meghan Trainor: Meghan Trainor - Holidays (Official Lyric Video) ft. Earth, Wind & Fire | gLHMyr88dHw 83 Meghan Trainor: Meghan Trainor - Holidays (Official Yule Log Video) ft. Earth, Wind & Fire
Meghan Trainor	Lips Are Movin	qDc_5zpBj7s	high	search	95	185	Meghan Trainor	Meghan Trainor - Lips Are Movin (Official Music Video)	yOIu78gsGOQ 93 Meghan Trainor: Meghan Trainor - Lips Are Movin (Official Audio) | oiJWrNWDXvM 53 Meghan Trainor: Meghan Trainor - Lips Are Movin (Live from 2015 New Year's Rockin' Eve) | XNR_Az50l3E 46 Lost Panda: Meghan Trainor - Lips Are Movin (Lyrics)
Meghan Trainor	Made You Look	gPCCYMeXin0	high	search	95	175	Meghan Trainor	Meghan Trainor - Made You Look (Official Music Video)	5mUQyz0kukk 84 Meghan Trainor: Meghan Trainor - Made You Look (Again) | VQbQgdLopd4 83 Meghan Trainor: Made You Look (A Cappella - Official Music Video) | ibF2HHq03Yg 83 Meghan Trainor: Meghan Trainor - Made You Look (Offical Lyric Video) ft. Kim Petras
Meghan Trainor	Me Too	qDRORgoZxZU	high	search	95	183	Meghan Trainor	Meghan Trainor - Me Too (Official Video)	z-KpI2Y6XSI 47 Bad Boy Edd: Meghan Trainor - Me  Too Official Music Video | wCuPCs3DGsw 41 LatinHype: Meghan Trainor - Me Too | bSeWFJqAwmo 40 Chris Jonn: Meghan Trainor - Me Too (audio)
Meghan Trainor	Mother	9coyY-SPIXU	high	search	95	188	Meghan Trainor	Meghan Trainor - Mother (Official Music Video)	uvFEdR5iJSY 83 Meghan Trainor: Meghan Trainor - Mother (Official Lyric Video) | slth7MUcw50 77 Meghan Trainor: Mother | IP78YWxYHtg 46 Dan Music: Meghan Trainor - Mother (Lyrics)
Meghan Trainor	NO	cMTAUr3Nm6I	high	search	95	223	Meghan Trainor	Meghan Trainor - NO (Official Video)	OZoVp0cvGBQ 46 Dan Music: Meghan Trainor - No (Lyrics) | zP3uXydqSEU 43 7clouds Rock: Meghan Trainor - No (Lyrics) Untouchable | YAh479mh_U4 43 Rap Samurai: Meghan Trainor - NO (Lyrics)
Meghan Trainor	Rockin' Around The Christmas Tree	__HwspaRNS4	high	search	95	150	Meghan Trainor	Meghan Trainor - Rockin' Around The Christmas Tree (Official Audio)	a7nYyTNX6Ys 86 Meghan Trainor: Meghan Trainor - Rockin' Around The Christmas Tree (Official Christmas Stroll Video) | 7f_k8Mx-7lo 60 Meghan Trainor NEWS: Meghan Trainor - Rockin’ Around The Christmas Tree (Lyrics) | n90uUOWQ_yk 40 Music Lyrics channel: Meghan Trainor - Rockin' Around The Christmas Tree (Lyrics)
Meghan Trainor	To The Moon	uMaNEmPBZMc	high	search	95	250	Meghan Trainor	Meghan Trainor - To The Moon (Official Music Video)	zXjRzL-SZNk 93 Meghan Trainor: Meghan Trainor - To The Moon (Official Audio) | JsMvugVXcIw 91 Meghan Trainor: Meghan Trainor - To The Moon (Official Visualizer) | dWuFL6e0BuA 46 Vibe Music: Meghan Trainor - To The Moon (Lyrics)
Men I Trust	Billie Toppy	HAK5D3drObI	high	search	87	196	Men I Trust	Men I Trust - Billie Toppy	VztnxfOXvXM 77 Men I Trust: Billie Toppy (2025) | c78oKg9aSxI 76 Men I Trust: Billie Toppy (2025) | FuHa0KTnmDA 48 Men I Trust: Billie Toppy (live)
Metallica	Enter Sandman	CD-E-LDc384	high	search	95	331	Metallica	Metallica: Enter Sandman (Official Music Video)	XZuM4zFg-60 80 Metallica: Enter Sandman (Remastered) | P4d3WBHTb_I 68 Metallica: Metallica: Enter Sandman (Blacksburg, VA - May 7, 2025) | 87by1DjfxLw 53 Metallica: Metallica - Enter Sandman (Live in Mexico City) [Orgullo, Pasión, y Gloria]
Metric	Just The Once	VYW4F5q7XBE	high	search	95	206	metricmusic	Metric - Just The Once (Official Video)	Bv22hLReM7w 86 metricmusic: Metric - Just The Once (Official Lyric Video) | SPN0mpDud2A 85 metricmusic: Metric - Just The Once (Official Fan Video) | LqldwoDXHKg 26 metricmusic: Gimme Sympathy [Official Music Video] - METRIC
MGK	cliché	m4DVbm9zeR0	high	search	95	182	mgk	mgk - cliché (Official Music Video)	wFTyV0m3KsU 91 mgk: mgk - cliché (sad version) [Official Audio] | Y5rAhycgy10 55 mgk: mgk - clichè (Live From Nickelodeon Kids' Choice Awards) | npaSGtAVmtM 53 mgk: mgk - clichè (Live from TODAY Show)
MGMT	Electric Feel	MmZexg8sxyk	high	search	89	229	MGMT	MGMT - Electric Feel (Official HD Video)	-mGleRitgQc 50 MGMT: Electric Feel (Video Mix) | H9p3uVFm054 45 7clouds Rock: MGMT - Electric Feel (Lyrics) | KFHOVVRnxGk 41 bemu Rock: MGMT - Electric Feel (Lyrics)
Michael Buble	The Christmas Sweater	1LfuBZqXa-4	low	search	64	223	Michael Bublé	Michael Bublé -  The Christmas Sweater (Official Music Video)	qF2xvqa2PFM 40 Music Sky: Michael Buble - The Christmas Sweater (Lyrics) | AGUlQ_582k0 33 Sunset Sounds: Michael Bublé - The Christmas Sweater (LYRICS) | eIv-5vRtg2E 31 PaulC Channel: Michael Bublé - The Christmas Sweater
Michael Franti & Spearhead	Say Hey (I Love You)	OyBXSMi6KO4	low	search	52	235	Michael Franti	Say Hey (I Love You)	LYTBok8Ol7k 47 VP Records: Michael Franti & Spearhead - Say Hey (I Love You) | gHWMlsyjOa4 40 Aris Kots: ★Michael Franti & Spearhead★ Say Hey I Love You ♥  ~~► Lyrics (AI) | wy0txjNszXM 33 MrMusicDude12: Michael Frantini & Spearhead- Say Hey (I Love You) [feat. Cherine Anderson]
Michael Jackson	Bad	dsUXAEzaC3Q	high	search	87	260	Michael Jackson	Michael Jackson - Bad (Shortened Version)	-DlMoJ2V6uk 79 Michael Jackson: Bad (2012 Remaster) | IEGIWRpnpBU 75 Michael Jackson: Bad | 5dAWTpsCeXk 39 Lyrixa: Michael Jackson - Bad (lyrics)
Michael Jackson	Beat It	oRdxUFDoQe0	high	search	89	299	Michael Jackson	Michael Jackson - Beat It (Official 4K Video)	kOn-HdEg6AQ 78 Michael Jackson: Beat It | SipbbUxO8FQ 62 New Michael Jackson: Michael Jackson - Beat It (30th Anniversary Celebration) (Remastered Widescreen) | 8fO8jVZ3T9g 40 Art of Yourself: Beat It - Michael Jackson (Lyrics)
Michael Jackson	Billie Jean	Zi_XLOBDo_Y	high	search	95	296	Michael Jackson	Michael Jackson - Billie Jean (Official Video)	Kr4EQDVETuA 78 Michael Jackson: Billie Jean | CauNjt2j-BM 62 New Michael Jackson: Michael Jackson - Billie Jean (Motown 25 Performance) (Remastered) | QRidtXn0u7k 44 Pizza Music: Billie Jean - Michael Jackson (Lyrics)
Michael Jackson	Dirty Diana	yUi_S6YWjZw	high	search	95	306	Michael Jackson	Michael Jackson - Dirty Diana (Official Video)	aUD0juRwb3I 78 Michael Jackson: Dirty Diana | PRsCa0OxzNo 40 BUGG Lyrics: Michael Jackson - Dirty Diana (Lyrics) | BUGG Lyrics | XfoTIR8m-jQ 39 KingXOfXPop: Michael Jackson - Dirty Diana
Michael Jackson	Don't Stop 'Til You Get Enough	yURRmWtbTbo	high	search	95	254	Michael Jackson	Michael Jackson - Don't Stop 'Til You Get Enough (Official Video - Upscaled)	LUDvEcNU2l0 78 Michael Jackson: Don't Stop 'Til You Get Enough | DkjwyAk2GRw 76 Michael Jackson: Don't Stop 'Til You Get Enough | m_O25dOQpCQ 75 Michael Jackson: Don't Stop 'Til You Get Enough (2003 Edit)
Michael Jackson	Off The Wall	_BfcRjZn6y4	high	search	87	248	Michael Jackson	Michael Jackson - Off the Wall (Audio)	MYPI0HZGVR4 49 Dj Smoke Mixtapes: Michael Jackson - Off The Wall (Official Video) | B98hkklrw4M 38 Blomma Joe: Michael Jackson - Off The Wall (Lyrics Video) 🎤 | ukyfaM8lYSE 12 LiveMJHD: Michael Jackson - Off The Wall Medley - Live Auckland 1996 - HD
Michael Jackson	P.Y.T. (Pretty Young Thing)	1ZZQuj6htF4	high	search	95	241	Michael Jackson	Michael Jackson - P.Y.T. (Pretty Young Thing) (Official Audio)	_GlgOkBR1vU 94 Michael Jackson: Michael Jackson - P.Y.T. (Pretty Young Thing) (Official Audio) | zDC63mwwlJQ 40 Retrolyrics: Michael Jackson - P.Y.T. (Pretty Young Thing) (Lyrics) | xp1LeixEkXw 40 Quincy Lopez (Quin): Michael Jackson   P Y T  Pretty Young Thing MUSIC VIDEO HD
Michael Jackson	Rockin' Robin	PGspYU6Z9z8	high	search	79	155	Michael Jackson	Rockin' Robin	BaQzrQWFiCE 53 Classic Motown: Michael Jackson - Rockin' Robin (Official Audio) | avPR6G1R9Y4 38 Insight Music: Michael jackson - rockin' robin (Lyrics) Stranger Things Season 5] Soundtrack | J8Dwfl69YZU 38 MJMusic1958: Rockin' Robin - Michael Jackson
Michael Jackson	Smooth Criminal	sFvENQBc-F8	high	search	93	251	Michael Jackson	Michael Jackson - Smooth Criminal (Official Video - Shortened Version)	h_D3VFfhvs4 80 Michael Jackson: Michael Jackson - Smooth Criminal (Official Video) | _mMyPJSx8RU 76 Michael Jackson: Smooth Criminal (Radio Edit) | zjumtUhhGrg 46 GlyphoricVibes: Michael Jackson - Smooth Criminal [Lyrics]
Michael Jackson	Thriller	4V90AmXnguw	high	search	94	202	Michael Jackson	Michael Jackson - Thriller (Official Video - Shortened Version)	"0JFbiCg-8n4 76 Michael Jackson: Thriller 7"" (Special Edit) | sO4vI8P88NM 75 Michael Jackson: Thriller | sOnqjkJTMaA 74 Michael Jackson: Michael Jackson - Thriller (Official 4K Video)"
Michael Jackson	Wanna Be Startin' Somethin'	1XMvPTFzgVU	high	search	87	365	Michael Jackson	Michael Jackson - Wanna Be Startin' Somethin' (Audio)	DsJlttdkybk 83 Michael Jackson: Michael Jackson - Wanna Be Startin' Somethin' (Official Lyric Video) | 8KWf_-ofYgI 76 Michael Jackson: Wanna Be Startin' Somethin' | adCtJPVgsXI 43 Song Lyrics HD: Michael Jackson - Wanna Be Startin' Somethin' (Lyrics HD)
Michael Jackson	Workin' Day And Night	MWnyCxva6bA	high	search	87	317	Michael Jackson	Michael Jackson - Workin' Day and Night (Audio)	"LZTSQXRzRSQ 39 Blomma Joe: Michael Jackson - Workin' Day And Night (Lyrics Video) 🎤 | _yFtTFfOIWA 32 BistecMaravilla: Michael (2026) | Workin' Day And Night ""This is our final tour"" Scene | 5uI6bQCNq3A 18 MJWE Live: The Jacksons - [14] Workin' Day and Night | Victory Tour Toronto 1984"
Michael Sembello	Maniac	6TUd2VFvs7o	low	search	52	260	Michael Sembello (The Master)	Maniac	"324it5DKoXU 50 ClassicVideos80s: Michael Sembello - Maniac (1983) (Official Video) | wh4ktk93lEQ 48 Iconic Movie Soundtracks: Michael Sembello - Maniac (From ""Flashdance"") (Official Audio) | KlUsYvHDuDM 47 Old But Gold - Musik Nostalgie: Michael Sembello  - Maniac (from ""Flashdance"") (Official Music Video)"
Michigander	I'll Be OK	hFCiDhq3KSU	high	search	95	204	Michigander	Michigander - I'll Be OK (Official Music Video)	c86PFHgvxwk 40 WNRN: Michigander - I'll Be OK | WljGyaPmMM4 19 Michigander: Michigander - OK (Official Lyric Video) | 7yy2FqHfjyA 18 Michigander: Michigander - Freaking Out (Official Lyric Video)
Michigander	Superglue	ZJoLFn2N9vw	high	search	95	268	Michigander	Michigander - Superglue (Official Music Video)	iManldXSoGg 78 Michigander: Superglue | KnGbBVLEWSI 55 Michigander: Michigander - Superglue (Live) | Vevo DSCVR | 3EPAb-5YBsM 43 Paste Magazine: Michigander - Superglue - High Noon - Austin, TX - 3/15/23
Mickey Guyton	Save A Little Christmas For Me	Xfld6z-F6o8	high	search	95	187	Mickey Guyton	Mickey Guyton - Save A Little Christmas For Me (Official Audio)	VjVamdda--s 56 Mickey Guyton: Mickey Guyton - Save A Little Christmas For Me (Live From The TODAY Show) | 8hcNNxSpTNo 5 Drew Baldridge and Mickey Guyton: Drew Baldridge & Mickey Guyton - Joy To Your World (Official Audio) | zxxEeNgomw8 -5 Drew Baldridge and Mickey Guyton: Drew Baldridge & Mickey Guyton - Joy To Your World (Official Lyric Vide
Midnight Star	No Parking On The Dance Floor	booxdzf7y_k	high	search	87	269	Midnight Star - Topic	No Parking (On the Dance Floor)	PLIven6R5HI 70 Midnight Star - Topic: No Parking (On The Dancefloor) | gomCkCbKHA4 55 UnidiscMusic: Midnight Star - No Parking On The Dance Floor (Official Music Video) | MXrUAjr_BlI 47 Weedy Weed Smoker: Midnight Star - No Parking on the Dance Floor — (Official Video)
Mike & The Mechanics	All I Need Is A Miracle	C0nLW1sDSuQ	low	search	46	250	Mike + The Mechanics	Mike + The Mechanics - All I Need Is A Miracle (Official Audio)	qsz3jw6hopA 43 TopPop: Mike & The Mechanics - All I Need Is A Miracle • TopPop | rlm-SlJOhwg 41 Mike + The Mechanics: Mike + The Mechanics - All I Need Is A Miracle (Official HD Music Video) | jI02hvtIFMY 40 Into The 80's: All I Need Is A Miracle Mike & The Mechanics (1985)
Mikky Ekko	Who Are You, Really'	1ZJMau1ZIUQ	high	manual	42	150	SonySoundtracksVEVO	Mikky Ekko - Who Are You, Really? | Teen Wolf (Original Television Soundtrack)	"1ZJMau1ZIUQ 41 SonySoundtracksVEVO: Mikky Ekko - Who Are You, Really? | Teen Wolf (Original Television Soundtrack) | PwAasmN7-BM 40 cdilling: Mikky Ekko-""Who Are You Really"" Music Video (unofficial) | BDiqh7qyIyI 38 thatnoobpj: Mikky Ekko - Who are you, really? [Extended]"
Miley Cyrus	Flowers	G7KNmW9a75Y	high	search	95	202	Miley Cyrus	Miley Cyrus - Flowers (Official Video)	7V3jqsIe8c0 83 Miley Cyrus: Miley Cyrus - Flowers (Official Lyric Video) | QNv8iODCAwE 83 Miley Cyrus: Miley Cyrus - Flowers (Backyard Sessions) | fQemUin8g-I 46 7clouds Rock: Miley Cyrus - Flowers (Lyrics)
Miley Cyrus	Hoedown Throwdown	wJTywspjyUs	high	search	77	182	Miley Cyrus	Hoedown Throwdown	i6GaII8CiG0 49 Disney¡Fan!: Miley Cyrus - Hoedown Throwdown (From Hannah Montana: The Movie) 4k | oyO19M2IeGw 41 Daniel González: Miley Cyrus - Hoedown Throwdown | aRWXpeoZXxA 38 ABBA videos: Hoedown Throwdown - Miley Cyrus Lyrics Video
Miley Cyrus	Malibu	8j9zMok6two	high	search	95	228	Miley Cyrus	Miley Cyrus - Malibu (Official Video)	N4RcRcqj9pQ 68 Miley Cyrus Daily: Miley Cyrus - Malibu (Official Audio) | PmVf7vmo5Ns 46 7clouds: Miley Cyrus - Malibu (Lyrics) | 2fE4p-E26NQ 15 BBCRadio1VEVO: Miley Cyrus - Malibu in the Live Lounge
Miley Cyrus	Prisoner (feat. Dua Lipa)	0ir1qkPXPVM	high	search	95	195	Miley Cyrus	Miley Cyrus - Prisoner (Official Video) ft. Dua Lipa	2LAjqHW6Wv8 46 7clouds: Miley Cyrus - Prisoner (Lyrics) ft. Dua Lipa | yEes_3qAaII 44 Dan Music: @MileyCyrus  - Prisoner (Lyrics) ft. Dua Lipa | q2j1tgGcDsE 43 Lost Panda: Miley Cyrus - Prisoner (Lyrics) Feat. Dua Lipa
Miley Cyrus	River	v_4fljfr2r4	high	search	95	162	Miley Cyrus	Miley Cyrus - River (Official Video)	6GzyQiv6zJQ 86 Miley Cyrus: Miley Cyrus - River (Official Lyric Video) | SuZmGk3gk5k 85 Miley Cyrus: Miley Cyrus - River (Backyard Sessions) | h7udvCcmY6U 44 7clouds: Miley Cyrus - River (Lyrics)
Miley Cyrus	Rockin' Around The Christmas Tree	TA2S5VLxlVM	high	manual	62	115	7clouds	Miley Cyrus - Rockin' Around The Christmas Tree (Lyrics)	"jFdERnHJA1U 47 YlovesMUSIC: Miley Cyrus - Rockin' Around The Christmas Tree (Lyrics) | TA2S5VLxlVM 44 7clouds: Miley Cyrus - Rockin' Around The Christmas Tree (Lyrics) | hYJw6xuS85s 41 caitynmadz: Miley Cyrus - ""Rockin' Around The Christmas Tree"" High Quality"
Miley Cyrus	See You Again	t-hi0yCeOJ0	high	search	79	191	Miley Cyrus	See You Again	aJDC3Gg-F8w 49 Polydor: Miley Cyrus - See You Again (Official Video) | MwNasm5yFAM 40 Music Lyrics channel: Miley Cyrus See You Again (Lyrics) | 2zAr5yBYQoo 38 XxXmilesXxX1: See you again - Miley Cyrus (Music Video)
Miley Cyrus	The Best Of Both Worlds	fjhOWga_HCg	low	search	46	145	Disney¡Fan!	Miley Cyrus - The Best of Both Worlds (From Hannah Montana: The Movie) 4k	NwiCZYhboHA 46 DJ BoricuaKid: Miley Cyrus (Hannah Montana) - The Best of Both Worlds (2026/Official Audio) | uVjRe8QXFHY 39 DisneyMusicVEVO: Hannah Montana - The Best Of Both Worlds | 9ItGerEKsRw 33 Credit Cookies, Trailers & More: Hannah Montana - The Best Of Both Worlds (From The Hannah Montana 20th A
Milky	Just The Way You Are (Original FM Cut)	mtZkdEhAeDI	high	search	77	223	Milky	Just the Way You Are (2008 Pop Rework)	6gxfNJjpWgk 42 Jason Symons TV Music: Just The Way You Are [Original FM Cut] - Milky 2002 Justthewayyouare 2002 | nEUv7GhGhos 39 Jason Symons TV Music: Just The Way You Are [Original FM Cut] - Milky 2002 I've Got You - Marc Anthony 20 | GkuJJsApACc 35 Billy Joel: Billy Joel - Just The Way You Are (from Old Grey Whistle Test)
Milky Chance	Living In A Haze	kmgKRmSXQUY	high	search	95	175	Milky Chance Official	Milky Chance - Living In A Haze (Official Music Video)	Pos3PhlWd0c 93 Milky Chance Official: Milky Chance and The Beaches - Living In A Haze (Official Video) | qNvCtpjiHkc 86 Milky Chance Official: Milky Chance - Living In A Haze (Lyric Video) | aX08QfXCj0g 75 Milky Chance Official: Living In A Haze
Milky Chance	Purple Tiger	7mVydFThdp4	high	search	95	170	Milky Chance Official	Milky Chance - Purple Tiger (Official Video)	7tIjDq5l7jA 86 Milky Chance Official: Milky Chance - Purple Tiger (Lyric Video) | qzaXBFn_r_c 55 Milky Chance Official: Milky Chance - Purple Tiger (Colorado Live Session) | l_CQdPy9jOY 39 BLACKSOUP Lyrics: Milky Chance - Purple Tiger (Lyrics)
Milky Chance	Synchronize	DF6JhvbSMxs	high	search	95	163	Milky Chance Official	Milky Chance - Synchronize (Official Video)	bN6byD_BRf8 91 Milky Chance Official: Milky Chance - Synchronize [RAC Mix] (Official Video) | 37sPK271zl8 86 Milky Chance Official: Milky Chance - Synchronize (Lyric Video) | AvVmNsRnc-I 84 Milky Chance Official: Milky Chance - Synchronize (Visualizer)
Milky x David Guetta	Just The Way You Are	dm7LUy724B8	low	search	64	182	David Guetta	Milky x David Guetta - Just The Way You Are (Lyric Video)	1iDrQta26zo 60 Milky: Milky - Just The Way You Are (Official Audio) | QZGsGB7cX3g 55 Milky: Milky - Just The Way You Are (Official 4K Video) | YVCVox8utcI 48 Daftworld: Milky x David Guetta - Just The Way You Are (Official Video)
Milli Vanilli	Baby Don't Forget My Number	vQhcLCd2MCg	high	search	91	268	Milli Vanilli	Milli Vanilli - Baby Don't Forget My Number (Official Video)	JhyzGDPwmYU 87 Milli Vanilli: Milli Vanilli - Baby Don't Forget My Number | oeua6EoznHE 85 Milli Vanilli: Milli Vanilli - Baby Don’t Forget My Number (Top Of The Pops, 12.01.1989) | aINm4hITBy4 78 Milli Vanilli: Baby Don't Forget My Number
Milli Vanilli	Blame It on the Rain	BI5IA8assfk	high	search	95	259	Milli Vanilli	Milli Vanilli - Blame It On the Rain (Official Video)	SiZVrTaC9Pg 93 Milli Vanilli: Milli Vanilli - Blame It On The Rain (Official Video) | VMmHENCEeRM 83 Milli Vanilli: Milli Vanilli - Blame It On The Rain (Wogan, 22.11.1989) | qCVxeortZ48 46 Vibe Music: Milli Vanilli - Blame It On the Rain (Lyrics)
Mimi Webb	Back Home For Christmas	6QfJCT60Qpo	high	search	95	216	Mimi Webb	Mimi Webb - Back Home For Christmas (Official Music Video)	-zNKqeGgu8A 94 Mimi Webb: Mimi Webb - Back Home For Christmas (Official Audio) | 1sHPjYlRPwc 83 Mimi Webb: Mimi Webb - Back Home For Christmas (Behind The Scenes) | 8RLtqLhQuDY 40 Pауtоn Sаmuеls: Mimi Webb - Back Home For Christmas (Lyrics)
Mimi Webb	Red Flags	5xvRopbTEXw	high	search	95	182	Mimi Webb	Mimi Webb - Red Flags (Official Music Video)	tLN0WI1YSQk 93 Mimi Webb: Mimi Webb - Red Flags (Official Audio) | iTK0dmeJZQ8 54 Mimi Webb: Mimi Webb - Red Flags (Live on The Graham Norton Show) | n-8CEveeYyw 46 NewMelody: Mimi Webb - Red Flags (Lyrics)
Ministry Of Soul	This Girl (Lounge Beach Mix)	tKSbAMmpkwM	low	search	39	237	Ministry Of Funk	This Girl (Beach Soul Mix)	_fPjMGfnrQQ 23 Ministry Of Soul - Topic: Billie Jean (Beach Soul Mix) | qetW6R9Jxs4 -20 Ministry of Sound: Eric Prydz – Call On Me (Official Music Video) | Ministry of Sound | tXDk2C_IO2o -89 Ministry of Sound: Club Classics (August 2020) Mix | Ministry Of Sound
Miranda Lambert	Crisco	14e-s62t5wM	high	search	87	180	Miranda Lambert	Miranda Lambert - Crisco (Visualizer)	r7oiju7dI9g 56 Miranda Lambert: Miranda Lambert - Crisco (Live From The 61st ACM Awards) | oVbjnlF_xtU 40 trendingmusic-lyrical: Crisco || Miranda Lambert || lYRICS | EMjNYjL-hl8 39 Lyric Labs: Miranda Lambert - Crisco (Lyrics)
Miranda Lambert	Somethin' Bad (duet with Carrie Underwood)	o4Yzj-m_SBk	high	search	95	173	Miranda Lambert	Miranda Lambert - Somethin' Bad (Official Video) ft. Carrie Underwood	96id0511yHM 83 Miranda Lambert: Miranda Lambert - Somethin' Bad (Audio) (duet with Carrie Underwood) | rwVqHqi0BIA 41 CountryHype: Miranda Lambert - Somethin' Bad (Lyrics) ft. Carrie Underwood | 4E5HHPOqwyQ 9 sabrina pereira: Miranda Lambert & Carrie Underwood - Somethin' Bad Live At CMA Fest
Missing Persons	Words	IasCZL072fQ	high	search	92	271	MissingPersonsVEVO	Missing Persons - Words	BX86s8fHgkI 90 MissingPersonsVEVO: Missing Persons - Words | 21MTd8GHHLs 88 Missing Persons - Topic: Words (Remastered) | aGjvHA9p0-Y 85 Missing Persons - Topic: Words
MisterWives	Our Own House	Iets6iLm3QY	high	search	87	249	MisterWives	MisterWives - Our Own House	8wtj2snRuUI 86 MisterWives: MisterWives - Our Own House (Audio) | KGl7O1EVR7Y 85 MisterWives: MisterWives - Our Own House (Lyric Video) | 1SOCODgpFPs 53 MisterWives: MisterWives - Our Own House (Vevo LIFT Live)
Mitchell Tenpenny	Don't Hang the Mistletoe	nivoDEgTNNA	high	search	95	202	Mitchell Tenpenny	Mitchell Tenpenny - Don't Hang the Mistletoe (Official Video)	Tpj7rVlU83o 86 Mitchell Tenpenny: Mitchell Tenpenny - Don't Hang the Mistletoe (Audio) | KpYeWtE9bUE 40 Coastal Sounds YT: Mitchell Tenpenny - Don't Hang the Mistletoe | F1KDZzKZ1i0 27 Mitchell Tenpenny: Mitchell Tenpenny, Meghan Patrick - I Hope It Snows (Official Video)
Mitchell Tenpenny	Neon Christmas	ln-zofntmyY	high	search	93	175	Mitchell Tenpenny	Mitchell Tenpenny - Neon Christmas (Official Video)	iaPAgDWu_14 87 Mitchell Tenpenny: Mitchell Tenpenny - Neon Christmas (Audio) | Uh9rrQxrNFA 86 Mitchell Tenpenny: Mitchell Tenpenny - Neon Christmas (Salvation Army Rock the Red Kettle Special) | -MJcBJrJc_k 83 Mitchell Tenpenny: Mitchell Tenpenny - Neon Christmas (Lyric Video)
Mitski	First Love / Late Spring	DVIaDzs1EH4	high	search	95	279	Mitski	Mitski - First Love/Late Spring (Official Audio)	"L74SAP-rCbE 60 mitskithoughts: First Love / Late Spring by Mitski (Music Video) | 0eP4draTJ_0 41 pearly dewdrops: mitski - first love/late spring (lyrics) | Enk-Lp5179M 38 13Clouds: Mitski - First Love / Late Spring (Lyrics) ""So please hurry leave me I can't breathe"" [TikTok S"
Mitski	Should've Been Me	dExLwcq2-0g	high	search	95	192	Mitski	Mitski - Should've Been Me (Official Audio)	Aq-6RNWLDVA 86 Mitski: Mitski - Should've Been Me (Lyric Video) | Qh-obzqwhrs 85 Mitski - Topic: Should've Been Me | 4xXyuSh331c 45 David Dean Burkhart: Mitski - Should've Been Me
MKTO	Classic	4Ba_qTPA4Ds	high	search	95	174	MKTO Band	MKTO - Classic (Official Video)	jyL-9YEmJ8I 51 columbiarecordsVEVO: MKTO - Classic (Official Audio) | 1vhxu2zdPOM 46 Dan Music: MKTO - Classic (Lyrics) | icyT_uhtjIA 45 life + lyrics: MKTO - Classic (Lyrics)
Moby	Bodyrock	xe_PbWFAzZQ	high	search	85	219	Moby	Moby 'Bodyrock' - UK Dance version	SmBf69QCtH4 79 Moby: Bodyrock | kQBv7s14LJE 76 Moby: Bodyrock | gCF4n9UTJ7U 60 MobyFan94: Moby - Bodyrock
Moby	Extreme Ways (Bourne's Ultimatum)	ftm1hiXgYsA	high	search	93	298	Moby	Moby - 'Extreme Ways' (Jason Bourne) (Official Audio)	nBB2bPwKWVg 91 Moby: Moby - 'Extreme Ways' (Official Video) | Wu_xMNZWyak 79 Moby: Extreme Ways (Bourne's Ultimatum) | ETGO2wa8L1U 41 MusikSupreme: The Bourne Ultimatum  Soundtrack   Extreme Ways by Moby
Moby	Porcelain	IJWlBfo5Oj0	high	search	95	190	Moby	Moby - 'Porcelain' (Official Video)	KtsVN__gPvQ 78 Moby: Porcelain | rqpvmoOkqRg 48 Nostalgia Trip by RM44: Moby - Porcelain (2000) - OFFICIAL MUSIC VIDEO [HQ] | ZablHuqE4WU 38 Travel Here: Moby - Porcelain (The beach soundtrack)
Modern English	I Melt With You	xvEgcjbhbx4	high	search	88	252	Modern English - Topic	I Melt with You	tvwm8KA0d_I 83 Modern English: Modern English - I Melt With You (Lockdown Version) | LuN6gs0AJls 55 4AD: Modern English - I Melt With You (Official Video) | _aPP7iD5yB0 40 WeAreThe80s: Modern English - I Melt With You (Valley Girl)
Molly Johnson	Don't You Know It's Christmas	cVaUtLsa5k4	high	search	79	218	Molly Johnson	Don't You Know It's Christmas	sB9B-RKwE_Q 10 Molly Johnson: Christmas In Hopetown | G_j7N7TDwE0 10 Molly Johnson: This Holiday Season | -Zy-12L8ofM -26 Unity360Media: Molly Johnson 18th ANNUAL ANDY KIM CHRISTMAS (Dec 7, 2022)
Moonlight Breakfast	Shout	R_oSCVx7Ifc	high	search	95	207	Moonlight Breakfast	Moonlight Breakfast - Shout (OFFICIAL VIDEO)	b-_GoGSprms 86 Moonlight Breakfast: Moonlight Breakfast - Shout (Road Trip Video) | QjUa3qxKITI 54 Moonlight Breakfast: Moonlight Breakfast - Shout (Live) | RkVHP-WdLpw 25 Moonlight Breakfast: Moonlight Breakfast - Shout (Official Albumplayer)
Morcheeba	Rome Wasn't Built in a Day	FLGJXbl6g8o	low	search	55	221	Warner Music Italy	Morcheeba - Rome wasn't built in a day (Official Video)	Z1S7k7GaiqA 40 tommykiddd: Rome Wasn't Built In A Day - Morcheeba | a2Wwv4nf7A4 39 mizzyfuzzy: Morcheeba - Rome wasn't built in a day | pVzXV9o3sz8 38 AN GY: Morcheeba-  rome wasn't built in a day lyics
Morgan Wallen	One Thing At A Time	aKA4wH3Mg7Y	high	search	87	207	Morgan Wallen	Morgan Wallen - One Thing At A Time (Lyric Video)	S-OKqDu8YmA 86 Morgan Wallen: Morgan Wallen - One Thing At A Time (One Records At A Time Sessions) | noSmGtA2tCE 45 VibesOnly: Morgan Wallen - One Thing At A Time (Lyrics) | DIqYsFDteoY 8 The Teddy Concert Channel: Morgan Wallen - One Thing At A Time (Live) - Acrisure Stadium, Pittsburgh, PA -
MoZella	Glow (Christmas Mix) (Feat. Tim Myers)	KCKv350p_a0	high	search	89	143	Mozella - Topic	Glow	EWnu3rT8d3Y 86 Mozellamusic: GLOW by Mozella | xh0E0U2j7-Y 20 Mozellamusic: The Best Gift by Mozella | _cX1O9qajCY 20 Mozella - Topic: Let's Stop Calling It Love
Mt. Joy	Evergreen	VKSFtcpfRnQ	high	search	87	217	Mt. Joy Official	Mt. Joy - Evergreen	rH60ujas9t4 56 Mt. Joy Official: Mt. Joy - Evergreen (Live at The Salt Shed) | w9LMQ-gJ_4I 45 Mt. Joy Official: Evergreen - Live from Capitol Theatre 2022 | Tl1yKgB-BFQ 18 Mt. Joy Official: Mt. Joy
Mt. Joy	Highway Queen	6HQBqM0dZIU	high	search	79	213	Mt. Joy Official	Highway Queen (Official Lyric Video)	qe6Wop8zJMw 78 Mt. Joy Official: Highway Queen - Lyric Video | Hn1i6-6BgvY 77 Mt. Joy Official: Highway Queen | 0gzRYSHO-bA 46 Mt. Joy Official: Highway Queen - Live from The Salt Shed 2023
Mt. Joy	She Wants To Go Dancing	R7dnn2LP5fs	high	search	79	189	Mt. Joy Official	She Wants To Go Dancing - Lyric Video	kYnOpH-hYFs 76 Mt. Joy Official: She Wants To Go Dancing (Official Lyric Video) | A2VLFeFZUwU 48 Mt. Joy Official: She Wants to Go Dancing - Live from Red Rocks 2024 | FyMyv5nHTfs 45 David Dean Burkhart: Mt. Joy - She Wants To Go Dancing
Mumford & Sons	Caroline	KVhQKkf0xRg	high	search	87	201	Mumford & Sons	Mumford & Sons - Caroline (Official Lyric Video)	4BG1__HI6A8 56 Mumford & Sons: Mumford & Sons - Caroline (City Sessions - Amazon Music Live) | 7FcPbF_7Rlk 55 Mumford & Sons: Mumford & Sons - Caroline (Live) | GCgq2Qr7-5U 39 S Genack: Caroline by Mumford and Sons [Unreleased song]
Mumford & Sons	Rushmere	7sBwEZUH90M	high	search	87	209	Mumford & Sons	Mumford & Sons - Rushmere	GMCtDI5AQtQ 86 Mumford & Sons: Mumford & Sons - Rushmere (Official Lyric Video) | tpd31j3YXP4 83 Mumford & Sons: Mumford & Sons - Rushmere (The Making Of) | KYCmpfhDXds 45 BBC Radio 1: Mumford & Sons - Rushmere (Radio 1's Big Weekend 2025) @MumfordandSons
Muna	I Know a Place	-t5gGm3NWU4	high	search	95	278	MUNA	MUNA - I Know A Place (Official Video)	lohR8TkGa_k 86 MUNA: MUNA - I Know A Place (Lyric Video) | 7QYuB6qzHY4 55 MUNA: MUNA - I Know A Place (Live From Honda Stage) | -VQH4QkPPkc 39 Alloftheworld lyrics: MUNA - I Know A Place (Lyrics)
Mura Masa	Live Like We're Dancing (feat. Georgia)	AaIxRMgCkUc	high	search	87	210	Mura Masa	Mura Masa, Georgia - Live Like We're Dancing	5d4ZT5oISoU 86 Mura Masa: Mura Masa - Live Like We're Dancing (with Georgia) (Lyric Video) | gJ2d38wWU1c 45 MrSuicideSheep: Mura Masa - Live Like We're Dancing | 0VZKdgiz8vo 39 WORLD OF MUSIC: Mura Masa, Georgia – Live Like We're Dancing
Murray Head	One Night In Bangkok	0FSE57u58rs	high	search	79	194	Murray Head	One Night In Bangkok (Radio Edit / From “Chess” / Remastered 2016)	"Ix3WVxFzW_M 78 Murray Head: One Night In Bangkok | rgc_LRjlbTU 42 ChessVEVO: Murray Head - One Night In Bangkok ""From CHESS"" | F10w_nw3Oyc 40 Leo Ponce ®: Murray Head - One Night In Bangkok 1984 HD 1080p (Mejor Calidad en Audio y Video)"
Muse	Undisclosed Desires	R8OOWcsFj0U	high	search	87	237	Muse	Muse - Undisclosed Desires	1KZIrAlPEYg 86 MuseMusicChannel: Muse - Undisclosed Desires HD | 47P6CI7V8gM 65 MrMuseLyrics: Muse - Undisclosed Desires [HD] | jz0B5KDJlZE 45 RouxioMusic: Muse - Undisclosed Desires (Lyrics)
Mutemath	Typical	5DMLPyibslI	high	search	83	286	Mutemath	"MUTEMATH - Making of the ""Typical"" Video (Webisode)"	wUKFQBWXxw8 78 Mutemath: Typical | aHKoMmon-hg 54 Mutemath: MUTEMATH - Typical (Live) | 7XVWR-5fiG0 42 Warner Records Vault: Mutemath - Typical (Video)
My Morning Jacket	Everyday Magic	iiphNnoeZqQ	high	search	95	269	My Morning Jacket	My Morning Jacket - Everyday Magic (Official Video)	l_mqFRSjtaw 94 My Morning Jacket: My Morning Jacket - Everyday Magic (Official Audio) | lPzimx2fKgs 40 radarosen: My Morning Jacket “Everyday Magic” 10.18.25 Paramount, Brooklyn, NY | _8PQABpsecg 39 Church of MMJ: My Morning Jacket: Everyday Magic - Beachlife Festival Redondo Beach, CA 5/3/2026
Myles Smith	Heaven	TzqMOMipqZk	high	search	87	191	Myles Smith	Myles Smith - Heaven (Official Lyric Video)	vfO_zAwCWf4 46 WaveMusic: Myles Smith - Heaven (Lyrics) | rO4scUX0d9M 43 Mr.Radio: Myles Smith - Heaven (Lyrics) | JiTCkiz92O0 43 Pop Paradise: Myles Smith - Heaven (Lyrics)
Myles Smith	Nice To Meet You	9VbDkDALT7w	high	search	95	207	Myles Smith	Myles Smith - Nice To Meet You (Official Video)	wavKJA-qGzY 75 Myles Smith: Nice To Meet You | A6liUPliUbg 54 Myles Smith: Myles Smith - Nice To Meet You / Stargazing (Live at the BRIT Awards 2025) | 8nvrII5B35Q 46 Vibe Music: Myles Smith - Nice To Meet You (Lyrics)
Myles Smith	Stargazing	tKml80alH3Y	high	search	87	173	Myles Smith	Myles Smith - Stargazing (Lyric Video)	9p9EauIOPm8 85 Myles Smith: Myles Smith - Stargazing (Take My Heart Don’t Break It) - Visualiser | _2-NWrYpXEw 83 Myles Smith: Myles Smith - Stargazing (Moonlight Version - Lyric Video) | A6liUPliUbg 53 Myles Smith: Myles Smith - Nice To Meet You / Stargazing (Live at the BRIT Awards 2025)
Myles Smith	Stay (If You Wanna Dance)	JAivJHMPxYM	high	search	87	187	Myles Smith	Myles Smith - Stay (If You Wanna Dance) (Official Lyric Video)	yKyp-C2C5Do 45 VibesOnly: Myles Smith - STAY (If You Wanna Dance) (Lyrics) | TzOdA14g-vk 43 7clouds Country: Myles Smith - Stay (If You Wanna Dance) (Lyrics) | wYIgrzm8IGI 43 BBC Strictly Come Dancing: Myles Smith has the Ballroom dancing with Stay (If You Wanna Dance) ✨ BBC Stri
Myles Smith	Wait For You	fZUp0zaQNcA	high	search	95	210	Myles Smith	Myles Smith - Wait For You (Official Video)	UyP_WdsSt4k 86 Myles Smith: Myles Smith - Wait For You (Lyric Video) | TDn3TXHPG4o 83 Myles Smith: Myles Smith - Wait For You (feat. The Ndlovu Youth Choir) | 5G6Mph6_KNo 45 BangersOnly: Myles Smith - Wait For You (Lyrics)
MØ	Pop Muzik (Hip-Hop-Pop Muzik)	gPoiv0sZ4s4	low	search	66	194	Robin Scott - M	M - Pop Muzik (Official HD Video)	62X0slptfB8 63 Blissful Mind: M - Pop Muzik (Lyrics) | eVD9j36Ke94 4 MOMOMOYOUTH: MØ - Kamikaze (Official Video) | nZFH-gZa9R4 -12 i-dle (아이들): 우기 (YUQI) 'M.O.' Official Music Video
Naked Eyes	Always Something There To Remind Me	fEoIh8N7PLs	high	search	80	220	NakedEyes	Always Something There to Remind Me (2018 Remaster)	X9tqkRtaikk 78 NakedEyes: Always Something There To Remind Me (2025 Remaster) | lVrELhxOFnM 50 Chrysalis Records: Naked Eyes - Always Something There To Remind Me (Official Music Video) | uMevu94Spew 40 Infinite Music: Naked Eyes - Always Something There To Remind Me (Lyrics)
Naked Eyes	Promises, Promises	YYtBF1OVciU	high	search	95	226	NakedEyes	Naked Eyes - Promises, Promises (Official Music Video)	tYVsZ7yccT8 76 NakedEyes: Promises, Promises | 1wRD0uSYgfU 75 NakedEyes: Promises, Promises | m2kh7KvYrVc 41 Richard Harris: Naked Eyes   Promises, Promises HQ
Narrow Head	Sunday	6nGBZHKLin8	low	search	55	199	Run For Cover Records	Narrow Head - “Sunday” (Official Audio)	LjxM5bQ11qg 41 Kingflower91: Narrow Head - Sunday @ Lincoln Hall | UbXfneRaYQ8 40 Church Road Records: Narrow Head - Sunday (OFFICIAL STREAM) | 8aVVCMAInH0 11 Narrow Head: See You Around
Natasha Bedingfield	Shake up Christmas 2011 (Official Coca-Cola Christmas Song)	O_DnyvNg-Vg	high	search	87	227	Natasha Bedingfield	Natasha Bedingfield - Shake Up Christmas 2011 (Official Coca-Cola Christmas Song) (Audio)	CIdXPl-Vi6M 48 Natasha Bedingfield: Shake Up Christmas 2011 (Official Coca-Cola Christmas Song) (Live From New York) | sBrfhOFAQPs 40 Rabbitz Christmas Music: Natasha Bedingfield - Shake Up Christmas 2011 (Official Coca-Cola Christmas Song | uCcmZGhF8eY 38 enjams35: Natasha Bedingfield -- Shake Up Christmas 2011
Nate Smith	After Midnight (Feat. Tyler Hubbard)	44LBf4QZf98	low	search	72	177	Nate Smith and Tyler Hubbard	Nate Smith, Tyler Hubbard - After Midnight (Official Music Video)	Kv6q7cCGGoA 53 Nate Smith: Nate Smith - After Midnight (Live from Stagecoach 2026) | tBAWbZ_Rk_k 41 Lyrics of New Country: Nate Smith, Tyler Hubbard - After Midnight (Lyrics) | nIsQ3M5f_o0 40 ChillyPilly: Nate Smith - After Midnight (Lyrics) feat. Tyler Hubbard
Nathan Dawe	Heart Still Beating (Feat. Bebe Rexha)	nt88JCYM6Yg	high	search	85	148	Nathan Dawe	Nathan Dawe x Bebe Rexha - Heart Still Beating (Official Lyric Video)	IFW3O-PsRUo 55 Bebe Rexha: Nathan Dawe x Bebe Rexha - Heart Still Beating (Official Audio) | -XtKq9U--QM 41 soundbox Records: Nathan Dawe feat. Bebe Rexha - Heart Still Beating | T09nAi7WqFg 38 Charted: Nathan Dawe & Bebe Rexha - Heart Still Beating
Naughty Boy	La La La (feat. Sam Smith)	3O1_3zBUKM8	high	search	95	244	Naughty Boy	Naughty Boy - La la la ft. Sam Smith (Official Video)	qBnvXXpdFF8 46 Vibe Music: Naughty Boy - La la la ft. Sam Smith (Lyrics) | 2WmBa1CviYE 45 7clouds: Naughty Boy, Sam Smith - La la la (Lyrics) | pZA-3tACjpY 40 DV UniSol: Naughty Boy feat Sam Smith - La la la [FLAC] HQ + HD
Ne-Yo	Closer	z_aC5xPQ2f4	high	search	95	235	NE-YO	Ne-Yo - Closer [Official Video]	a8NuSs-PtZE 54 NE-YO: Ne-Yo - Closer (Yahoo! Live Sets) | w-X_4Ytgncs 46 Popular Music: Ne-Yo - Closer (Lyrics) | fGsI_j5n0zY 43 DopeNetwork: Ne-Yo - Closer (Lyrics)
Neil Diamond	America	Pg8pj1x9-t4	high	search	87	259	Neil Diamond	"Neil Diamond - America (From ""The Jazz Singer"" Soundtrack / Audio)"	RrgCxSSwBto 56 Neil Diamond: Neil Diamond - America (Live At The Greek Theatre / 2012) | wTSLRbm8L9E 40 Kamdan: Neil Diamond's America | bCQ-GjHfbYw 39 Courtney S: Neil Diamond America Video with Lyrics
Neil Diamond	Cherry Cherry	0QsTMqUfDDw	high	search	87	163	Neil Diamond	Neil Diamond - Cherry, Cherry (Audio)	1nD7fYwnjK4 75 Neil Diamond: Cherry Cherry | h51vsFYhEUk 56 Neil Diamond: Neil Diamond - Cherry, Cherry (Live At The Greek Theatre / 2012) | vvXCYqd8AAs 40 Oslo Snowe Music Legacy: Neil Diamond, 'Cherry Cherry' (circa 1967)
Neil Diamond	Cracklin' Rosie	qzO023mvDQo	high	search	87	179	Neil Diamond	Neil Diamond - Cracklin' Rosie (Audio)	7Q3m1koy-Mk 83 NeilDiamondChannel: Neil Diamond - Cracklin' Rosie (Stereo!) | iyHK8ABQ7WY 55 Neil Diamond: Neil Diamond - Cracklin' Rosie (Live At Madison Square Garden / 2008) | MGemtjVtfZM 41 Kathleen Mosley: Neil Diamond Cracklin Rosie 1970
Neil Diamond	Sweet Caroline	4F_RCWVoL4s	high	search	87	201	Neil Diamond	Neil Diamond - Sweet Caroline (Audio)	"ty1dwBCR6D0 56 Neil Diamond: Neil Diamond - Sweet Caroline (Live At The Greek Theatre / 2012) | utBKv9ZMojM 45 The Ed Sullivan Show: Neil Diamond ""Sweet Caroline"" on The Ed Sullivan Show | 0iN-hemcKc8 39 Young Pilgrim Music: Neil Diamond - Sweet Caroline (Lyrics)"
Nelly Furtado	Maneater	PLolag3YSYU	high	search	95	308	Nelly Furtado	Nelly Furtado - Maneater (US Version) (Official Music Video)	_ftuSKcEGFk 46 Loku: Nelly Furtado - Maneater (Lyrics) | YIOPlQGgH-w 46 sasa: Nelly Furtado - Maneater (Official Video) | hUxSboj-FzI 45 Popular Music: Nelly Furtado - Maneater (Lyrics)
Nelly Furtado	Say It Right	6JnGBs88sL0	high	search	95	235	Nelly Furtado	Nelly Furtado - Say It Right (Official Music Video)	XNP5wkSy1RM 54 Nelly Furtado: Nelly Furtado - Say It Right (Live) | NmJmtKFAhiE 41 Moonlight: Nelly Furtado - Say It Right (Lyrics) | UyHUvm8T6CY 40 RainyLittleGhost: Nelly Furtado - Say It Right
Nelly Furtado	Say It Right - Main	6JnGBs88sL0	low	search	30	235	Nelly Furtado	Nelly Furtado - Say It Right (Official Music Video)	XNP5wkSy1RM -11 Nelly Furtado: Nelly Furtado - Say It Right (Live) | NmJmtKFAhiE -24 Moonlight: Nelly Furtado - Say It Right (Lyrics) | UyHUvm8T6CY -25 RainyLittleGhost: Nelly Furtado - Say It Right
Neon Trees	Animal	gM7Hlg75Mlo	high	search	95	209	Neon Trees	Neon Trees - Animal (Official Music Video)	qY--Yu4kzz0 83 Neon Trees: Neon Trees - Animal (Viral Version) | obZdyW5uL-k 41 21C Lyrics: Neon Trees -  Animal (Lyrics / Lyric Video) | XzWRankjYVc 40 Kruemelmonster1293: Neon Trees ► Animal
Neon Trees	Holiday Rock	iM-EZekk72U	high	search	95	186	Neon Trees	Neon Trees - Holiday Rock (Official Video)	s9l1TnJHQWA 41 theatino1: Neon Trees   Holiday Rock | ZK9XMH11pRg 41 Bostick Family Light Show: Holiday Rock - Neon Trees in 4K | BtLdsuAUJ94 40 Jam: Neon Trees - Holiday Rock | Jam: Christmas Rocks 
Neon Trees	Used To Like	vw9-gQ6Rx14	high	search	95	228	Neon Trees	Neon Trees - Used To Like (Official Music Video)	2h4AW-sKzCA 94 Neon Trees: Neon Trees - Used To Like (Official Audio) | zTIqrV9GFYk 44 Neon Trees: Neon Trees - Used To Like (Acoustic) | sP-VIrWu4V4 40 Blue and White: Neon Trees - Used To Like (Lyrics)
New Edition	Candy Girl	YtbFPLK-JWI	high	search	87	221	New Edition	New Edition - Candy Girl	0AZqPl46HcU 78 New Edition: Candy Girl | 5ldcPKP5t-8 40 k3vin: New Edition - Candy Girl (1983) (HQ) | 0RxMGiqm0Jk 39 BlackRogue: New Edition Candy Girl Lyrics
New Edition	Cool It Now	RZUq6N7Gx1c	high	search	95	217	New Edition	New Edition - Cool It Now (Official Music Video)	q__HotQAM18 78 New Edition: Cool It Now | bNeNAsGwcv8 75 New Edition: Cool It Now | cnCe0ja0fhA 51 New Edition: Cool It Now (Extended Mix)
New Edition	It's Christmas (All Over The World)	F_iO37k2bRQ	high	search	78	256	New Edition	It's Christmas (All Over The World)	hAiUDwilUMw 77 New Edition: It's Christmas (All Over The World) | zejJMTC31bI 42 RemasterKingdom4K: New Edition | It's Christmas (All Over The World) | Christmas In Rockefeller Center 20 | bMVqiq2esnE 41 RYOSUKE REMASTERED: New Edition - It's Christmas All Over The World Motion Picture Santa Claus Scene (Rem
New Kids On The Block	Hangin' Tough	By86PcLufOU	high	search	95	232	New Kids on the Block	New Kids On The Block - Hangin' Tough (Official Video)	RzUlReU8pDo 78 New Kids on the Block: Hangin' Tough | abzS7lrF0uE 38 RegularShowHTF25: New Kids On The Block - Hangin' Tough (Regular Show Version) | yQLza8aRMLw -26 Lyrics-R-Us: Hanging Tough - New Kids On The Block [Lyrics]
New Kids On The Block	Tonight	JTo3N73hpPg	high	search	95	204	New Kids on the Block	New Kids On The Block - Tonight (Official Video)	xO8y33NYFZs 55 New Kids on the Block: New Kids On The Block - Tonight (Official Live) | _8N_089Br1Y 41 Wardrip06: New Kids On The Block - Tonight | fj4qWIJ_moI 40 Nepo remaster: New Kids On The Block - Tonight (1990) - Remaster
New Kids On The Block	You Got It (The Right Stuff)	XcfxzX62QCI	high	manual	54	262	Song Lyrics HD	New Kids On The Block - You Got It (The Right Stuff) (Lyrics HD)	XcfxzX62QCI 43 Song Lyrics HD: New Kids On The Block - You Got It (The Right Stuff) (Lyrics HD) | Xus87ddZsAw 40 Ultra Singles: ♪ New Kids On The Block - You Got It (The Right Stuff) | Singles #04/36 | po_v3NC-OcE 38 Wardrip06: New Kids On The Block - You Got It (The Right Stuff)
New Order	Bizarre Love Triangle	tkOr12AQpnU	high	search	97	232	New Order	New Order - Bizarre Love Triangle (Official Music Video) [HD]	bKVbB_qZQcU 78 New Order: Bizarre Love Triangle | LhLmgg_u29k 78 New Order: Bizarre Love Triangle (2015 Remaster) | qcJM0bM3D0Q 75 New Order: Bizarre Love Triangle '94
New Order	Blue Monday	9GMjH1nR0ds	high	search	94	248	New Order	New Order - Blue Monday 88 (Official Music Video)	c1GxjzHm5us 87 New Order: New Order - Blue Monday (Official Lyric Video) | iOEJHNZpeck 78 New Order: Blue Monday (2016 Remaster) | TsgLhkjY4q0 75 New Order: Blue Monday
New Rules	Santa Claus is Coming To Town	8P8FvwpMW6k	high	search	95	119	New Rules	New Rules - Santa Claus Is Coming To Town (Official Audio)	3Q_Y9XkCbps 35 BBC Music: Radio 2 House Music - Travis and the BBC Concert Orchestra - Santa Claus Is Coming To Town | qp1a-3uMSXI 32 ThePreschoolTown: CMV: Santa Claus is Coming to Town (Justin Bieber Version) (Remake) | PcilpWRm8Dk 30 TheDisneyLover58: CMV  Santa Claus is Coming to Town
Niall Horan	On The Loose	wk99OKNE_Ro	high	search	95	235	Niall Horan	Niall Horan - On The Loose (Official Video)	yBgCH-8JW4Y 45 Niall Horan: Niall Horan - On The Loose (Official Acoustic) | ayhCda8su08 43 BBC Music: Niall Horan - On The Loose (on Sounds Like Friday Night) | IHpiq9o6IvA 41 AyeLyrics: Niall Horan - On The Loose (Lyrics)
Niall Horan	This Town - Tiesto Remix	TvS45JLNC0k	low	search	36	181	Niall Horan	This Town (Tiёsto Remix)	Cb5ONap1Vrc 15 Master Plan Music: Niall Horan - This Town (Tiesto Remix) | kD7OFmVKtr8 13 TheMusicChannel: Niall Horan - This Town (Tiesto Remix) | Uk1tDhfCHDU -49 NiallFansVEVO: Niall Horan This Town (Tiësto Remix)
Nick Jonas	Chains	U8UX2bbCHJw	high	search	87	216	NICK JONAS	Nick Jonas - Chains	SVLslpAfx2Q 83 NICK JONAS: Nick Jonas - Chains (The Wynwood Walls Edition) | sfk4-iQVTi8 54 NICK JONAS: Nick Jonas - Chains (Live From The 2015 Radio Disney Music Awards) | 0IiEGJ2CKD8 41 Dani P.: Chains - Nick Jonas (Lyrics Video)
Nickelback	Those Days	6exsPMM3SR8	high	search	95	238	Nickelback	Nickelback - Those Days (Official Music Video)	CvAE2GydZ74 86 Nickelback: Nickelback - Those Days (Official Lyric Video) | 2HM1Qeeb5FE 41 DJ EVAN C: Nickelback - Those Days (HD Audio) | 0HPAtyqWVvc 38 David Rolfe's Rock & Metal Channel.: Nickelback - Those Days
Nicky Youre	Sunroof (Feat. dazy)	G5xSLbYMr-I	high	search	95	175	Nicky Youre	Nicky Youre, dazy - Sunroof (Official Music Video)	npuA90VN9i8 91 Nicky Youre: Nicky Youre, hey daisy, 24kGoldn - Sunroof (Official Audio) | QFkUlwl_2N0 85 Nicky Youre: Nicky Youre, dazy - Sunroof | m3rjNzc6Nq0 48 Nicky Youre: Nicky Youre, hey daisy, Thomas Rhett - Sunroof (Thomas Rhett Remix - Official Lyric Video)
Night Ranger	(You Can) Still Rock In America	4rG_5LFKxYw	high	search	77	250	NightRangerOfficial	(You Can Still) Rock In America	"-RMA-1oWISQ 53 nightrangertv: Night Ranger - (You Can Still) Rock In America (Live 1983) | FWp7-BkE7io 51 Frontiers Music srl: Night Ranger - ""(You Can Still) Rock In America (2026)"" - Official Visualizer Video | YbF0axsoQIw 50 Leo : Night Ranger - (you can still) Rock In America (official video HQ)"
Night Ranger	Don't Tell Me You Love Me	Y-4hp5HZ2aU	high	search	79	263	NightRangerOfficial	Don't Tell Me You Love Me	"GSWPTU_krTY 55 NightRangerOfficial: Night Ranger - Don't Tell Me You Love Me (Live) | Hpg15WLf8Io 51 Frontiers Music srl: Night Ranger - ""Don't Tell Me You Love Me (2026)"" - Official Visualizer Video | pp1LGrWq35Q 41 Luis Santiago: Night Ranger -  Dont Tell Me You Love Me hq"
Niiko x SWAE	Serious (Feat. Train)	ic0FIpEfXOI	high	search	94	168	NIIKO X SWAE	NIIKO X SWAE & Train - Serious [Official Visualizer]	vvqiTXEKW78 47 Armada Music TV: NIIKO X SWAE & Train - Serious (Official Lyric Video) | -lF1-zs-eR0 11 NIIKO X SWAE: Blah Blah Blah | 2x_i4AGIcw8 -20 Armada Music TV: Niiko x Swae - Fast Forward (Official Lyric Video)
Niko Moon	EASY TONIGHT	ZBBUpSj9nWI	high	search	95	179	Niko Moon	Niko Moon - EASY TONIGHT (Official Music Video)	hQJZsaBu08Q 93 Niko Moon: Niko Moon - EASY TONIGHT (Official Audio) | Lm_hP5-XSL8 58 Niko Moon: EASY | hztMx9knIJk 46 Country Paradise: Niko Moon - Easy Tonight (Lyrics)
No Doubt	Ex-Girlfriend	8Yqru5UXWGY	high	search	87	225	No Doubt	No Doubt - Ex-Girlfriend	tVN8r7P2CeI 41 Kananesw O.: No Doubt - Ex-Girlfriend | CLZzwSxbytc 40 Isa Estrella: No Doubt: Ex-girlfriend with lyrics | 4dsxtZzmwzQ 39 Nicolle Velasquez: No Doubt - Ex-Girlfriend (Audio) HQ
No Doubt	Hella Good	QtTj4cramPM	high	search	87	251	No Doubt	No Doubt - Hella Good	2vDS79xDW1E 43 Song Lyrics HD: No Doubt - Hella Good (Lyrics HD) | xrdeoVJbCV8 42 Metal Play HD | 4K: No Doubt - Hella Good | HD 4K | tkIbF-NAWlU 40 AllErasRemastered: No Doubt – Hella Good (2025 Remastered)
No Doubt	Hey Baby	wt1YkGO2Ieo	high	search	87	208	No Doubt	No Doubt - Hey Baby	xHISR4ZfxRw 84 No Doubt: No Doubt - Hey Baby (Top Of The Pops, Feb 15th, 2002) | KyvyUP_8PQA 83 No Doubt: No Doubt - Hey Baby (T in the Park, July 13th, 2002) | 8TOQtLfoXzU 78 No Doubt: Hey Baby
No Doubt	It's My Life	ubvV498pyIM	high	search	87	232	No Doubt	No Doubt - It's My Life (Edited)	"VNI8FBWUnSs 55 No Doubt: No Doubt - ""It's My Life"" (Live) | HbeH9GCtShE 41 AmazingBabyKOL: No Doubt - Its My Life | TR3Vdo5etCQ 21 No Doubt: No Doubt - Don't Speak (Official 4K Music Video)"
No Doubt	Just A Girl	PHzOOQfhPFg	high	search	87	207	No Doubt	No Doubt - Just A Girl	xnpBWO3zge0 46 7clouds Rock: No Doubt - Just A Girl (Lyrics) | D818z-7BzuA 40 MrBeardFarmer: No Doubt - Just A Girl | GmB5U3tcTA8 38 Brian: Just A Girl - No Doubt
No Mercy	Where Do You Go	7pCQ85iZ9yw	high	search	86	209	No Mercy	No Mercy - Where Do You Go (ZDF-Fernsehgarten 21.07.2002) (VOD)	YcxjBJYvxHI 75 No Mercy: Where Do You Go (Ocean Drive Mix - 127 BPM) | GR0Dd-WB2V4 45 life + lyrics: No Mercy - Where Do You Go (Lyrics) | Yt-KMPvgKPo 42 justinuke: No Mercy - Where Do You Go
Noah Kahan	All My Love	dqbXCAt5VV4	high	search	87	252	Noah Kahan	Noah Kahan - All My Love (Official Lyric Video)	WM6Kke8_joA 46 7clouds Rock: Noah Kahan - All My Love (Lyrics) | 8NgytBxKczw 39 Jeff B: Noah Kahan All My Love MGM Music Hall at Fenway 11/20/2025 | ChxAtvEXNzM 18 Noah Kahan: Noah Kahan - Part Of Me (Official Lyric Video)
Noah Kahan	Homesick (Feat. Sam Fender)	Y8EPs0D7siE	high	search	87	195	Noah Kahan	Noah Kahan & Sam Fender - Homesick (Official Lyric Video)	ip-dkLJyMLg 85 Noah Kahan: Noah Kahan - Homesick (Official Lyric Video) | zwJ8oaGRoas 76 Noah Kahan: Homesick | WKDULjyWkxs 75 Noah Kahan: Homesick
Noah Kahan	She Calls Me Back	Y76SBWfU2Bw	high	search	87	247	Noah Kahan	Noah Kahan - She Calls Me Back (Official Lyric Video)	xy2SPd3PQf4 86 Noah Kahan: Noah Kahan, Kacey Musgraves - She Calls Me Back (Official Lyric Video) | VTfrCpFRxmg 77 Noah Kahan: She Calls Me Back | o64rgWb3KfM 44 7clouds Country: Noah Kahan, Kacey Musgraves - She Calls Me Back (Lyrics)
NOTD	So Close (Feat. Felix Jaehn)	5uV82m-U7Vg	high	search	94	201	NOTD	NOTD, Felix Jaehn - So Close (ft. Georgia Ku & Captain Cuts) (Official Video)	tpjOIAT4QG8 87 NOTD: NOTD, Felix Jaehn - So Close (ft. Georgia Ku & Captain Cuts) | Xk8KcGsroyA 83 NOTD: NOTD, felix jaehn, Captain Cuts - So Close (feat. Georgia Ku) (ARTIST VIDEO) ft. Georgia Ku | 5TnhnxJghsg 45 AirwaveMusicTV: NOTD & Felix Jaehn - So Close (Lyrics) ft. Georgia Ku & Captain Cuts
Nothing but Thieves	Overcome	TzTv976ghws	high	search	95	235	Nothing But Thieves	Nothing But Thieves - Overcome (Official Video)	bvY70T1JjN4 93 Nothing But Thieves: Nothing But Thieves - Overcome (Official Audio) | QApcyPKEwXI 86 Nothing But Thieves: Nothing But Thieves - Overcome (Official Lyric Video) | G-q5vuW21B4 43 BBC Music: Nothing But Thieves - Overcome | Reading Festival 2023
Nothing but Thieves	Trip Switch	w1Qxxx2SQoo	high	search	95	214	Nothing But Thieves	Nothing But Thieves - Trip Switch (Official Video)	QUA0kCdLLR8 92 Nothing But Thieves: Nothing But Thieves - Trip Switch (Official Audio) | B8NCwteej8Q 86 Nothing But Thieves: Nothing But Thieves - Trip Switch (Official Lyric Video) | 4SU1jKb6WUI 77 Nothing But Thieves: Trip Switch
O-Zone	Dragostea Din Tei	YnopHCL1Jk8	high	manual	61	286	Time Records	O-Zone - Dragostea Din Tei [Official Video]	YnopHCL1Jk8 55 Time Records: O-Zone - Dragostea Din Tei [Official Video] | uukQ7hGygRc 52 Ozonetvuk: Dragostea din tei | 3xx0s147Xj4 41 Lyrixa: O-Zone - Dragostea Din Tei (lyrics)
ODESZA	Say My Name (Feat. Zyra)	QMssNXBCCl0	high	search	95	291	ODESZA	ODESZA – Say My Name (feat. Zyra) – Official Video	HdzI-191xhU 86 ODESZA: ODESZA - Say My Name (feat. Zyra) - Lyric Video | jk5roonvMyc 54 ODESZA: ODESZA - Say My Name (feat.  Zyra) (Live) | L5Oney2PMsE 50 ODESZA: Say My Name (feat. Zyra) (RAC Mix)
Of Monsters And Men	Ordinary Creature	QU6Uq5ZLuNQ	high	search	87	223	Of Monsters and Men	Of Monsters and Men - Ordinary Creature (Official)	MUeCRZIZfDU 63 The Tonight Show Starring Jimmy Fallon and Of Monsters and Men: Of Monsters and Men: Ordinary Creature |  | Qgvu2pRuRXo 44 Of Monsters and Men: Of Monsters And Men - Ordinary Creature (Acoustic) | hobkkKLGARM 40 Pop Station: Of Monsters and Men - Ordinary Creature
Oliver Tree	Cash Machine	U1vGosMScjM	low	search	65	242	Oliver Tree	Oliver Tree - Cash Machine [Official Music Video]	kSsEiPtEstc 56 Oliver Tree: Oliver Tree - Cash Machine [Lyric Video] | aqVfWXBgvQM 10 Justysss: Oliver Tree - Cash Machine (Lyrics) | aNLRqQ24DVQ 9 Oliver Twee 🌳 and Isiah Piggy: Oliver Tree + MrBeast  - Cash Machine (Music Video)
Oliver Tree	Here We Go Again (feat. David Guetta)	xKeDjiC-Sg0	low	search	64	165	Oliver Tree	Oliver Tree & David Guetta - Here We Go Again [Official Audio]	20HK1Iktgj8 57 Oliver Tree: Oliver Tree & David Guetta - Here We Go Again [Lyric Video] | EVxkdzc_7nY 15 Vibe Music: Oliver Tree & David Guetta - Here We Go Again (Lyrics) | IosfJu5MITI 13 Creative Chaos: Oliver Tree & David Guetta - Here We Go Again (Lyrics)
Oliver Tree	Star	_OypxORg1Uo	low	search	57	118	Oliver Tree	Oliver Tree - Star [Lyric Video]	erGx3uYLyTk 14 Star Monster: Oliver Tree- Miss You {Star Monster Flip} | Jve-aEVgJvA 11 NotMeThough: Oliver Tree - Star (Lyrics) | 9mAeFNERZoI -10 Oliver Tree: Oliver Tree - Essence (feat. Super Computer) [Music Video]
Olivia Dean	Nice To Each Other	VI0NDsh2b8k	high	search	87	224	Olivia Dean	Olivia Dean - Nice To Each Other	irpBEiQDSuo 86 Olivia Dean: Olivia Dean - Nice To Each Other (Official Lyric Video) | Rw3lT-Rl7oY 54 Olivia Dean: Olivia Dean - Nice To Each Other (Live from Shepherds Bush Empire) | tAIRYv7sxT0 45 Ethereal Music: Olivia Dean - Nice To Each Other (Lyrics)
Olivia Lunny	FIX THIS (Feat. Bryce Vine)	H9d8suXriq0	high	search	95	169	Olivia Lunny	Olivia Lunny and Bryce Vine - FIX THIS (Official Music Video)	8QPw_Kh-cFA 42 Leon B. Sweet: Olivia Lunny  ft. Bryce Vine Fix This HD | HlljrFjodks 41 Pom Grant: Bryce Vine & Olivia Lunny - Fix This (lyrics) | qydbbjgj0vQ 39 Danny Vu: Olivia Lunny ft. Bryce Vine - Fix This (Lyrics) (Speed Up x1.02)
Olivia Newton-John	Physical	vWz9VN40nCA	high	search	95	224	Olivia Newton-John	Olivia Newton-John - Physical (Official Music Video)	VM7TpVWvJqM 86 Olivia Newton-John: Olivia Newton-John - Physical | 5kdRDVMMdKg 84 Olivia Newton-John: Olivia Newton-John - Physical (Stars, 26th Sept, 1981) | G9t6-cmPq58 83 Olivia Newton-John: Olivia Newton-John - Physical [Official Lyric Video]
Olivia Rodrigo	get him back! (WM Clean Edit)	ZsJ-BHohXRI	high	search	95	210	Olivia Rodrigo	Olivia Rodrigo - get him back! (Official Video)	vkAezOlnwtk 86 Olivia Rodrigo: Olivia Rodrigo - get him back! (Official Lyric Video) | 6zcKkRV7Mh8 75 Olivia Rodrigo: get him back! | t_ygEJu4SHs 53 Olivia Rodrigo: Olivia Rodrigo - get him back! (Official Live Performance) | Vevo
Olivia Rox	Cold Toes	Z4usrG3H-q0	high	search	95	261	oliviaroxmusic	Olivia Rox – Cold Toes (Official Music Video)	_uftpaTm2KQ 10 oliviaroxmusic: Galileo | bLizIurxF-8 -27 Kim Grant: Olivia Rox and Dalton Rapattoni | T3vpXmJDvS0 -41 oliviaroxmusic: An Olivia Rox Christmas TV Special
Olly Alexander (Years & Years)	100% Pure Love	im5hLSjVOkc	low	search	56	181	Olly Alexander	Olly Alexander - 100% Pure Love (Official Visualiser)	7eXCJtSEFOo 35 Top Squad: Years & Years - 100% Pure Love | ZLv3Ptn25ws 33 WhiteboxVibes: Years & Years - 100% Pure Love (Lyrics)🎵 | FC6DxKUZS_U 33 DJ CANAS: Years x Years   -  100 Pure Love Extend HD
Olly Alexander (Years & Years)	King	g_uoH6hJilc	low	search	64	235	Olly Alexander	Years & Years - King (Official Video)	nvH8Ary1TS0 36 Loku: Years & Years - King (Lyrics) | ohw2Jc2ewd4 33 IndiePlayBack: Years & Years - King | lQVgR7KcNm0 32 British Pop Bangers: Years & Years - King (Lyrics)
Olly Alexander (Years & Years)	Sweet Talker (Feat. Galantis)	0trBZ5rDlRU	low	search	64	182	Olly Alexander	Olly Alexander, Galantis - Sweet Talker (Official Video)	1BvlO9oStfw 55 Olly Alexander: Years & Years and Galantis - Sweet Talker (Official Lyric Video) | am38JGn18EM 44 Galantis: Years & Years and Galantis - Sweet Talker (Official Visualizer) | cJtWHOQbNkM 38 Music Chanel: Sweet Talker - Years & Years and Galantis (Official Audio)
OMC	How Bizarre	C2cMG33mWVY	high	search	95	228	OMC	OMC - How Bizarre (Official Music Video)	kNQ-uMamPrg 42 Australia & New Zealand Refreshed: OMC – How Bizarre (NZ) (1996) (Original Video Version) 4K Refreshed | xo9vf9YmrqA 41 New Zealand Music: OMC - How Bizarre | -bZxrQPmPKg 28 Rock N' Roll True Stories: OMC: The Tragic Story of How Bizarre & Pauly Fuemana
One Direction	What Makes You Beautiful	QJO3ROT-A4E	high	search	95	207	One Direction	One Direction - What Makes You Beautiful (Official Video)	UlANZSYZ2Js 85 One Direction: One Direction - What Makes You Beautiful (Audio) | Qcj7C2hOzYE 83 One Direction: One Direction - What Makes You Beautiful (VEVO LIFT) | mfavkCY52MI 41 MSCLyrics: One Direction - What Makes You Beautiful(Lyrics)🎵
OneRepublic	Counting Stars	hT_nvWreIhg	high	search	87	284	OneRepublic	OneRepublic - Counting Stars	A6pftd25oSc 53 OneRepublic: OneRepublic - Counting Stars (Vevo Presents: Live at Festhalle, Frankfurt) | mgT0N3tMP74 46 7clouds: OneRepublic - Counting Stars (Lyrics) | yY3wc58yo2A 45 Dan Music: OneRepublic - Counting Stars (Lyrics)
OneRepublic	Dear Santa	lQs9L6QyyMk	high	search	95	175	OneRepublic	OneRepublic - Dear Santa (Official Music Video)	k-Z7T6kEobc 86 OneRepublic: OneRepublic - Dear Santa (Official Lyric Video) | m9E20qigJxg 45 Unique Sound: OneRepublic - Dear Santa (Lyrics) | XWajIeJYec4 39 Pop Music: One Republic - Dear Santa ( lyrics video)
OneRepublic	I Ain't Worried	mNEUkkoUoIA	high	search	95	155	OneRepublic	OneRepublic - I Ain’t Worried (From “Top Gun: Maverick”) [Official Music Video]	W97Sv-SHnDU 84 OneRepublic: OneRepublic - I Ain’t Worried (From “Top Gun: Maverick”) [Lyric Video] | VxZtzIhEUJQ 53 OneRepublic: OneRepublic - I Ain’t Worried (Live from the 2022 MTV EMA’s) | 42oK5vjD2UU 46 Creative Chaos: OneRepublic - I Ain't Worried (Lyrics)
OneRepublic	I Ain't Worried (Clean Version)	mNEUkkoUoIA	high	search	95	155	OneRepublic	OneRepublic - I Ain’t Worried (From “Top Gun: Maverick”) [Official Music Video]	W97Sv-SHnDU 84 OneRepublic: OneRepublic - I Ain’t Worried (From “Top Gun: Maverick”) [Lyric Video] | VxZtzIhEUJQ 53 OneRepublic: OneRepublic - I Ain’t Worried (Live from the 2022 MTV EMA’s) | 42oK5vjD2UU 46 Creative Chaos: OneRepublic - I Ain't Worried (Lyrics)
OneRepublic	I Lived	z0rxydSolwU	high	search	95	340	OneRepublic	OneRepublic - I Lived (Official Music Video)	pKt3o7WPYdo 85 OneRepublic: OneRepublic - I Lived (Audio) | 3MBLc-quol0 83 OneRepublic: OneRepublic - I Lived (One Night in Malibu) | k-SGMoDhrlM 41 Pillow: I Lived - OneRepublic (Lyrics) 🎵
OneRepublic	Love Runs Out	0OWj0CiM8WU	high	search	87	229	OneRepublic	OneRepublic - Love Runs Out	m-j-n-XJ-Tg 86 OneRepublic: OneRepublic - Love Runs Out (Lyric Video) | Cp92QUFmoos 84 OneRepublic: OneRepublic - Love Runs Out (One Night in Malibu) | sE5WscjdNZs 83 OneRepublic: OneRepublic - Love Runs Out (Audio)
OneRepublic	Nobody (from Kaiju No. 8)	ztROkFCJSeE	high	search	94	154	OneRepublic	OneRepublic - Nobody (from Kaiju No. 8) [Official Music Video]	ChukpOHfAI8 87 OneRepublic: OneRepublic - Nobody (from Kaiju No. 8) [Official Lyric Video] | 1LEDt3DCpRs 76 OneRepublic: Nobody (Kaiju No. 8 End Title Version) | aiCMXJ4zKWA 45 TOHO animation チャンネル: “Kaiju No. 8” Ending Theme Animation ／ 'Nobody' by OneRepublic
OneRepublic	Rescue Me	Nym5stAJAt8	high	search	87	209	OneRepublic	OneRepublic - Rescue Me	HJvWo8xtwjE 83 OneRepublic: OneRepublic - Rescue Me (One Night in Malibu) | a8Ek2ROaQt4 48 Simoncat67: OneRepublic - Rescue Me (Official Video) UHD 4K | CLkvaw099AA 46 Unique Sound: OneRepublic - Rescue Me (Lyrics)
OneRepublic	RUNAWAY	qWJU_eANW4M	high	search	95	209	OneRepublic	OneRepublic - RUNAWAY (Official Music Video)	iG5RPATi_wg 86 OneRepublic: OneRepublic - RUNAWAY (Official Lyric Video) | k9TGGKQ0sEU 51 OneRepublic: OneRepublic - RUNAWAY (Acoustic) [Official Audio] | htExqED5UQc 45 Creative Chaos: OneRepublic - RUNAWAY (Lyrics)
OneRepublic	Someday	vNfgVjZF8_4	high	search	95	192	OneRepublic	OneRepublic - Someday (Official Music Video)	pt2vZf5J5as 85 OneRepublic: OneRepublic - Someday (One Night in Malibu) | 5CltB_c7amA 52 OneRepublic: OneRepublic - Someday (Acoustic) [Official Audio] | rNbCdbWfeIs 46 Creative Chaos: OneRepublic - Someday (Lyrics)
OneRepublic	Sunshine	Jbch_x5132o	high	search	95	164	OneRepublic	OneRepublic - Sunshine (Official Audio)	rYkK4HHTBQ4 86 OneRepublic: OneRepublic - Sunshine (Official Lyric Video) | H2snroGWTmU 54 OneRepublic: OneRepublic - Sunshine (Live from Colorado Springs) | Kltw7Vrqrdc 45 7clouds: OneRepublic - Sunshine (Lyrics)
OneRepublic	West Coast	QBPE2fZsVYU	high	search	95	202	OneRepublic	OneRepublic - West Coast (Official Music Video)	caR4Ot8KAHs 83 OneRepublic: OneRepublic - West Coast (The Late Late Show With James Corden) | sv83C4hRuJg 53 OneRepublic: OneRepublic - West Coast (Live From The Today Show) | L2dC4KxQdog 46 AweLyrics: OneRepublic - West Coast (Lyrics)
Only The Poets	Emotionally Hungover	CgQSS4aTAZY	high	search	87	167	only the poets	Only The Poets - Emotionally Hungover	rPsa1d8BIqo 68 only the poets: Only The Poets - Emotionally Hungover (Behind The Scenes) | cCwDkesk44k 41 Pop Station: Only The Poets - Emotionally Hungover | oRX9E-Q9yjE 39 Gio Games: Only The Poets - Emotionally Hungover (Legendado/Tradução)
Orianthi	According To You	Pu1aQvm5MrU	low	search	64	201	OfficialOrianthi	Orianthi - According To You	wZOQVbNjUVM 41 YoureMyEverything94: Orianthi According To You Lyrics | RSb8FEu52A0 40 appledisciple: Orianthi American Idol Performance - According to You | FvQEvTvXFiU 39 G: Orianthi   According To You
Orla Gartland	Late To The Party (feat. Declan McKenna)	MewlsAFfD-k	high	search	87	267	Orla Gartland	Orla Gartland - Late to The Party ft. Declan McKenna	u_ob_N29rDE 55 Orla Gartland: Orla Gartland - Late To The Party (Live at Middle Farm Studios) | isU7bAmxOzg 46 David Dean Burkhart: Orla Gartland - Late To The Party (feat. Declan McKenna) | 88VGK-Cl3aE 39 killlercherry: Orla Gartland - Late To The Party (feat. Declan McKenna)
Orleans	Still The One	pvUjhYnCiIk	high	search	85	233	Orleans - Topic	Still the One	RqjgLF3e-f0 56 OrleansOnline: Still The One - 1976 Netherlands TV | S5aMMRes2u4 46 Rewind Music Group: Orleans - Still The One (Lyrics) | cnD_3x_sq94 44 RHINO: Orleans - Still the One | Smooth Waters
Owl City	Good Time (feat Carly Rae Jepsen)	H7HmzwI67ec	high	search	87	208	Owl City	Owl City & Carly Rae Jepsen - Good Time	"7oBU7d5oenQ 86 Owl City: Owl City, Carly Rae Jepsen - Good Time (Lyric Video) | 7yeA2P1W9dg 46 604Records: Carly Rae Jepsen ""Good Time [With Owl City]"" (Official Audio) | cmLSizwDGj4 45 SuperbLyrics: Owl City & Carly Rae Jepsen - Good Time (Lyrics)"
Ozzy Osbourne	Crazy Train	FVovq9TGBw0	high	search	94	251	Ozzy Osbourne	"OZZY OSBOURNE - ""Crazy Train"" (Official Video)"	tMDFv5m18Pw 87 Ozzy Osbourne: Ozzy Osbourne - Crazy Train (Official Animated Video) | WsABCrGZN_Q 53 Ozzy Osbourne: Ozzy Osbourne - Crazy Train (Live & Loud) | Djrl6fu8myo 40 killler man: Ozzy Osbourne - Crazy Train [High Quality]
P!nk	Feel Good Time (feat. William Orbit)	AHrL46OeD5I	high	search	79	237	P!NK	Feel Good Time	qLMgsXh_xtE 41 rideablewitch: P!nk feat. William Orbit - Feel Good Time | 3c8bFCuVi9I 40 iVextor Ok: P!nk Feel Good time ft William Orbit | S7Vh7VSrCnI 40 Hey Mr. VJ!: P!nk, William Orbit - Feel Good Time (From 'Charlie's Angels Full Throttle') [4K Remastered]
P!nk	Get The Party Started	mW1dbiD_zDk	high	search	95	202	P!NK	P!nk - Get The Party Started (Official Video)	TteKPJ7VG48 53 P!NK: P!NK - Get the Party Started (from Live from Wembley Arena, London, England) ft. Redman | KRr5mj24RhM 46 Unique Sound: P!nk - Get The Party Started (Lyrics) | Hg-_uxD3H80 45 P!NK: Pink - Let's Get The Party Started (Live)
P!nk	Raise Your Glass	XjVNlG5cZyQ	high	search	95	203	P!NK	P!nk - Raise Your Glass (Official Video)	l2IkpeeIE4Y 85 P!NK: P!nk - Raise Your Glass | 3bjhsTAxwnk 75 P!NK: Raise Your Glass | 9EhuwHV4a6w 46 Unique Sound: P!nk - Raise Your Glass (Lyrics)
P!nk	Raise Your Glass (Clean Version)	XjVNlG5cZyQ	high	search	95	203	P!NK	P!nk - Raise Your Glass (Official Video)	l2IkpeeIE4Y 85 P!NK: P!nk - Raise Your Glass | 9EhuwHV4a6w 46 Unique Sound: P!nk - Raise Your Glass (Lyrics) | D_85svYieyM 44 7clouds: P!nk - Raise Your Glass (Lyrics)
P!nk	Trouble	mFu3YzRnyDU	high	search	95	236	P!NK	P!NK - Trouble (Official Video)	yg6PcLGUugA 53 P!NK: P!NK - Trouble (from Live from Wembley Arena, London, England) | jSANdLri80s 43 MusicCollection :D: P!nk - Trouble (Audio) HD | SfTmonBLiPw 39 muziekpownz: P!nk - Trouble
P!nk	TRUSTFALL	D2KE2a5qo0g	high	search	95	283	P!NK	P!NK - TRUSTFALL (Official Video)	K_MGWqsV7-k 85 P!NK: P!NK - TRUSTFALL (Audio) | lVXhFeUTVUA 54 P!NK: P!NK - TRUSTFALL (Live on The Graham Norton Show) ft. Yoann Bourgeois | BKR3vn9kKKA 46 7clouds: P!NK - TRUSTFALL (Lyrics)
P!nk	What About Us (Cash Cash Remix)	PoltQiXKtPo	high	search	79	234	P!NK	What About Us (Cash Cash Remix)	0BqTKQht-0g 55 P!NK: P!NK - Cash Cash Remix intro/What About Us (Live (Audio)) | tyDlYt9oWIE 41 soberwhat: P!nk - What About Us (Cash Cash Remix Music Video) | B1_se0IScG4 31 gaffeTV: Pink - What About Us (Cash Cash Remix)
P!nk	Who Knew	NJWIbIe0N90	high	search	95	213	P!NK	P!nk - Who Knew (Official Video)	_FJzj1ueJoM 54 P!NK: P!nk - Who Knew (Live at Sirius XM Radio - 7/9/2012) | Fpj_NZFzxJI 53 P!NK: P!nk - Who Knew (from Live from Wembley Arena, London, England) | tuyBCSYTs5A 41 Airwave Trends: P!nk - Who Knew (Lyrics)
P.M. Dawn	I'd Die Without You	GJMq2JO4px0	high	search	88	251	P.M. Dawn - Topic	I'd Die Without You	igbj7xdBKUE 85 P.M. Dawn - Topic: I'd Die Without You | jA8ya5CWdtc 52 RetroCrash: PM Dawn - I'd Die Without You (HD official video) | iy0mhJTsS3M 39 Natalie: P.M. Dawn - I'd Die Without You (Lyrics)
Paco Versailles	Past Life	P5IxPtBECfg	high	search	87	238	Paco Versailles	Paco Versailles - Past Life (Audio)	m3BJuQ1gKA4 29 Paco Versailles: Paco Versailles - Letras (Official Music Video) | o7DFQ2H76NU 27 Paco Versailles: Paco Versailles - Soy Gitano (Official Video) | 28g4bYDYhRY 26 Paco Versailles: Paco Versailles - Hasta Málaga (Official Video)
Paco Versailles	Unwind	dd4XCA2L5J8	high	search	95	216	Paco Versailles	Paco Versailles - Unwind (Official Audio)	vK8fVkdVsEM 61 Paco Versailles: Paco Versailles - Unwind (Live) - Official Audio | dDEIe9H4J0Q 56 Paco Versailles: Paco Versailles - Unwind (Live Performance) | kEG7jMti_Og 43 Paco Versailles: Paco Versailles - Unwind (Acoustic Version)
Paige King Johnson	Boots Under My Tree	fIQq04ulb2g	high	search	95	165	Paige King Johnson	"Paige King Johnson - ""Boots Under My Tree"" [Official Audio]"	"ZLw1gAaIEoo 41 Song Suffragettes: Paige King Johnson - ""Boots Under My Tree"" | eV8_J4HKaxM 28 Paige King Johnson: Paige King Johnson - ""I Get Old Too"" [Official Audio] | QOZDKlpybZE -22 KateBushMusic: Kate Bush - Army Dreamers - Official Music Video"
Panic! At the Disco	Hey Look Ma, I Made It	BzbxacRr5Gk	low	search	72	186	Fueled By Ramen and Panic! At The Disco	Panic! At The Disco: Hey Look Ma, I Made It [OFFICIAL VIDEO]	I5VtJwuNWGY 46 7clouds: Panic! At The Disco - Hey Look Ma, I Made It (Lyrics) | YeY2Ril8h6w 40 dash 20: Panic! At The Disco - Hey Look Ma I Made It on the BBMAs 2019 | AdMw9TQTVRM 39 PM Lyrics: Panic! At The Disco - Hey Look Ma, I Made It (Lyrics)
Panic! At the Disco	High Hopes	IPXIgEAGe4U	high	search	95	197	Panic! At The Disco	Panic! At The Disco - High Hopes (Official Video)	IOqJaaDikas 83 Panic! At The Disco: Panic! At The Disco - High Hopes (Behind The Scenes) | fH_OnJk6QqU 44 7clouds: Panic! At the Disco - High Hopes (Lyrics) | S7xDaNtj-oE 41 7clouds Indie: Panic! At the Disco - High Hopes (Lyrics)
Panic! At the Disco	High Hopes (Squeaky Clean)	IPXIgEAGe4U	high	search	95	197	Panic! At The Disco	Panic! At The Disco - High Hopes (Official Video)	fH_OnJk6QqU 44 7clouds: Panic! At the Disco - High Hopes (Lyrics) | S7xDaNtj-oE 41 7clouds Indie: Panic! At the Disco - High Hopes (Lyrics) | n3kDc9M2kqE 40 Music - Topic: Panic! At the Disco - High Hopes (Audio)
Panic! At the Disco	The Greatest Show	jpJ8CbrWX_Y	high	search	95	175	Panic! At The Disco	Panic! At The Disco - The Greatest Show (from The Greatest Showman: Reimagined) [Official Audio]	AuuK7CryxOE 46 Atlantic Records: Panic! At The Disco - The Greatest Show (Official Lyric Video) | NyVYXRD1Ans 43 Atlantic Records: The Greatest Showman Cast - The Greatest Show (Official Audio) | PLTozYCcrqA 9 Content Box: Panic! At The Disco - The Greatest Show (Live from The Pray For The Wicked Tour 2019) (PRO AU
Paolo Nutini	New Shoes	_CCQ7IiWZBg	high	search	84	209	Paolo Nutini	Paolo Nutini - New Shoes (US Version)	LaecIn0iLfU 50 Song des Tages: Paolo Nutini - New Shoes (Official Music Video) | zuzTHxOR4C0 41 lookslikeReturn: Paolo Nutini - New Shoes | DMQizJL-PzE 38 Nedulins: New Shoes- Paolo Nutini- Lyrics
Paramore	crushcrushcrush	ei8hPkyJ0bU	high	search	95	190	Paramore	Paramore: crushcrushcrush [OFFICIAL VIDEO]	0iJ9ikl99vA 53 Paramore: Paramore: crushcrushcrush (LIVE) | fGb3jh_G6i0 46 Sykes_14: Paramore - Crushcrushcrush (Official Audio) | nQEduoil5GQ 41 pumpkin queen: Paramore - crushcrushcrush (Audio)
Paramore	Rose-Colored Boy	cW5ueE2vUm0	high	search	95	281	Paramore	Paramore: Rose-Colored Boy [OFFICIAL VIDEO]	LV0GUsDTOss 76 Paramore: Rose-Colored Boy (Mix 2) | xQFI6vBjsdU 41 Sunset Sounds: Paramore - Rose-Colored Boy | Lyrics | M3Cqmt2IGX8 40 medioc0re: Paramore - Rose-Colored Boy
Paramore	Still Into You	OblL026SvD4	high	search	95	221	Paramore	Paramore: Still Into You [OFFICIAL VIDEO]	wrCxfWVuDXU 83 Paramore: Paramore - Still Into You (Studio Vocals) | w-eoczSgnPk 44 7clouds Rock: Paramore - Still into You (Lyrics) | 5z-lcBJK-FE 41 Sunset Sounds: Paramore - Still into You | Lyrics
Paramore	The Only Exception	-J7J_IWUhls	high	search	95	268	Paramore	Paramore: The Only Exception [OFFICIAL VIDEO]	G5vz7UcDm-g 45 YOUMUSIC: Paramore - The Only Exception (Audio) | nXjhSMWBE30 41 Sunset Sounds: Paramore - The Only Exception | Lyrics | nzs78ocaGPM 39 hayleywilliamsbrasil: Paramore - The Only Exception - NRK
Paramore	This Is Why	xIYJ7VaSxYY	high	search	95	238	Paramore	Paramore: This Is Why [OFFICIAL VIDEO]	dQIkpuvs1DY 46 Vibe Music: Paramore - This Is Why (Lyrics) | naygrknW6wc 45 The Tonight Show Starring Jimmy Fallon: Paramore: This Is Why | The Tonight Show Starring Jimmy Fallon | mxnksi-G0T0 38 FaceMyTweet: Paramore - This Is Why (Audio)
Parcels	Lightenup	JQz5l55qtsY	high	search	95	238	Parcels	Parcels - Lightenup (Official Music Video)	BBDwPuq-aWM 83 Parcels: Parcels - Lightenup (Lyric Video) | lCP2gqMj8YQ 54 Parcels: Parcels - Lightenup (Live from Hansa Studios, Berlin) | bJl-avjRgzU 46 COLORS: Parcels - Lightenup | A COLORS SHOW
Parcels	Overnight	BTdBc2Ba8ts	high	search	95	220	Parcels	Parcels ~ Overnight (Official Audio)	kIxFtDz_1hs 85 Parcels: Amazon Music presents: Parcels – Overnight | -y9rkNXBuhg 56 Parcels: Parcels - Overnight (Live from Hansa Studios, Berlin) | DmzaiknWu3g 39 7clouds Australia: Parcels - Overnight (Lyrics)
Parcels	Yougotmefeeling	_U6GlgthZmU	high	search	86	184	Parcels	Parcels - Yougotmefeeling (Lyric Video)	yJ9vpm73F8E 85 Parcels: Parcels - Yougotmefeeling | ro7riaheNR0 57 Parcels: Parcels - Yougotmefeeling (Live) | 2gS6AeSGWko 44 BBC Music: Parcels - yougotmefeeling | Glastonbury 2025
Parker McCollum	What Kinda Man	NB1e4a01PXU	high	search	95	328	Parker McCollum	Parker McCollum - What Kinda Man (Official Music Video)	Q23-D-V9V8c 94 Parker McCollum: Parker McCollum - What Kinda Man (Official Audio) | MtRkx8kzS7A 53 Parker McCollum: Parker McCollum - What Kinda Man (Live From People's Choice Country Awards) | CNErs_ip7EY 53 Parker McCollum: Parker McCollum - What Kinda Man (Live From The TODAY Show)
Parmalee	Cowgirl	uePqbxOAfI8	high	search	95	214	Parmalee	Parmalee - Cowgirl (Official Music Video)	OWBvlJGUO3U 93 Parmalee: Parmalee - Cowgirl (Official Audio) | BvgmYShnRD4 91 Parmalee: Parmalee - Cowgirl (Official Music Video) [Behind The Scenes] | 4WdhENeZ5O0 86 Parmalee: Parmalee - Cowgirl (Official Lyric Video)
Passion Pit	Carried Away	DiEwJTOderQ	high	search	95	242	Passion Pit	Passion Pit - Carried Away (Official Video)	KP0GP2oH5J8 85 Passion Pit: Passion Pit - Carried Away (VEVO Presents) | gZQ5aNrwYcM 41 music.mindfulness: Passion Pit - Carried Away | d-umLIzJMSE 39 theodore ruiz selegna: carried away - passion pit(extended)
Passion Pit	Take A Walk	dZX6Q-Bj_xg	high	search	95	251	Passion Pit	Passion Pit - Take a Walk (Official Video)	y6W0TzNxE2A 86 Passion Pit: Passion Pit - Take A Walk (Audio) | aXcnJEjHxBg 84 Passion Pit: Passion Pit - Take A Walk (VEVO Presents) | vZ9Quds5xIE 53 Passion Pit: Passion Pit - Take A Walk (Live on Letterman)
Pat Benatar	Love Is A Battlefield	IGVZOLV9SPo	low	search	55	318	Benatar Giraldo	Pat Benatar - Love Is A Battlefield (Official Music Video)	BEUnBEon9f4 41 Audioandlyrics: Pat Benatar - Love Is A Battlefield (Lyrics) | W2atsUmshc8 40 Iconic Music: Pat Benatar - Love Is A Battlefield (Radio Edit) (2005 Remastered) | vo6PgC0cP4c 37 Benatar Giraldo: Love Is A Battlefield
Pat Benatar	You Better Run	IvSbQB6-UdY	low	search	55	184	Benatar Giraldo	Pat Benatar - You Better Run (Official Music Video)	u9RkFrgsJTk 41 Oh my gosh itz Mico: Pat Benatar - You Better Run | UFAhl7geg8U 39 Benatar Giraldo: You Better Run (1999 Digital Remaster) | pmWyn8KLjVo 38 OldLyrics: Pat Benatar - You Better Run lyrics
Patrick Hernandez	Born To Be Alive	vb5a-GYty-o	high	search	77	189	Patrick Hernandez Official	Born to Be Alive (The Original)	9UaJAnnipkY 55 Club Music 80: Patrick Hernandez - Born to Be Alive - Official Video (Clip Officiel) | kl1LP81eSKY 41 discoreview: Born to be alive - Patrick Hernandez | JX5uY79gfSk 39 80's classics: Patrick Hernandez - Born to be Alive
Patrick Martin	Dandelion Eyes	fqQPDaRrIko	high	search	95	202	Patrick Martin	Patrick Martin - Dandelion Eyes (Official Music Video)	"_DU5XXf5qTo 46 Aquarius Music: Patrick Martin - Dandelion Eyes (Lyrics) | xuKo4NnbDEo 44 iHeartRadio: Patrick Martin Performs His New Single ""Dandelion Eyes"" | XkocR9Zc6k0 35 Patrick Martin: Dandelion Eyes (Acoustic)"
Patti Austin	For Once in My Life	E9j8vNxTEsA	high	manual	59	214	TheKoolkanadian	Patti Austin ~ For Once In My Life	E9j8vNxTEsA 42 TheKoolkanadian: Patti Austin ~ For Once In My Life | ASxHBLi29pU 41 DeeLoveMusic: For Once In My Life - Patti Austin | gpi1O0Su83E 39 Romantic Jazz & Pop Standards Channel: PATTI AUSTIN ~ TILL THERE WAS YOU /  FOR ONCE IN MY LIFE
Patti LaBelle	New Attitude	QWfZ5SZZ4xE	high	search	95	243	Patti LaBelle	Patti LaBelle - New Attitude (Official Music Video)	"dkV9GcR5EVc 43 CMT: Ledisi Performs ""New Attitude"" by Patti LaBelle | CMT Smashing Glass | gfcaF--N4IU 41 Andre Brown: Patti Labelle - New Attitude (1984) | on_GVvopu6w 40 Máté Farkas: Patti LaBelle - New Attitude"
Patti LaBelle	"Stir It Up (From ""Beverly Hills Cop"" Soundtrack)"	0ePwf8MuTtE	high	search	78	219	Patti LaBelle	"Stir It Up (From ""Beverly Hills Cop"" Soundtrack)"	"fGdUhosUwKc 77 Patti LaBelle: Stir It Up (From ""Beverly Hills Cop"" Soundtrack) | LII4KyyVegE 75 Patti LaBelle: Stir It Up (From ""Beverly Hills Cop"" Soundtrack) | xtOoeDPc9uI 42 DiscoBar80: Patti LaBelle - Stir It Up (1984) Beverly Hills﻿ Cop - Soundtrack"
Paul McCartney	Say Say Say	lheddfD-Jy4	high	search	87	296	PAUL McCARTNEY	Paul McCartney, Michael Jackson - Say Say Say	hu7hmBJLpkk 76 PAUL McCARTNEY: Say Say Say | 9qMT-fx6AOc 42 MusicClub80s: Paul McCartney & Michael Jackson - Say Say Say (Original 4K Video) | aLEhh_XpJ-0 41 Giraldi Media: Say Say Say by Paul McCartney and Michael Jackson
Paul McCartney And Wings	Jet	lZBkQmMOTpY	low	search	56	248	PAUL McCARTNEY	Paul McCartney, Wings - Jet (Audio)	"DsrMC1GE2Vk 52 PAUL McCARTNEY: Jet | M8V1nFCP058 41 NiteFox11: Paul McCartney & Wings- Jet | HFjTN11CnNY 39 Mr joe Lynch: Paul Mccartney & Wings ""Jet"" 1976"
Paul Russell	Lil Boo Thang (WM Clean)	5AgDZcM8In8	high	search	95	136	Paul Russell	Paul Russell - Lil Boo Thang (Official Video)	MoCaWpRAkVA 86 Paul Russell: Paul Russell - Lil Boo Thang (Lyric Video) | Mx6U_NoC7hw 53 Paul Russell: Paul Russell - Lil Boo Thang (Live on The Graham Norton Show) | l9KLZVs9_Ic 45 7clouds: Paul Russell - Lil Boo Thang (Lyrics)
Paul Simon	Late In The Evening	ilzvuie7Bks	high	search	95	245	Paul Simon	Paul Simon - Late in the Evening (Official Audio)	IIwi6DTP7pw 94 Paul Simon: Paul Simon - Late in the Evening (Official Video) | _K5qIA1IVIA 84 Paul Simon: Paul Simon - Late in the Evening (from The Concert in Hyde Park) | kQZLtSbq0yc 53 Paul Simon: Paul Simon - Late In The Evening (Live from Central Park, 1991)
Paul Simon	Loves Me Like A Rock	CjFzw8AxSBA	high	search	95	216	Paul Simon	Paul Simon - Loves Me Like a Rock (Official Audio)	JqAk3VAmTUs 76 Paul Simon: Loves Me Like A Rock | qA-yk4k14V0 43 Shout! Studios: Paul Simon & Stevie Wonder - Loves Me Like A Rock | 9i3JXGtC_os 41 fab70smusic: Paul Simon - Loves Me Like A Rock
Paula Abdul	Cold Hearted	o7aShcmEksw	high	search	87	276	Paula Abdul	Paula Abdul - Cold Hearted	"cfONd2itW9U 77 Paula Abdul: Cold Hearted (7"" Edit) | oYKMZUNHTAI 41 LiLsChOoLgUrL1980: Cold Hearted Lyrics // Paula Abdul | UPetkd0D_Hk 40 Un Tiempo Para Recordar HD: Paula Abdul - Coldhearted (Remastered) [HD]"
Paula Abdul	Forever Your Girl	0pyxKqdtrH8	high	search	95	271	Paula Abdul	Paula Abdul - Forever Your Girl (Official Music Video)	NAAVdUlnshA 78 Paula Abdul: Forever Your Girl | uOH4ySM0bG8 77 Paula Abdul: Forever Your Girl | 1wOpmVFgP-s 60 Paula Abdul Forever: Paula Abdul performs “Forever Your Girl” at the Apollo (1080p)
Paula Abdul	Opposites Attract	xweiQukBM_k	high	search	87	224	Paula Abdul	Paula Abdul, The Wild Pair - Opposites Attract	"9K1dgNcLBYE 78 Paula Abdul: Opposites Attract | LwHdTKcxaEc 77 Paula Abdul: Opposites Attract (7"" Edit) | VsZqEpHeW6s 62 Paula Abdul Forever: [Remastered 4K] Paula Abdul and James Corden -""Opposites Attract"" (The Late Late Sho"
Paula Abdul	The Promise Of A New Day	NzD6ORX2oU4	high	search	87	258	Paula Abdul	Paula Abdul - The Promise Of A New Day	"-wX6Pk6gcUU 78 Paula Abdul: The Promise Of A New Day (7"" Edit) | 0imu1J466NU 40 Life is Music: Paula Abdul - The Promise Of A New Day | 5p82Zf6utHQ 39 LiLsChOoLgUrL1980: The Promise Of A New Day Lyrics // Paula Abdul"
Paula Abdul	The Way That You Love Me	gW-QmAmq8G4	high	search	79	323	Paula Abdul	The Way That You Love Me	8UXoBZti-Nw 76 Paula Abdul: (It’s Just) The Way That You Love Me (Single Version) | 0XWCZrR8w_8 51 Enhanced Music Videos: Paula Abdul - The Way That You Love Me (Official Video), Full HD (Digitally Remast | Xqg82l8WniQ 40 Anthony Carter: Paula Abdul - (It's Just) The Way That You Love Me (Version 2/LP Edit) (1989) (Re-Release
Peggy Gou	(It Goes Like) Nanana - Edit	gEyJo5B0DL8	low	search	47	232	JXS_BP Official	Peggy Gou '[It Goes Like] Nanana (Edit)' Official Audio	eC4AHr1eOZ4 38 Hang Out : Peggy Gou - (It Goes Like) Nanana (Edit) | sCz5y84dwuA 30 Peggy Gou: Peggy Gou - (It Goes Like) Nanana - Official Video | tyd-Vs0MHH4 12 Peggy Gou: [It Goes Like] Nanana
Peggy Gou	Find The Way	iq0qGoIAPeQ	high	search	87	185	Peggy Gou	Peggy Gou - Find The Way | Coke Studio	wrR0AWZcwQk 86 Peggy Gou: Peggy Gou - Find the Way (Visualiser) | Ue86vSojmSA 45 David Dean Burkhart: Peggy Gou - Find The Way | -7wL_b_Prjk 40 Peggy Gou: Find The Way (Smokey Bubblin' B Remix - Edit)
Peggy Lee	Happy Holiday	KHwKShI7xI8	high	search	95	120	Peggy Lee	Peggy Lee - Happy Holiday (Official Video)	VHiFDmyC-kw 85 Peggy Lee: Peggy Lee - Happy Holiday (Audio) | ymJuv4_BTos 78 Peggy Lee: Happy Holiday | A1mwneR8plQ 78 Peggy Lee: Happy Holiday (Remastered 1997)
Penguin Prison	Show Me the Way	LSnGm_DCw6U	high	search	95	227	Penguin Prison	Penguin Prison - Show Me The Way (Official Video)	RAD9QbyTNnE 54 Penguin Prison: Penguin Prison - Show Me The Way (Live at The Independent) | xBO0wiLYEC0 40 Laura Aurelia: Penguin Prison - Show Me The Way (HQ) | RNzXx1Ik4-A 16 Audiotree: Penguin Prison - Show Me the Way | Audiotree Live
Pet Shop Boys	West End Girls	p3j2NYZ8FKs	high	search	97	235	Pet Shop Boys	Pet Shop Boys - West End Girls (Official Video) [HD REMASTERED]	oLTbWPYf2A4 83 Pet Shop Boys: Pet Shop Boys - West End Girls on Top Of The Pops 05/12/1985 | Y0KQNn3aL4Q 80 Pet Shop Boys: West End Girls (2018 Remaster) | U-5A2ypuSLw 78 Pet Shop Boys: West End Girls (2018 Remaster)
Peter Gabriel	Big Time	PBAl9cchQac	high	search	87	272	Peter Gabriel	Peter Gabriel - Big Time	wfCih9eF-aw 78 Peter Gabriel: Big Time | _vrqvTLz3kA 75 Peter Gabriel: Big Time (Extended Version) | coB4dRPO4NU 40 great80smusic: Peter Gabriel - Big Time (1986)
Peter Gabriel	In Your Eyes	kU8OJAOMbPg	high	search	87	332	Peter Gabriel	Peter Gabriel - In Your Eyes	SQ5ual6Jwp8 76 Peter Gabriel: In Your Eyes | evN6DIGPIJM 41 Peter Gabriel: Peter Gabriel - In Your Eyes (Secret World Live) | B3kFPBtc9BE 40 ThePinkFloyder: In Your Eyes - Peter Gabriel
Pharrell Williams	Doctor (Work It Out) (feat. Miley Cyrus)	hyo-mJUpiRM	high	search	86	183	Pharrell Williams	Pharrell Williams & Miley Cyrus - Doctor (Work It Out) (Official Lyric Video)	xWkqjXjD73E 55 Miley Cyrus: Pharrell Williams, Miley Cyrus - Doctor (Work It Out) (Official Video) | dOsLaveqAFg 47 JXS_BP Official: Pharrell Williams & Miley Cyrus - 'Doctor (Work It Out)' Official Audio | LrpzP4Nwowg 45 7clouds: Pharrell Williams, Miley Cyrus - Doctor (Work It Out) (Lyrics)
Pharrell Williams	Happy (Gru's Theme from Despicable Me 2)	ZbZSe6N_BXs	high	search	94	241	Pharrell Williams	Pharrell Williams - Happy (Official Video)	C7dPqrmDWxs 84 Pharrell Williams: Pharrell Williams - Happy (from Despicable Me 2) [Ballroom Version] | XQG89cwhmJU 47 Illumination: Despicable Me 2 | Happy Lyric Video by Pharrell Williams | Illumination | mCX7c1iJN8o 38 FM Tender: Happy [From Despicable Me 2] - Pharrell Williams (Lyrics)
Phil Collins	Don't Lose My Number	B7Z-eUmR2bM	high	search	96	372	Phil Collins	Phil Collins - Don't Lose My Number (Official Music Video) [HD Upgrade]	cG9Ei-HyymE 89 Phil Collins: Phil Collins - Don't Lose My Number (2016 Remaster) | eGhrXmNr0HU 86 Phil Collins Music: Phil Collins - Don't Lose My Number [Audio HQ] HD | SViKqdralYM 53 Phil Collins: Phil Collins - Don't Lose My Number (Seriously Live in Berlin 1990)
Phil Collins	Sussudio	r0qBaBb1Y-U	high	search	97	318	Phil Collins	Phil Collins - Sussudio (Official Music Video) [HD Upgrade]	1wv4yTSFlHI 88 Phil Collins: Phil Collins - Sussudio (2016 Remaster) | sny3wSsJIoY 87 Phil Collins Music: Phil Collins - Sussudio [Audio HQ] HD | TqdHjmbHwBs 40 Song Lyrics HD: Phil Collins - Sussudio (Lyrics HD)
Phil Collins	You Can't Hurry Love	C9IwBJYTwQ0	high	search	95	172	Phil Collins	Phil Collins - You Can't Hurry Love (Official Music Video)	iBVGwHFT144 88 Phil Collins Music: Phil Collins - You Can't Hurry Love [Audio HQ] HD | oXSn_N2jmBs 85 Phil Collins: Phil Collins - You Can't Hurry Love (2016 Remaster) | h3-ZBMjTM5A 84 Phil Collins: Phil Collins - You Can't Hurry Love (Official lyric video)
Phoebe Bridgers	Kyoto	Tw0zYd0eIlk	high	search	95	184	Phoebe Bridgers	Phoebe Bridgers - Kyoto (Official Video)	hzpr3G19MCQ 93 Phoebe Bridgers: Phoebe Bridgers - Kyoto (Copycat Killer Version) (Official Video) | VVLch5PXPmo 86 Phoebe Bridgers: Phoebe Bridgers - Kyoto (SNL Performance) | 2nuQJRvkxgo 83 Phoebe Bridgers: Phoebe Bridgers - Kyoto (Stephen Colbert Late Show)
Phoenix	After Midnight	kVsgdURODeg	low	search	72	189	welovephoenix	Phoenix - After Midnight (Official Video)	o_xOHvFbkl0 71 welovephoenix: Phoenix - After Midnight (Official Audio) | hLa47HnN_PA 62 welovephoenix: Phoenix - After Midnight (feat. Clairo) [Official Lyric Video] | CwGGJLLtdYM 52 welovephoenix: After Midnight (feat. Clairo)
Phoenix	Lasso	emad0Z-yAbw	low	search	42	170	Kad Laser	Phoenix - Lasso	FUyJIyKwnJg 40 Nameless: Phoenix - Lasso (Lyrics) | NaMFYPiuoqs 39 NakedBabiesProd: Lasso - Phoenix Music Video | JTUI8Sw2xlo 38 feels_mov: Phoenix - Lasso (Lyrics).mov
Phoenix	Lisztomania	4BJDNw7o6so	low	search	72	207	welovephoenix	Phoenix - Lisztomania (Official Video)	uF3reVVUbio 41 Jamzar1000: Phoenix - Lisztomania | 8h0SsZofALM 40 7clouds Indie: Phoenix - Lisztomania (Lyrics) | -_JWCMA1ad4 10 Luis Reyes: Phoenix - Lisztomania (Live Glastonbury 2010) (High Definition) (HD)
Phoenix	Tonight (Feat. Ezra Koenig)	FxTCTAnTP6Q	low	search	72	247	welovephoenix	Phoenix - Tonight featuring Ezra Koenig (Official Video)	ZhApEJGdldY 45 David Dean Burkhart: Phoenix - Tonight (feat. Ezra Koenig) | 55aHpoV1LGQ 43 BBC Music: Phoenix - Tonight (Later with Jools Holland) | 1nFL1cLm2wQ 41 favelamarek: Tonight - Phoenix (ft. Ezra Koenig) (FIFA 23 Official Soundtrack)
PinkPantheress	Boy's a liar	oftolPu9qp4	high	search	95	136	Pinkpantheress	PinkPantheress, Ice Spice - Boy’s a liar Pt. 2 (Official Video)	U_hj-wT3biU 94 Pinkpantheress: PinkPantheress - Boy's a liar (Official Audio) | y9YruhZoZ6o 83 Pinkpantheress: PinkPantheress - Boy's a liar (Official Visualiser) | TUx5IfCc9tA 76 Pinkpantheress: Boy's a Liar
PinkPantheress	Illegal	TFWXqLSr4ZM	high	search	95	153	Pinkpantheress	PinkPantheress - Illegal (Official Video)	"nac6B__nFl0 94 Pinkpantheress: PinkPantheress - Illegal (Official Audio) | KcV3RByF7tQ 83 Pinkpantheress: PinkPantheress - Illegal (Official Lyric Video) | ZP7EtjwlQXo 44 Rap Samurai: PinkPantheress - Illegal (Lyrics) ""my name is pink and i'm really glad to meet you"""
PinkPantheress	Stateside	1O-tCjveBho	high	search	93	169	Pinkpantheress	PinkPantheress - Stateside (Official Audio)	hEQwWKj8Sns 91 Pinkpantheress: PinkPantheress - Stateside + Zara Larsson (Official Audio) | vQ-a4VkeMZE 83 Pinkpantheress: PinkPantheress - Stateside (American Version) | lIxQe1R5hs0 72 Pinkpantheress and Zara Larsson: PinkPantheress - Stateside + Zara Larsson (Official Video)
PinkPantheress	Stateside + Zara Larsson	hEQwWKj8Sns	high	search	94	177	Pinkpantheress	PinkPantheress - Stateside + Zara Larsson (Official Audio)	lIxQe1R5hs0 72 Pinkpantheress and Zara Larsson: PinkPantheress - Stateside + Zara Larsson (Official Video) | 8aMYha7xe8Q 40 LatinHype: PinkPantheress - Stateside + Zara Larsson | Qhd6q7pH30o 38 Creative Chaos and 3 more: PinkPantheress - Stateside + Zara Larsson (Lyrics)
Pitbull	2 The Moon (Feat. Ne-Yo, Afrojack)	Oq76FkBpgHE	high	search	95	201	Pitbull	Pitbull x NE-YO x AFROJACK  ft. DJ Buddha  - 2 The Moon (Official Audio)	wW0DhAntU8k 86 Pitbull: Pitbull x NE-YO x AFROJACK ft. DJ Buddha  - 2 The Moon (Visualizer) | eJopjbKsljo 85 Pitbull: Pitbull x Ne-Yo x Afrojack ft. DJ Buddha  - 2 The Moon (Lyric Video) | IZA3JYk1DSE 38 Rock G Ten: Pitbull x NE-Yo x AFROJACK ft DJ Buddha - 2 The Moon
Pitbull	Can't Stop Us Now (Feat. Zac Brown)	2Uo26rM7vtk	high	search	95	223	Pitbull	Pitbull, Zac Brown - Can't Stop Us Now (Official Video)	hyG-1PGfU8A 86 Pitbull: Pitbull x Zac Brown - Can't Stop Us Now (Lyric Video) | KpuUKgOw92Y 39 Remix Kingdom: Pitbull x Zac Brown - Can’t Stop Us Now (Lyric Video) | o39IvWa7yMI 38 Black Screen Music: Can't Stop Us Now - Pitbull x Zac Brown
Pitbull	Feel This Moment (feat. Christina Aguilera) (Clean Version)	5jlI4uzZGjU	high	search	95	230	Pitbull	Pitbull - Feel This Moment (Official Video) ft. Christina Aguilera	1-fCTnIdHK8 83 Pitbull: Pitbull - Feel This Moment (Lyric Video) ft. Christina Aguilera | PdDDkTEsFdA 46 7clouds: Pitbull - Feel This Moment (Lyrics) ft. Christina Aguilera | av5Q8CYFups 43 Vibe Music: Pitbull - Feel This Moment (Lyrics) ft. Christina Aguilera
Pitbull	Now Or Never (Feat. Bon Jovi)	5tit_16Jha0	high	search	87	197	Pitbull	Pitbull x Bon Jovi - Now or Never (Music Video)	HBGAS6_IKPI 86 Pitbull: Pitbull x Bon Jovi - Now or Never (Official Lyric Video) | 13So29H5JSA 40 LyricEarl: Pitbull & Bon Jovi - Now or Never [Lyrics] | _j__devTj3k 38 BacK2bACk: Pitbull x Bon Jovi-Now Or Never (B2B Ext. Barbangerz & Original Edit)
Poison	Nothin' But A Good Time	_88L-CU7PD4	high	search	87	279	Poison	Poison - Nothin' But A Good Time	71Tzgyvjto0 79 Poison: Nothin' But A Good Time (Remastered 1996) | YDg5vosBp9A 77 Poison: Nothin' But A Good Time (Remastered 2006) | kSzr1koJDIw 41 OfficialRockMusic: Nothin' But A Good Time- Poison
Porter Robinson & Madeon	Shelter	fzQ6gRAEoy0	low	search	72	367	Porter Robinson	Porter Robinson & Madeon - Shelter (Official Video) (Short Film with A-1 Pictures & Crunchyroll)	HQnC1UHBvWA 71 Madeon: Porter Robinson & Madeon - Shelter (Official Audio) | JvTYQkgaHSo 43 Proximity: Porter Robinson & Madeon - Shelter (Official Piano Version) | JbrIpDlc9Ps 39 MonsterLyrics: [LYRICS] Porter Robinson & Madeon - Shelter
Portugal. The Man	Feel It Still	pBkHHoOIIn8	high	search	95	171	Portugal. The Man	Portugal. The Man - Feel It Still (Official Music Video)	F09POwrBn-M 55 Portugal. The Man: Portugal. The Man - Feel It Still [Live/Stripped Session] | UQHSK-kgONk 53 Portugal. The Man: Portugal. The Man - Feel It Still (American Music Awards 2017) [Live] | _WeAbbw8y08 46 cold boy.: Portugal. The Man - Feel It Still (Lyrics)
Portugal. The Man	What, Me Worry?	FUBRjHDnzE8	high	search	95	183	Portugal. The Man	Portugal. The Man - What, Me Worry? (Official Music Video)	5jM9T7YMb2k 86 Portugal. The Man: Portugal. The Man - What, Me Worry? (Official Lyric Video) | GKAWXb18mVU 83 Portugal. The Man: Portugal. The Man - What, Me Worry? (Cat Video) | J76TI-LfyOw 83 Portugal. The Man: Portugal. The Man - What, Me Worry? (John Gourley Illustration Video)
Post Malone	Pour Me A Drink	RoeXmaSE7Lo	high	search	95	196	Post Malone	Post Malone ft. Blake Shelton - Pour Me A Drink (Official Video) ft. Blake Shelton	QL4-aYxCVAI 83 Post Malone: Post Malone - Pour Me A Drink (Lyric Video) ft. Blake Shelton | wPf4nqZZPCo 46 Pizza Music: Post Malone & Blake Shelton - Pour Me A Drink (Lyrics) | yBvr3Vwrr6k 40 You Heard It Here First (YHIHF): Post Malone - Pour Me A Drink feat. Blake Shelton
Post Malone	Pour Me A Drink (Feat. Blake Shelton)	RoeXmaSE7Lo	high	search	95	196	Post Malone	Post Malone ft. Blake Shelton - Pour Me A Drink (Official Video) ft. Blake Shelton	QL4-aYxCVAI 84 Post Malone: Post Malone - Pour Me A Drink (Lyric Video) ft. Blake Shelton | wPf4nqZZPCo 45 Pizza Music: Post Malone & Blake Shelton - Pour Me A Drink (Lyrics) | yBvr3Vwrr6k 38 You Heard It Here First (YHIHF): Post Malone - Pour Me A Drink feat. Blake Shelton
Pretty Poison	Catch Me I'm Falling	kssol0leTWA	high	search	88	296	Pretty Poison - Topic	Catch Me (I'm Falling)	qNQUhqFZ3h8 44 Stavros M: PRETTY POISON - Catch Me I'm Falling / / HD--16:9 / / | ulKe5ayaF20 42 Josi El Dj: Videoclips Remasterizados En HD: Pretty Poison - Catch Me I'm Falling (HD Remaster) | 7F9dsPGsznU 38 EricSkott: Catch Me (I'm Falling) by Pretty Poison (Hiding Out Soundtrack)
Prince	1999	rblt2EtFfC4	high	search	95	226	Prince	Prince - 1999 (Official Video)	UWC4X_rTRsA 80 Prince: 1999 (2019 Remaster) | y65kOqNpt3Y 53 Prince: Prince, Prince and The Revolution - 1999 (Live in Syracuse, NY, 3/30/85) | EMDa1D3MBzk 39 Music: Prince - 1999
Prince	I Wanna Be Your Lover	Rp8WL621uGM	high	search	95	178	Prince	Prince - I Wanna Be Your Lover (Official Video)	nzbOY4mGIug 78 Prince: I Wanna Be Your Lover | Zi9nlmMA12Y 44 The Midnight Special: I Wanna Be Your Lover - Prince | The Midnight Special | YPCOQslGx-I 40 Jorge Audisio: Prince - I wanna be your lover
Prince	I Would Die 4 U	iGCIdHrRXW0	high	search	79	170	Prince	I Would Die 4 U	no42p04dIxo 77 Prince: I Would Die 4 U (2015 Paisley Park Remaster) | rjspOZHIRE4 76 Prince: I Would Die 4 U | SVEFRQavTNI 64 Prince: Prince - I Would Die 4 U (Live 1984) [Official Video]
Prince	Pop Life	cT2FUa5Lk5M	high	search	87	224	Prince	Prince, Prince and The Revolution - Pop Life (Official Animated Video)	A7pGGOeA7DM 80 Prince: Pop Life (2025 Remaster) | 12eAFK5QPhg 62 Prince: Pop Life (Extended Version) | f9v9l3g77zk 54 Prince: Prince - Pop Life (Live At The Aladdin, Las Vegas, 12/15/2002)
Prince	Raspberry Beret	l7vRSu_wsNc	high	search	89	261	Prince	Prince and the Revolution - Raspberry Beret (Official 4K Music Video)	"7rlK4CD60ZY 79 Prince: Raspberry Beret (2025 Remaster) | 7vXJcdTX_CA 76 Prince: Raspberry Beret (Extended 12"" Version) | nWXOvGwJt7s 46 Bad Boy Edd: Prince & The Revolution - Raspberry Beret [Official Music Video]"
Prince	When Doves Cry	UG3VcCAlUgE	high	search	95	225	Prince	Prince and the Revolution - When Doves Cry (Official Music Video)	IUc0R8bbWQE 93 Prince: Prince and the Revolution - When Doves Cry (Extended Version) (Official Music Video) | r7mlGhIe4Wc 83 Prince: Prince & The Revolution - When Doves Cry | Izx6DQUrsag 78 Prince: When Doves Cry
Prince & The Revolution	I Would Die 4 U	WAG_0MjW0z0	low	search	63	170	Prince	Prince & The Revolution - I Would Die 4 U	iGCIdHrRXW0 56 Prince: I Would Die 4 U | rjspOZHIRE4 52 Prince: I Would Die 4 U | dUgHay3tdZU 32 Jose Antonio Abellán: 055 Prince   I Would Die 4 U
Prince & The Revolution	Let's Go Crazy	aXJhDltzYVQ	low	search	72	244	Prince	Prince and the Revolution - Let's Go Crazy (Official Music Video)	WGtCC7bUkIw 55 Prince: Let's Go Crazy | 5nexP9THINM 49 Enhanced Music Videos: Prince & The Revolution - Let's Go Crazy (Official Video), HD (Digitally Remastere | CSo-vIqeVQk 38 Helfmadian: Prince & The Revolution - Let's Go Crazy (Lyrics) - Audio at 192khz
Pure Prairie League	Amie	KLuCKpGhGDs	high	search	88	261	Pure Prairie League - Topic	Amie	tw5J7VEHkwo 40 Where can you find it but here?: Pure Prairie League ~ Amie (Austin City Limits) 1978 | Tu8v0aGOONA 39 gibsg62: Pure Prairie League-Falling In And Out Of Love-Amie | DfllYvdH1qY 38 Joanne Cooper Play Along Videos: Amie by Pure Prairie League play along with scrolling guitar chords and 
Purity Ring	imanocean	k6qyqgBqsg4	high	search	95	218	Purity Ring	purity ring - imanocean (official audio	tjWuQ2dO-qM 94 Purity Ring: purity ring - imanocean (official music video) | IVfbyPsim1I 40 LostInWax: Purity Ring - imanocean - Washington, DC - 10/29/25 #purityring @purityring  | 3rrj0mxfqzc 39 Trending Now Lyrics: Purity Ring - imanocean (Lyrics)
Purple Disco Machine	Dopamine (feat. Eyelar)	EGGXBbst5Lo	high	search	95	238	Purple Disco Machine	Purple Disco Machine - Dopamine (Official Music Video) ft. Eyelar	5UI2Tz-EiQM 86 Purple Disco Machine: Purple Disco Machine - Dopamine [Extended Mix] ft. Eyelar | XPFhoL59pB8 83 Purple Disco Machine: Purple Disco Machine - Dopamine (Dance Routine) ft. Eyelar | 7PNNOYHKznI 48 Fresh Finds: Purple Disco Machine feat. Eyelar - Dopamine (Official Audio)
Quad City DJ's	C'Mon N Ride It (The Train)	3Awey7AbXT0	high	search	89	452	Quad City DJ's - Topic	C'mon N' Ride It (The Train)	LNxA_iAn1iI 87 Quad City DJ's - Topic: C'mon N' Ride It (The Train) [Radio Mix] | RVGTajVvH34 85 Quad City DJ's - Topic: C'mon N' Ride It (The Train) [Club Mix] | cPz16LHTtpo 41 StitchVideoz-2-Productions: Quad City DJ’s – C’mon N’ Ride It – Music Video
Queen	Crazy Little Thing Called Love	zO6D_BAuYCI	high	search	95	175	Queen Official	Queen - Crazy Little Thing Called Love (Official Video)	LV4gSOMVbT8 57 This Is Queen: Crazy Little Thing Called Love (Remastered 2011) | N0Vo5x-AoE4 40 Young Pilgrim Music: Queen - Crazy Little Thing Called Love (Lyrics) | O_rbI1UAg1A 38 AzzholeDoucheBag: Queen - Crazy Little Thing Called Love
Queen	Don't Stop Me Now	HgzGwKwLmgM	high	search	95	212	Queen Official	Queen - Don't Stop Me Now (Official Video)	MHi9mKq0slA 86 Queen Official: Queen - Don't Stop Me Now (Official Lyric Video) | aJez0ljzSQw 83 Queen Official: Queen – Don’t Stop Me Now (Official Lyric Video) | R8xYWbRNzyA 54 This Is Queen: Don't Stop Me Now (Remastered 2011)
Queens of the Stone Age	Go With The Flow	DcHKOC64KnE	high	search	95	192	Queens Of The Stone Age	Queens Of The Stone Age - Go With The Flow (Official Music Video)	EU86IO-jhtY 43 CFOXVideos: Queens Of The Stone Age - Go With the Flow (Fox Uninvited Guest) | Iw1Fm61HBA8 41 0foofighter0: Queens of the Stone Age - Go With The Flow | SZQEuFStf3U 40 That One What Ever I Want Uploader: Queens Of The Stone Age - Go With The Flow
R.E.M.	Radio Free Europe	njoIPDlA7gs	low	search	65	246	remhq	Radio Free Europe (Remastered 2006)	Ac0oaXhz1u8 64 remhq: R.E.M. - Radio Free Europe | hqqxtKaCjxQ 63 remhq: Radio Free Europe (Remastered 2006) | MKVyCjit1AE 38 a9-9production: R.E.M.  Radio Free Europe video original version
R.E.M.	Shiny Happy People	YYOKMUTTDdA	low	search	72	238	remhq	R.E.M. - Shiny Happy People (Official Music Video)	HEeucik5Zr4 54 remhq: Shiny Happy People | JpOQoLZQUPc 41 Trixpins: R.E.M - Shiny Happy People | f7QgsixRWNw 39 heidigretel: REM - Shiny Happy People Rehearsal # 2 - 1991
Ramones	Blitzkrieg Bop	268C3N2dDYk	high	search	94	116	Ramones	Ramones - Blitzkrieg Bop (Official Music Video)	skdE0KAFCEA 81 Ramones: Blitzkrieg Bop (2016 Remaster) | NQDPx_k66w4 76 Ramones: Blitzkrieg Bop | f0lcans7l5I 40 Stotinkica: THE RAMONES - Blitzkrieg Bop
Ramones	I Wanna Be Sedated	bm51ihfi1p4	high	search	95	152	Ramones	Ramones - I Wanna Be Sedated (Official Music Video)	"Y0L0jVe0duc 83 Ramones: Ramones - ""I Wanna Be Sedated"" - Road to Ruin | V4RQsPECTdM 78 Ramones: I Wanna Be Sedated | l0usV_kf-Zc 77 Ramones: I Wanna Be Sedated"
Rancid	Ruby Soho	GeFr4_CADp4	low	search	64	172	Rancid and Epitaph Records	Rancid - 'Ruby Soho' (Music Video)	U7Fz4rbhPD4 40 Soul of Music: Rancid - Ruby Soho | T56TW_YyTZo 38 slofinger: Rancid - Ruby Soho | H5VSG5AIK-I 38 Kep Mersens: Rancid – Ruby Soho
Rascal Flatts	Fast Cars And Freedom	kwvVizPe8R0	high	search	84	260	Rascal Flatts	Rascal Flatts, Jason Aldean - Fast Cars And Freedom (Audio)	Ipygbwsv-rc 79 Rascal Flatts: Fast Cars And Freedom | unk5_GltMrA 77 Rascal Flatts: Fast Cars And Freedom | vO9FNN1JnQg 77 Rascal Flatts: Fast Cars And Freedom (2008 Remaster)
Rascal Flatts	I Dare You (feat. Jonas Brothers)	a17VQ7gFPDs	high	search	87	234	Rascal Flatts	Rascal Flatts, Jonas Brothers - I Dare You (Lyric Video)	WH35R2u-Zzo 41 Country Vibes: Rascal Flatts, Jonas Brothers - I Dare You (Lyrics) | zXcOrP5SwlM 40 The Sly-Fox Mindset: I Dare You – Rascal Flatts & Jonas Brothers (Videoclip) | KAKo0jVfWLM 38 iHeartCountry: Rascal Flatts On Their New Single “I Dare You” Ft. The Jonas Brothers & Their Favorite Cou
Rascal Flatts	Life is a Highway	5tXh_MfrMe0	high	search	95	299	Rascal Flatts	"Rascal Flatts - Life Is a Highway (From ""Cars""/Official Video)"	RCMojvAuZ6M 54 Rascal Flatts: Rascal Flatts - Life Is A Highway (Live at CMA Fest 2025) | usyK2i1F1QI 53 Rascal Flatts: Rascal Flatts - Life Is A Highway (Live On Letterman: Rascal Flatts) | 2FX5DKRt2xg 41 Young Pilgrim Music: Rascal Flatts - Life Is A Highway (Lyrics)
Ray Parker Jr.	The Other Woman	2x0TjpHfVzI	high	search	88	246	Ray Parker Jr. - Topic	The Other Woman (Single Version)	qeIJWUlUM5Q 86 Ray Parker Jr. - Topic: The Other Woman (Extended Version) | 8fCipql58x0 55 RayParkerJuniorVEVO: Ray Parker Jr. - The Other Woman (Official Video) | u6nStuyGh8w 40 Ahmed Essa: Ray Parker Jr - The Other Woman
Raye	Fly Me to the Moon	fCMHa0J8eBk	high	search	79	192	RAYE	Fly Me to the Moon	tVFejO3zK1c 61 RAYEscapism.: RAYE - Fly Me to the Moon (Audio) | fdMG-f0CUbk 43 Sony Pictures Entertainment: FLY ME TO THE MOON – RAYE Lyric Video | ng1CCYA4yeA 40 ShakyShorty: Raye - Fly Me To The Moon (Toronto 2026)
Ready For The World	Oh Sheila	wbL2lMn34Oo	high	search	100	228	ReadyForTheWorldVEVO	Ready For The World - Oh Sheila (Official Music Video)	0O_A74tGojw 88 Ready For The World - Topic: Oh Sheila | excjFCPOS7Y 40 The Vintage Soul Machine: Oh Sheila - Ready For The World - 1985 | -yYz2e879Nw 39 SOS_FM: READY FOR THE WORLD - Oh Sheila (Extended Version) HQ
Real McCoy	Another Night	Pav2f4b-1ZE	high	search	87	239	Real McCoy	Real McCoy - Another Night (Videoclip)	o6V7sQnDb2k 83 Real McCoy: Real McCoy - Another Night (Top Of The Pops, 10.11.1994) | OqYG87oxlGo 78 Real McCoy: Another Night | jz6DqMVhYQw 75 Real McCoy: Another Night
Real McCoy	Run Away	_dx0qWHL7dc	high	search	84	259	Real McCoy	Real McCoy • Run Away (US Version)	arHdOFutc-0 79 Real McCoy: Run Away (Single Version) | puR8F4I6E6E 41 EURODANCE HD Clips: M.C. Sar & The Real McCoy - Run Away (US Version Unreleased) (1994) (VHSrip) | kH1fsKK85Qo 40 Ricardo BP: Real McCoy   Runaway
Reba McEntire	Run Run Rudolph	kfpdmmdWHk8	high	search	95	186	Reba McEntire	Reba McEntire - Run Run Rudolph (Official Audio)	asix8Thdl9Q 38 World Wave: Reba McEntire – Run Run Rudolph | Country Christmas Classic 🎄🤠 | qjLMwYidnhc 32 Blues Jam São Paulo: Run Run Rudolph Brad Paisley & Steven Tyler | CcDoK0B0_nE 30 7clouds Christmas Music: Kelly Clarkson - Run Run Rudolph (Lyrics)
Red Hot Chili Peppers	By The Way	JnfyjwChuNU	high	search	95	218	Red Hot Chili Peppers	Red Hot Chili Peppers - By The Way [Official Music Video]	JDHoc9qzC5I 78 Red Hot Chili Peppers: By the Way | Rl0hY0oPmVI 75 Red Hot Chili Peppers: By the Way | esQsoAC6gIM 40 Musicclub: Red Hot Chili Peppers - By The Way (Lyrics)
Republica	Ready To Go	JgffRW1fKDk	low	search	72	223	RepublicaTV1	Republica - Ready to Go (Official Video)	EPg5xgZY8fs 60 RepublicaTV1: Republica - Ready to Go | 5aLfCslnRr4 41 dudeya: Republica - Ready To Go | ph4rpxsu6SU 40 happyHoolahopperTooler: Republica - Ready To Go (Original Version)
Revis	Caught In The Rain	yn_zhdYFABE	low	search	64	209	RevisRock	Revis - Caught In The Rain	DjzX1x_3j4Q 41 Sketch Turner: Revis - Caught In The Rain [HQ] | pass0YvLTu8 40 Music Collection's : Revis - Caught In The Rain [HQ] | PcoyawbGC4o 38 David Rolfe's Rock & Metal Channel.: Revis - Caught In The Rain
Revival	Brighter Days (Feat. Emile Sande, Jools Holland)	kqf8MbptNVY	low	search	42	180	Clap Your Hands	Revival ft. Emily Sandé, Jools Holland & GeO Gospel Choir - Brighter Days	junDXGk6Nz0 33 RFM France: Emeli Sande - Brighter days | rds6Nr1bJvI 32 Pure Urban Music: Emeli Sandé - Brighter Days | Pure Urban Music | nvTiE33liPM 31 OnlyGoodVibes: Emeli Sandé - Brighter Days Lyrics Video (OnlyGoodVibes)
Richard Marx	Should've Known Better	TpKxH2dDqEM	high	search	95	251	Richard Marx	Richard Marx - Should've Known Better (Official Video)	"x13vp32vsTw 77 Richard Marx: Should've Known Better | CskOoeSCFxY 54 Richard Marx: Richard Marx - ""Should've Known Better"" Live | 4WwXNZn_3w0 41 greinosototo: Richard Marx - Should've Known Better"
Rick Astley	Together Forever	yPYZpwSpKmA	high	search	97	204	Rick Astley	Rick Astley - Together Forever (Official Video) [4K Remaster]	E9de-cmycx8 86 Rick Astley: Rick Astley - Together Forever (Official HD Video) | 5u00ts7tDYQ 80 Rick Astley: Together Forever (2022 - Remaster) | rzN5zMepszU 40 Aurora: Together Forever - Rick Astley ( Lyrics )
Rick Astley	Whenever You Need Somebody	BeyEGebJ1l4	high	search	97	208	Rick Astley	Rick Astley - Whenever You Need Somebody (Official Video) (4K Remaster)	JzH2j4ifKQ8 80 Rick Astley: Whenever You Need Somebody (2022 Remaster) | 1wckFVvViuI 40 Countdown: Rick Astley  - Whenever You Need Somebody (Countdown, 1987) | m8wC5HlZ848 38 Kpop&More: Rick Astley-Whenever You Need Somebody with lyrics
Rick James	Give It To Me Baby	1dNIQVYGXbM	high	search	87	242	Rick James	Rick James - Give It To Me Baby	"lHpG1BNznog 78 Rick James: Give It To Me Baby (12"" Version) | _Zj8vwt_w0U 75 Rick James: Give It To Me Baby (Single Version) | n0Ol4clsb2U 40 Audioandlyrics: Rick James - Give It To Me Baby (Lyrics)"
Rick James	Super Freak	QYHxGBH6o4M	high	search	95	203	Rick James	Rick James - Super Freak (Official Music Video)	"XESxsUl6hGU 76 Rick James: Super Freak (12"" Version) | VgHdW4thRQ4 75 Rick James: Super Freak (Pt. 1/1981 Single Version) | LSHNP7RMIHA 42 Song Lyrics HD: Rick James - Super Freak (Lyrics HD)"
Rick Springfield	Affair Of The Heart	-Fn3Ze8xVOE	high	search	95	279	Rick Springfield	Rick Springfield - Affair of the Heart (Official Video)	KGhDnMO8goA 78 Rick Springfield: Affair Of The Heart | g_z2puEnqzs 77 Rick Springfield: Affair of the Heart | 3U3aF7e35-I 39 Ninokiti Ninoko: Rick Springfield - Affair of the heart
Rick Springfield	Human Touch	yo0uTu2uLtI	high	search	95	271	Rick Springfield	Rick Springfield - Human Touch (Official Video)	6pkNGUv9NxY 78 Rick Springfield: Human Touch | cpmz_pGYmwU 76 Rick Springfield: Human Touch | nV98RrWbjGw 50 Rick Springfield: Human Touch (Extended Mix)
Rick Springfield	Jessie's Girl	qYkbTyHXwbs	high	search	95	196	Rick Springfield	Rick Springfield - Jessie's Girl (Official Video)	4ejfFIj5rrA 78 Rick Springfield: Jessie's Girl | N9qtNYajPE8 75 Rick Springfield: Jessie's Girl (New Version) | 44UGXFu-cQI 45 7clouds Rock: Rick Springfield - Jessie's Girl (Lyrics)
Ricky Martin	Livin' La Vida Loca	p47fEXGabaY	high	search	89	223	Ricky Martin	Ricky Martin - Livin' La Vida Loca (Official HD Video)	CN5hQOI__10 86 Ricky Martin: Ricky Martin - Livin' La Vida Loca (audio) | Trj_rKK_ai8 54 Ricky Martin: Ricky Martin - Livin' La Vida Loca (Live) | nfmFVzMOHx8 53 Ricky Martin: Ricky Martin - Livin' la Vida Loca (Live on the Honda Stage at the iHeartRadio Theater LA)
Rihanna	Don't Stop the Music	yd8jh9QYfEs	high	search	87	234	Rihanna	Rihanna - Don't Stop The Music	OfWIGJpOih8 45 Unique Sound: Rihanna - Don't Stop The Music (Lyrics) | _P7Yr4_caB8 44 7clouds: Rihanna - Don't Stop The Music (Lyrics) | wChU2N7Q3GU 41 Watermelon Music and bemu: Rihanna - Don’t Stop the Music (Lyrics)
Rihanna	Friend Of Mine (from the Smurfs Movie Soundtrack)	_MQnZgH0ZmQ	high	search	87	209	Rihanna	Rihanna - Friend Of Mine (from the Smurfs Movie Soundtrack)	gWmHa5sjtwY 86 Rihanna: Rihanna - Friend Of Mine (from the Smurfs Movie Soundtrack) (Lyric Video) | WTaTodnc86Y 85 Rihanna: Rihanna - Friend Of Mine (from the Smurfs Movie Soundtrack) (Visualizer) | I6TobR1EpgY 84 Rihanna: Rihanna - Friend Of Mine (from the Smurfs Soundtrack) (Radio Edit Visualizer)
Rihanna	Friend Of Mine (Radio Edit)	I6TobR1EpgY	high	search	87	180	Rihanna	Rihanna - Friend Of Mine (from the Smurfs Soundtrack) (Radio Edit Visualizer)	m4hRP1jc5UY 77 Rihanna: Friend Of Mine (from the Smurfs Movie Soundtrack) | bZP0dJ-FExY 63 Rihanna-2-2 : Rihanna - Friend Of Mine (from the Smurfs Soundtrack) (Radio Edit Visualizer) | VyXj1EVOLI8 39 Stellar Music: Friend Of Mine (Radio Edit) - Rihanna 『Friend Of Mine (Radio Edit) - Rihanna』
Rihanna	Only Girl (in the World)	-ySWIyJj3I0	high	search	90	236	RihannaForVEVO	Rihanna - Only Girl (In The World) (Audio)	pa14VNsdSYM 87 Rihanna: Rihanna - Only Girl (In The World) | qrjUQQN5ats 46 Cakes & Eclairs: Rihanna - Only Girl (In The World) (Lyrics) | oRiVQOD1Mx0 39 AlexAraujoVEVO: Rihanna - Only Girl (In The World) (Audio)
Rihanna	Pon de Replay (Pon De Club Play)	oEauWw9ZGrA	high	search	86	218	Rihanna	Rihanna - Pon de Replay (Internet Version)	V-aFM9k92Rc 79 Rihanna: Pon de Replay (Pon De Club Play) | 4AZWrciXiNs 40 Radio Yunost-YuFM: Rihanna - Pon De Replay (Pon De Club Play Radio Edit) | Ok23II8SMIM 39 salome bauya: Rihanna - Pon de Replay (Pon de Club Play Version)
Rihanna	SOS	IXmF4GbA86E	high	search	95	242	Rihanna	Rihanna - SOS (Official Music Video)	etV6--SDilo 84 Rihanna: Rihanna - SOS | OFfVQCVzjZU 46 Popular Music: Rihanna - SOS (Lyrics) | lpm5pcCC_-Q 40 Cherie Life: Rihanna - SOS (Audio)
Rihanna	We Found Love (feat. Calvin Harris)	tg00YEETFzg	high	search	87	276	Rihanna	Rihanna - We Found Love ft. Calvin Harris	GchEVSx9XEA 85 Rihanna: Rihanna, Calvin Harris - We Found Love (Audio) | QrJosGJj7w0 46 Taj Tracks: Rihanna - We Found Love (Lyrics) ft. Calvin Harris | ueum9T9CP8M 44 Watermelon Music: Rihanna - We Found Love (Lyrics) Ft. Calvin Harris
Rihanna	Where Have You Been	HBxt_v0WF6Y	high	search	87	269	Rihanna	Rihanna - Where Have You Been	H-0OuRVCAK8 86 Rihanna: Rihanna - Where Have You Been (Audio) | Qm7cCkFS5KI 45 Lost Panda: Rihanna - Where Have You Been (Lyrics) | zzg-TOOFqp0 44 Talent Replay: Rihanna Sends Pulses RACING Singing Her Single 'Where Have You Been' | American Idol
Riley Green	I Hope She's Drinkin' Tonight	nFplqebkI7o	high	search	87	195	Riley Green	Riley Green - I Hope She's Drinkin' Tonight (Lyric Video)	ocCbLeG9cdc 41 The Country Vibe: Riley Green - I Hope She's Drinkin' Tonight (lyrics) | rdGbPdJUsog 40 RLV: Riley Green - I Hope She's Drinkin' Tonight Lyrics | 8LT3uZUgrkA 38 Michael Martin : I Hope She's Drinkin Tonight - Riley Green November 28, 2025
Rita Ora	Praising You (feat. Fatboy Slim)	6FlOlDUikBQ	high	search	95	164	Rita Ora	Rita Ora - Praising You (feat. @FatboySlim) [Official Video, Pt II]	_Sz7fhThrS4 93 Rita Ora: Rita Ora - Praising You (feat. @FatboySlim) [Official Video] | KWF5BgF2j9A 54 Rita Ora: Rita Ora - Praising You (feat. @FatboySlim) Live at The Voice, Australia 2023 | O4A209VtNBA 46 TrendingTracks: Rita Ora - Praising You (ft. Fatboy Slim) (Lyrics)
Ritchie Valens	La Bamba	BycLmWI97Nc	high	search	89	127	Ritchie Valens - Topic	La Bamba (Single Version)	0ymdjg9v8zM 86 Ritchie Valens - Topic: La Bamba | HwjkTH5xCTw 45 Scene City: La Bamba: Ritchie Valens Performs La Bamba (Lou Diamond Phillips) HD Scene | Coy8Hoa1DNw 41 l3liljokerl3: RITCHIE VALENS-LA BAMBA
Riton	Friday (Dopamine Re-Edit feat. Nightcrawlers, Mufasa & Hypeman)	U6n2NcJ7rLc	low	search	72	177	RitonTime	Riton x Nightcrawlers - Friday ft. Mufasa & Hypeman (Dopamine Re-edit) [Official Video]	-BkcictxDCA 63 RitonTime: Riton x Nightcrawlers - Friday ft. Mufasa & Hypeman (Dopamine Re-Edit) [Lyric Video] | ipfWd7QV9O8 45 7clouds: Riton, Nightcrawlers - Friday (Lyrics) Dopamine Re-Edit (ft. Mufasa & Hypeman) | Ug6HES8QTTc 44 The Vibe Guide: Riton, Nightcrawlers - Friday (Lyrics) Dopamine Re-Edit (ft. Mufasa & Hypeman) It's Frida
Rob Base & DJ EZ Rock	It Takes Two (Clean Version)	_Cl1zPCEMCA	high	search	87	302	Rob Base & DJ EZ Rock - Topic	It Takes Two	l4gqgsrQCaU 85 Rob Base & DJ EZ Rock - Topic: It Takes Two (Radio Edit) | phOW-CZJWT0 55 RobBaseDJEZRockVEVO: Rob Base & DJ EZ Rock - It Takes Two (Official Video) | 4lvlPp6Fo94 44 Hip Hop/R&B Lyrics: Rob Base & DJ EZ Rock - It Takes Two (Lyrics)
Rob Thomas	Streetcorner Symphony	G2hrYjYwL6U	high	search	84	222	Rob Thomas	Rob Thomas - Streetcorner Symphony [Rachael Ray Show]	QY2kj0zXoLI 79 Rob Thomas: Streetcorner Symphony | c-2tt6eKOL0 77 Rob Thomas: Streetcorner Symphony | RJyr4DzbESM 41 jtle24: Rob Thomas - Street Corner Symphony with Lyrics
Robbie Williams	Millennium	xcWOviMI6Lk	high	search	87	217	Robbie Williams	Robbie Williams - Millennium	ZtfKaos8oeg 76 Robbie Williams: Millennium (2004 Mix / Radio Edit) | gUFxa22UWdM 41 Il Ribelle: Robbie Williams - Millennium | UDIUAk94oKo 40 lyrics 1412: Robbie Williams - Millennium (lyrics)
Robbie Williams	Rock DJ	BnO3nijfYmU	high	search	87	258	Robbie Williams	Robbie Williams - Rock DJ	o3HOYdlte8w 84 Robbie Williams: Robbie Williams - Rock DJ (Regent Street) | Better Man | Official Movie Scene | _XKm3am_TBA 83 Robbie Williams: Robbie Williams - Rock DJ (Taken from 'Better Man' Soundtrack) | xc_tB5RsLt8 53 Robbie Williams: Robbie Williams | Rock DJ (Live on The Graham Norton Show) | New Year’s Eve 2024
Robert Palmer	Bad Case Of Loving You (Doctor, Doctor)	DlPHmYtqSdA	high	search	87	192	Robert Palmer	Robert Palmer - Bad Case Of Loving You (Doctor Doctor)	87hAnSXfMRQ 78 Robert Palmer: Bad Case Of Loving You (Doctor, Doctor) | dwqg73FeLog 55 Robert Palmer: Robert Palmer - Bad Case Of Loving You (Live) | aYm8HYi5tIk 39 ♪FenderGibson Sounds♪: Robert Palmer | Bad Case of Loving You (Doctor, Doctor) [HQ]
Robert Palmer	Simply Irresistible	SoHpSY3IoAI	high	search	89	269	Robert Palmer	Robert Palmer - Simply Irresistible (Official HD Video)	68QZvaAQAFE 41 Music: Robert Palmer - Simply Irresistible | RZSgwQoTeiQ 40 Adesh Suchit: Robert Palmer- Simply Irresistible (With Lyrics) | JpsmTzPnXNQ 38 jake888jake: Robert Palmer Simply Irresistible With lyrics
Robert Plant	Tall Cool One	Ka_ALgG9hqY	high	search	97	260	Robert Plant	Robert Plant - 'Tall Cool One'  - Official Music Video [HD REMASTERED]	"dW3Wv7VrUA8 41 Musica y Afines: ROBERT PLANT - Tall cool one | X1XeD0JAh0A 40 Southern Rocker: Robert Plant   Tall Cool One on HQ Vinyl with Lyrics in Description | NKM8eQnaWB0 39 Your Watchful Eyes: Tall Cool One  ""Robert Plant"""
Robert Tepper	No Easy Way Out	rOXaPE6gklI	high	search	100	265	RobertTepperVEVO	Robert Tepper - No Easy Way out (Official Video)	5l-Xq0ufE2Q 44 RouxioMusic: Robert Tepper - No Easy Way Out (Rocky) (Lyrics) | xeKr1JW62ZQ 40 GoldenMusic: Robert Tepper - No Easy Way Out (Remastered) [Audio HQ] | 2mkm_mNiJME 35 TorrentiaL RIFF: No Easy Way Out - Rocky IV [HD Audio]
Robyn	Dancing On My Own	CcNo07Xp8aQ	high	search	95	247	Robyn	Robyn - Dancing On My Own (Official Music Video)	"WMth6xZlVJU 93 Robyn: Robyn - Dancing On My Own (Official Audio) | rPdg4MuPNNg 44 7clouds: Robyn - Dancing On My Own (Lyrics) ""I'm in the corner watching you kiss her"" | J294A-R1Cjk 43 Embassy One: Robyn - Dancing On My Own"
Robyn	Missing U	8o5BHH9U2Mg	high	search	87	293	Robyn	Robyn - Missing U (Lyric Video)	ICiyddrnqdw 84 Robyn: Robyn - Missing U - A Message To My Fans | xEancC0Y26s 46 BBC Music: Robyn returns with Missing U on Later… with Jools Holland | tbQGCqb5S4U 38 Holly Lo: Robyn - Missing U (with LYRICS)
Robyn Ottolini	Tell You Everything	55m1-cBnmus	high	search	87	181	Robyn Ottolini	Robyn Ottolini - Tell You Everything (Lyric Video)	mSbkWnCkXxU 86 Robyn Ottolini: Robyn Ottolini - Tell You Everything (Not Put Together) | Tgv6b0MH1lo 28 Robyn Ottolini: Robyn Ottolini – Better Not To Know (Official Music Video) | EcMX0hZPZ6g 27 Robyn Ottolini: Robyn Ottolini – God Knows I Try (Official Music Video)
Rod Stewart	Maggie May	uAIwDbzzUEY	high	search	91	256	Rod Stewart	Rod Stewart -  Maggie May (Official Music Video)	pBlrMtFprKs 85 Rod Stewart: Rod Stewart - Maggie May / Gasoline Alley (from One Night Only!) ft. Ron Wood | jubOWUlkxuk 80 Rod Stewart: Maggie May (Remastered Version) | EOl7dh7a-6g 79 Rod Stewart: Maggie May
Rod Stewart	Some Guys Have All The Luck	AqrxgEln_Dw	high	search	89	244	Rod Stewart	Rod Stewart - Some Guys Have All the Luck (Official HD Remastered Video)	_h-fkj4yeh4 83 Rod Stewart: Rod Stewart - Some Guys Have All the Luck / Addicted to Love (from One Night Only!) | tDUau7yYy_U 80 Rod Stewart: Some Guys Have All the Luck (2008 Remaster) | ThGJaDz_y8o 79 Rod Stewart: Some Guys Have All the Luck (2025 Remaster)
Rod Stewart	Young Turks	zQ41hqlV0Kk	high	search	89	270	Rod Stewart	Rod Stewart - Young Turks (Official HD Remaster)	UbyASuPCHMI 78 Rod Stewart: Young Turks | 2ViPecUFoFM 77 Rod Stewart: Young Turks (2008 Remaster) | EbZP13EbpgM 76 Rod Stewart: Young Turks
Romeo Santos	Yo También (feat. Marc Anthony)	QBaIMZ8QjcU	high	search	95	358	Romeo Santos	Romeo Santos - Yo También (Official Video) ft. Marc Anthony	3xn_b0mZqTE 46 sunday: Romeo Santos - Yo También (Letra/Lyrics) ft. Marc Anthony | VIG2BN24u8Y 46 daver: Romeo Santos - Yo También (Official Video) ft. Marc Anthony | uuL6ibQWNZY 38 ElBachaRengue Net: Marc Anthony ft  Romeo Santos  'Yo También' en Premio lo Nuestro 2015
Rosé	APT. (feat. Bruno Mars)	ekr2nIex040	low	search	72	174	ROSÉ and Bruno Mars	ROSÉ & Bruno Mars - APT. (Official Music Video)	Jn8KvdWagfo 53 ROSÉ: ROSÉ & Bruno Mars - APT. (live from 2024 MAMA AWARDS) | i_SsnRdgitA 44 Vibe Music: ROSÉ & Bruno Mars - APT. (Lyrics) | 8Ebqe2Dbzls 43 Bruno Mars: ROSÉ & Bruno Mars - APT. (Official Lyric Video)
Roxette	Joyride	xCorJG9mubk	high	search	95	269	Roxette	Roxette - Joyride (Official Video)	1I3ebe7ykGI 94 Roxette: Roxette - Joyride (Official Video) [Remastered] | IRKhHBaM3_k 75 Roxette: Joyride (Single Version) | WE45t-t0caU 41 Andreas Eivik: Roxette - Joyride
Roxette	The Look	LlVI7ZNiFlI	high	search	87	232	Roxette	Roxette - The Look	dzrPH89rtWY 41 Roberto. Wan: Roxette - The Look | XYXczDB8VrY 40 megabadboy62: Roxette   She's Got The Look | SXiWHWkbD6Y 39 woodman991: ROXETTE THE LOOK LYRICS
Royel Otis	car	tVaWKjTpWxA	high	search	95	206	Royel Otis	Royel Otis - Car (Official Music Video)	HNcEdwLwBbQ 84 Royel Otis: Royel Otis - car (Pseudo Video) | p1J3-ewmzi4 46 BBC Music: Royel Otis - Car (Glastonbury 2025) | C82lvFUhQAI 45 The Vibe Guide: Royel Otis - Car (Lyrics)
Royel Otis	Oysters in My Pocket	QtgcYmfo2iI	high	search	95	195	Royel Otis	Royel Otis - Oysters in My Pocket (Official Music Video)	V7ebzI5kJRA 54 Royel Otis: Royel Otis - Oysters In My Pocket (Live at Pratts & Payne) | eYQrF01NOf8 46 David Dean Burkhart: Royel Otis - Oysters in My Pocket | nJKcFLrjDO8 40 BIRP!: Royel Otis - Oysters In My Pocket
Royel Otis	say something	FIEKXjHgSbs	high	search	95	145	Royel Otis	Royel Otis - say something (Official Video)	Ul8aMb1M0bU 83 Royel Otis: Royel Otis - say something (Pseudo Video) | iIGBA1tkQWE 83 Royel Otis: Royel Otis - say something (summer edit) | ZdjBT-hnIc8 55 Royel Otis: Royel Otis - say something (Live from Vevo Studios)
Royel Otis	who’s your boyfriend	lumvhHA2psM	high	search	95	196	Royel Otis	Royel Otis - who's your boyfriend (Official Music Video)	IwyPhKiSJlU 86 Royel Otis: Royel Otis - who’s your boyfriend (Pseudo Video) | fnOQyMPc1ok 83 Royel Otis: Royel Otis - who's your boyfriend (visualizer) | 6Hbs4PtGBVY 53 Royel Otis: Royel Otis - who's your boyfriend (Live @ SiriusXM Alt Nation)
Rozalla	Everybody's Free	-zg-MhEXb4c	high	search	86	213	Rozalla - Official	Rozalla - Everybody's Free (To Feel Good)	95_dAQHui94 49 DemonMusicGroup: Rozalla - Everybody's Free (To Feel Good) [Official HD Music Video] | hyvvuM2DqkQ 46 DJ. Zsori. Eurodance Official!: Rozalla - Everybody's Free (1992) Official Music Video | 6YgAw1G-4zY 40 divide by 0: Everybody's Free (to feel good) - Aquagen ft. Rozalla
RUFUS DU SOL	On My Knees	y7fudcFIlZs	low	search	47	264	RÜFÜS DU SOL	RÜFÜS DU SOL - On My Knees (Official Music Video)	wvyV0VQmJhg 37 CloudKid: RÜFÜS DU SOL - On My Knees | 7vXFjZbkzUI 33 LeVibeDealer: RÜFÜS DU SOL - On My Knees (Lyrics) | Looks like I’m on my knees again | HKIwNfRX134 30 Sunset Sounds: Rüfüs Du Sol - On My Knees (LYRICS)
Run-D.M.C.	It's Like That	TLGWQfK-6DY	high	search	89	230	Run DMC	RUN DMC, Jason Nevins - It's Like That (Official HD Video)	X0Dd4PvaGhU 54 Certified: RUN DMC - It's Like That (Official Audio) | _hN1SKVx31s 40 sticker77: Run DMC - Its Like That (Original) | BcCaycrPIa0 38 rod.evans.visual: RUN DMC - It's Like That (Krush Groove 1985)
Run-D.M.C.	It's Tricky	l-O5IHVhWj0	high	search	89	279	Run DMC	RUN DMC - It's Tricky (Official HD Video)	f3KnUxhCo3s 75 Run DMC: It's Tricky | PzHtekPRArk 44 TikTokTunes: Run DMC - It's Tricky (Lyrics) | this beat is my recital i think it's very vital | YRWjPJXZjnA 43 3starz: Run DMC - It's tricky (Lyrics) | This speech is my recital, i think its very vital | Tiktok song
Run-D.M.C.	Mary, Mary	QgmyVLheqkQ	high	search	95	273	Run DMC	RUN DMC - Mary, Mary (Official Video)	O-FLFDh1-ww 78 Run DMC: Mary, Mary | Q-eYRTzSjtM 77 Run DMC: Mary, Mary | M8z8aXBx7C0 39 tinfoilgrrrl: Run-D.M.C. - Mary Mary (1988).
Rush	Fly By Night	nEVDZl5UvN4	high	search	87	199	Rush	Rush - Fly By Night	jNke9_-fqFM 61 RushX11XhsuR: Rush - Fly By Night | HraQ00qbZ94 60 RushLyricsOnScreen: Rush-Fly By Night (Lyrics) | naz5khvSlaE 43 Virgiliu-Adrian Ropotă: Rush - Fly by Night [HD]
Rush	Limelight	ZiRuj2_czzw	high	search	87	261	Rush	Rush - Limelight	l63eixpYRWk 60 RushLyricsOnScreen: Rush-Limelight (Lyrics) | QEOPgyUoeUo 55 Rush: Rush - Limelight (Live From The Montreal Forum / 1981) | UuEr6fheqDI 41 The Match Me Podcast: Rush - Limelight (HQ)
Russell Dickerson	Every Little Thing	wFXorVEOjOA	high	search	87	236	Russell Dickerson	Russell Dickerson - Every Little Thing	2D6gT8kJXNo 86 Russell Dickerson: Russell Dickerson - Every Little Thing (Audio) | a46KWjE8frU 84 Russell Dickerson: Russell Dickerson - Every Little Thing (Stripped) | 8DVp3e6gw60 40 21C Lyrics: Russell Dickerson - Every Little Thing (Lyrics / Lyric Video)
Russell Dickerson	Happen To Me	8JYJJRxMOZs	high	search	87	182	Russell Dickerson	Russell Dickerson - Happen To Me	2SAFuvh_KwE 83 Russell Dickerson: Russell Dickerson - Happen To Me (From Nashville) | nn-q_2Cucyo 76 Russell Dickerson: Happen To Me (feat. Jonas Brothers) | Jb0W9twmYvY 48 Russell Dickerson: Happen To Me - Live From Red Rocks
Russell Dickerson	What A Life	xaGvd_NIeqE	high	search	87	164	Russell Dickerson	Russell Dickerson - What A Life	8JYJJRxMOZs 19 Russell Dickerson: Russell Dickerson - Happen To Me | V1tixZCuGBU 13 Roadie Wannabe: Russell Dickerson - What A Life (LIVE) (4K) - Las Vegas, NV - Planet Hollywood | NLkGIa0vNds 12 Roadie Wannabe: Russell Dickerson - What A Life (LIVE) in 4K - Seattle, WA - Showbox Sodo
S.O.S. Band	Just Be Good to Me	BEtnzgxFSvQ	high	manual	42	549	The S.O.S. Band - Topic	Just Be Good To Me	BEtnzgxFSvQ 40 The S.O.S. Band - Topic: Just Be Good To Me | 6tRU8aIjlkg 39 thegreatcratesoffunk: S.O.S. BAND-JUST BE GOOD TO ME (SINGLE) | WQ0e4OvSR2I 38 Manfred Julke: The S.O.S. Band - Just Be Good To Me
S.O.S. Band	Take Your Time (Do It Right)	LUa5t8ESM-4	low	search	54	461	The S.O.S. Band - Topic	Take Your Time (Do It Right)	xFZNJzhMfAY 52 The S.O.S. Band - Topic: Take Your Time (Do It Right) | bs8dp2ofgyo 43 Tony Mendes: S.O.S. Band - Take your time (Do it right) (Extended Version - Tony Mendes Video Remastered  | hqXaJqqp2SI 42 trojak47: SOS Band - Take your time (do it right)
Sabrina Carpenter	Christmas the Whole Year Round	MIm6ERBxcBM	high	search	87	184	Sabrina Carpenter	Sabrina Carpenter - Christmas the Whole Year Round (Audio Only)	e71eNcgIowA 62 Sabrina Carpenter UK: Sabrina Carpenter - Christmas The Whole Year Round (2015) | RB56NSOCgxY 41 LyricsBy KatieB: Christmas The Whole Year Round (With Lyrics) - Sabrina Carpenter | wqWEmThV0k4 39 theatino1: Sabrina Carpenter   Christmas the Whole Year Round
Sabrina Carpenter	Feather	kLbn61Z4LDI	high	search	95	210	Sabrina Carpenter	Sabrina Carpenter - Feather (Official Video)	asew9BF1wdw 84 Sabrina Carpenter: Sabrina Carpenter - Feather (Lyric Video) | LE1bcEXN2V8 75 Sabrina Carpenter: Feather | BJNbpewmyxE 53 Sabrina Carpenter: Sabrina Carpenter - Feather / Nonsense (Live On Saturday Night Live / 2024)
Saint Motel	My Type	IyVPyKrx0Xo	high	search	95	210	Saint Motel	SAINT MOTEL - My Type (Official Video)	"DKvRjWKCsW0 92 Saint Motel: SAINT MOTEL - ""My Type"" (Unofficial Video) | -kRkO6tXMT8 53 Saint Motel: SAINT MOTEL - ""My Type"" (LIVE) | bc3Sw3sJQYw 41 SoundRecording TM: SAINT MOTEL - My Type"
Saja Boys	Soda Pop (with Andrew Choi, neckwav, Danny Chung, Kevin Woo, SamUIL)		none	search	6	0			"vyiD7kRPkwc 2 MiLyrics: Soda Pop - Saja Boys, Andrew Choi, neckwav, Danny Chung, Kevin Woo, SamUIL & KPop Demon Hunters  | 9cZ7Nl3Ynxo -1 Republic Records: “Soda Pop” KPop Demon Hunters (Soundtrack from the Netflix Film) | Saja Boys | 983bBbJx0Mk -3 Sony Pictures Animation: ""Soda Pop"" Official Lyric Video | KPop Demon Hunters | Sony Animation"
Salem Ilese	Marry Christmas	UZ-slRagHms	high	search	87	162	salem ilese	salem ilese - marry christmas (official lyric video)	ppni57gWclM 43 manoswebvision: Salem Ilese - Marry Christmas (video clip HD) | qHVfDPHL2QE 40 선곡의 달인: 크리스마스와 결혼할 수만 있다면...🌲😍salem ilese - marry christmas | XcU1kjzsjzg 39 theatino1: Salem Ilese   Marry Christmas
Salem Ilese	Thank You Note	B-Coi0v1qRQ	high	search	87	157	salem ilese	salem ilese - thank you note (Official Lyric Video)	8gIZB9jUrpQ 41 Aura Country: salem ilese - thank you note (Letra/Lyrics) | 5IibbrQayyc 40 세어나옴: 💌크리스마스 편지 하나면 돼!, salem ilese - thank you note [가사/해석/lyrics] | LYQaMCN6ALg 38 baddiewithanattie: Salem ilese season 2 episode 4 thank you note (chapters in description)
Salt-N-Pepa	Push It	vCadcBR95oU	high	search	95	265	Salt-N-Pepa	Salt-N-Pepa - Push It (Official Music Video)	9IF2kr3MDlA 41 Mei Meow: Salt N Pepa - Push It (Original) | k4onJ7Z2MLI 40 Jonas: Salt N Pepa - Push It (Original) + Lyrics | 5APu0EUl1OU 39 ohral_tv: Salt-N-Pepa - Push It (Original) - 1987
Sam Barber	Thought of You	Z5AkMoe71Kg	high	search	95	164	Sam Barber	Sam Barber - Thought of You (Official Audio)	W0aKQv4HSeM 84 Sam Barber: Sam Barber - Thought of You (Lyric Video) | QfWenJJgkq0 41 Whiskey & Wallows: Sam Barber - Thought Of You (Lyrics) | bt56bTGn1Is 40 Whiskey & Wallows: Sam Barber - Thought of You (Lyrics)
Sam Feldt	Be My Lover	xlWMTu9jesg	low	search	55	186	Spinnin' Records	Sam Feldt x Alex Schulz - Be My Lover (Official Music Video)	NzV2jCmfDtA 50 Sam Feldt: Be My Lover (Extended Mix) | 1V0GheAXRAM 46 MrRevillz: Sam Feldt & Alex Schulz - Be My Lover | imKC9vubffc 39 Club Music Lyrics: Sam Feldt & Alex Schulz - Be My Lover - Lyrics
Sam Feldt	Dance With Somebody (feat. Benny Bridges)	gsGvMdtIcKw	low	search	55	202	Spinnin' Records	Sam Feldt x Benny Bridges - Dance With Somebody (Official Music Video)	PMEejusXUHU 54 Musical Freedom: Sam Feldt x Benny Bridges - Dance With Somebody (Official Audio) | BmZQHKJy1FE 40 Music just for you: Sam Feldt feat. Benny Bridges - Dance With Somebody | gxtrkMKKpQE 39 The Jungle Body: Dance with somebody - Sam Feldt & Benny Bridges / Dance fitness
Sam Feldt	Heart Like Mine (Feat. Rosa Linn)	xJyqho9hPRY	high	search	87	150	Sam Feldt	Sam Feldt - Heart Like Mine (feat. Rosa Linn)	ACoUMIPKxy8 49 RickyJ Music: Sam Feldt & Rosa Linn - Heart Like Mine (Official Audio) | 2dLe5strxfw 45 Sensual Musique: Sam Feldt - Heart Like Mine (Lyrics) ft. Rosa Linn | 0RmrS2_q8L0 44 7clouds Dance: Sam Feldt - Heart Like Mine (Lyrics) ft. Rosa Linn
Sam Fender	People Watching	5cXCUp6j5M8	high	search	95	311	Sam Fender	Sam Fender - People Watching (Official Video starring Andrew Scott)	DHzaHMmXB6Y 86 Sam Fender: Sam Fender - People Watching (Official Lyric Video) | mZLfMniVsTo 55 Sam Fender: Sam Fender — People Watching (Live At London Stadium) | sTsvjE26-yQ 53 Sam Fender: Sam Fender - People Watching (Jimmy Kimmel Live! / 2025)
Sam Smith	Diamonds (Joel Corry Remix)	gm8vQMcxlHE	high	search	87	196	SAM SMITH	Sam Smith - Diamonds (Joel Corry Remix / Audio)	Mk9gcDDIVZg 46 Joel Corry: Sam Smith - Diamonds (Joel Corry Remix) | Hp_mdKyod6s 44 MrRevillz: Sam Smith - Diamonds (Joel Corry Remix) | PzVvge2mmxU 40 GeloDJ - House Music Promotion : Sam Smith - Diamonds (Joel Corry Extended Remix)
Saving Jane	Girl Next Door	jNGyS_v6DiA	high	search	100	201	SavingJaneVEVO	Saving Jane - Girl Next Door (Official Music Video)	zpqjC9Rz8Co 41 Tiffany0x: Saving Jane - Girl Next Door (song and lyrics) | hpi589a3wIU 40 singergirl000: Saving Jane - Girl Next Door - Lyrics | x4PjCfJklnA 39 bjthedjdutchdude1992: Saving Jane - Girl Next Door (Original Version!)
Scritti Politti	Perfect Way	cLxIB_lrwk0	high	search	87	247	Scritti Politti	Scritti Politti - Perfect Way	"s-P94UFne-w 78 Scritti Politti: Perfect Way | nJwK6Lb-esc 77 Scritti Politti: Perfect Way | tM47wc8sf6M 41 Scott Smith: Scritti Politti -- ""The Perfect Way"" (2022 remaster)"
Seaforth	Talk About	bemy3ZxakFw	high	search	95	169	Seaforth	Seaforth - Talk About (Official Music Video)	o1plZ3rIrOo 86 Seaforth: Seaforth - Talk About (Lyric Video) | 3NJh2xtQqGI 85 Seaforth: Seaforth - Talk About (Audio) | -cJ0KLCvWBo 39 Govinda Aryal: Seaforth - Talk About (Lyrics)
Seal	Fly Like an Eagle	49k_ZUcA_t0	high	search	97	233	Seal	Seal - Fly Like An Eagle (Official Video) [HD]	9gF2UySGZAU 41 Certified Sounds: Seal - Fly Like An Eagle (Space Jam Soundtrack) | e8CeD8y5zek 40 keepthejamscoming🎶: Seal Fly Like an Eagle | 6dPgMTFH2iw 39 Bacomusic: Seal - Fly Like An Eagle
Seal	This Christmas	6QdHqCeDPZk	high	search	93	207	Seal	Seal - This Christmas [OFFICIAL MUSIC VIDEO]	mxh04FxUHyE 87 Seal: Seal  - This Christmas [AUDIO] | icoMr0ymlUU 49 Song des Tages: Seal - This Christmas (Official Video) | zhnya7l_mX0 39 hereisyourmusic: ⋱★THIS CHRISTMAS★⋰ by Seal
Sean Kingston	Take You There	axq1jQTk84w	high	search	95	242	seankingston	Sean Kingston - Take You There (Official Video)	nAsNQOBuBIo 46 zachary5615: Sean Kingston- Take you there [Official Music Video] | C22rtmLHMI0 45 7clouds: Sean Kingston - Take You There (Lyrics) | 2qIuyTJTOw0 41 RapHype: Sean Kingston - Take You There
Seduction	Two To Make It Right	LgXEbssm7SU	high	search	88	283	Seduction - Topic	Two To Make It Right	"zr7EJa6qR_A 42 koollatter: Seduction - Two To Make It Right | nB4BZjGSuq0 40 TheMikkehouse: SEDUCTION    ""Two To Make It Right "" | J5VTneP2Ing 39 MDA Telethon: Seduction - ""Two To Make It Right"" (1990) - MDA Telethon"
Selena Gomez	Call Me When You Break Up (Feat. benny blanco, Gracie Abrams)	cFHElRaF19s	high	search	94	129	Selena Gomez	Selena Gomez, benny blanco, Gracie Abrams - Call Me When You Break Up (Official Video)	AsDsvalYXCg 47 Creative Chaos: Selena Gomez, benny blanco, Gracie Abrams - Call Me When You Break Up (Lyrics) | Ee5KuMRnBaQ 45 benny blanco: Selena Gomez, benny blanco, Gracie Abrams - Call Me When You Break Up (Lyric Video) | jMRb73T2qiQ 44 Gracie Abrams: Selena Gomez, benny blanco, Gracie Abrams - Call Me When You Break Up (Lyric Video)
Selena Gomez	Dance Again	YZ-LagCs6GA	high	search	87	169	Selena Gomez	Selena Gomez - Dance Again (Performance Video)	9vBFuIeC5qI 86 Selena Gomez: Selena Gomez - Dance Again (Official Lyrics) | EtcmJMy7A74 46 mabexx: Selena Gomez - Dance Again (Official Music Video) | 9oe5mNRmzPY 46 Dylan Huynh: Selena Gomez - Dance Again (Official Music Video)
Selena Gomez & the Scene	Winter Wonderland	_7LQHwJ-2q0	low	search	55	126	Selena Gomez	Winter Wonderland	MKSE-4B69VU 44 DisneyLyricsOnScreen: Selena Gomez & The Scene - Winter Wonderland (Lyrics On Screen) - HD | pmYUNBhneZo 39 SarcasticToaster: Selena Gomez & The Scene: Winter Wonderland (Full Song) - HQ | IkOzxEMqGQk 32 XxSelenaGomezRulesxX: Selena Gomez Winter Wonderland
Selena Gomez, benny blanco	Bluest Flame	OJLqG69xrZs	low	search	70	164	benny blanco	Selena Gomez, benny blanco - Bluest Flame (Official Audio)	1rwaerqUupM 64 Selena Gomez: Selena Gomez, benny blanco - Bluest Flame (Official Lyric Video) | aJkAQ_8ep8Y 46 Dan Music: @selenagomez, @bennyblanco - Bluest Flame (Lyrics) | pYKxqiMUKcQ 38 Bell's music&life!!: Bluest Flame  (Music Video)- Selena Gomez, benny blanco (2 minutes version)
Selena Gomez, benny blanco	Call Me When You Break Up (feat. Gracie Abrams)	cFHElRaF19s	low	search	71	129	Selena Gomez	Selena Gomez, benny blanco, Gracie Abrams - Call Me When You Break Up (Official Video)	Ee5KuMRnBaQ 62 benny blanco: Selena Gomez, benny blanco, Gracie Abrams - Call Me When You Break Up (Lyric Video) | AsDsvalYXCg 47 Creative Chaos: Selena Gomez, benny blanco, Gracie Abrams - Call Me When You Break Up (Lyrics) | jMRb73T2qiQ 43 Gracie Abrams: Selena Gomez, benny blanco, Gracie Abrams - Call Me When You Break Up (Lyric Video)
September	Cry For You (Jackal Remix Short)	axzkLdSV98Y	high	manual	55	213	felotom	Cry For You (Jackal Remix) - September.mp4	axzkLdSV98Y 17 felotom: Cry For You (Jackal Remix) - September.mp4 | WM_W0Hw5Krk 14 Ministry of Sound: September - Cry For You | 7pU4J0xYGsg 11 NYFO Music: September - Cry For You (Lyrics Inglés / Español)
SG Lewis	Baby Blue (feat. Oliver Sim)	xqsWZaiKz1w	high	search	87	243	SG Lewis	SG Lewis - Baby Blue (feat. Oliver Sim)	qXVT1QwNfAM 46 ElectroPosé: SG Lewis - Baby Blue (feat. Oliver Sim) | uELSBf5vRFE 43 Jarel Gomes: SG Lewis ft Oliver Sim - Baby Blue (Jarel Gomes Piano) | LC6tmCKTf_c 40 Aemes: SG Lewis - Baby Blue (feat. Oliver Sim) | Aemes Selection 💜
SG Lewis	Lifetime	vU36kq5BzYc	high	search	87	315	SG Lewis	SG Lewis - Lifetime	mwVpOkabIFE 49 SG Lewis: SG Lewis - Lifetime (Dimitri From Paris 'Cruising Attitude' Remix / Visualiser) | 5FgyPJOzyvc 41 Astralwerks Records: SG Lewis - Lifetime | 59_4ypuUX4M 40 WhiteboxVibes: SG Lewis - Lifetime (Lyrics)🎵
Shakira	Addicted To You	MntbN1DdEP0	high	search	87	155	Shakira	Shakira - Addicted to You	LRPwNGp9HGs 46 Vibe Music: Shakira - Addicted to You (Lyrics) | eB1dHmha7ZY 44 7clouds: Shakira - Addicted to You (Lyrics) | wAq7WeNQDc4 40 AlexAraujoVEVO: Shakira - Addicted To You (Audio)
Shakira	Can't Remember To Forget You (feat. Rihanna)	o3mP3mJDL2k	high	search	95	206	Shakira	Shakira - Can't Remember to Forget You (Official Video) ft. Rihanna	o3VMyHr1gIg 85 Shakira: Shakira - Can't Remember To Forget You (Audio) ft. Rihanna | DNyuy7_rWLM 46 7clouds Rock: Shakira - Can't Remember to Forget You (Lyrics) ft. Rihanna | qIfWumDctCI 44 Dan Music: Shakira - Can't Remember to Forget You (Lyrics) ft. Rihanna
Shakira	Dai Dai (feat. Burna Boy)	X9CsK_nuqdE	high	search	93	225	Shakira	Shakira, Burna Boy - Dai Dai (Official Audio)	fcnDmrtj6Sk 72 Shakira and 2 more: Shakira, Burna Boy - Dai Dai (Official Video) | Y3jq_WIHP9k 46 7clouds Rock: Shakira & Burna Boy - Dai Dai (Lyrics) World Cup Song 2026 | X1ZW4flC2zs 43 TikTokTunes: Shakira, Burna Boy - Dai Dai (Lyrics)
Shakira	Dare (La La La)	XkYAxGt-aUs	high	search	95	193	Shakira	Shakira - Dare (La La La) (Official Video)	z_oXDdHU9jk 83 Shakira: Shakira - Dare (La La La) (Audio) | wUKORyaC5tI 40 Pillow: Dare La La La - Shakira (Lyrics) 🎵 | 7-7knsP2n5w 21 Shakira: Shakira - La La La (Brazil 2014) ft. Carlinhos Brown
Shakira	Don't Wait Up	mr7ZfX1E55g	high	search	95	210	Shakira	Shakira - Don't Wait Up (Official Video)	tTlMsvTjLFQ 85 Shakira: Shakira - Don't Wait Up (Alternate Version) | J8rzaYAyhQc 84 Shakira: Shakira - Don't Wait Up (Riton Mix - Official Lyric Video) | A2kxASfEkl8 46 LatinNow: Shakira - Don't Wait Up (Letra/Lyrics)
Shalamar	Dancing In The Sheets	dyYJ1d7tEAI	high	search	88	246	Shalamar - Topic	Dancing In the Sheets	fZmHu1t_5X0 55 UnidiscMusic: Shalamar - Dancing In the Sheets (Official Music Video) | VQPdODvDMTc 43 UnidiscMusic: Shalamar - Dancing in the Sheets | PmNHXeMeNnI 39 Teff Balmer: Shalamar - Dancing In The Sheets
Shania Twain	Any Man Of Mine	8N2k-gv6xNE	high	search	95	253	Shania Twain	Shania Twain - Any Man Of Mine (Official Music Video)	ZLqAi6mn7pw 41 Pillow: Any Man Of Mine - Shania Twain (Lyrics) 🎵 | ZH8kI2UmNRg 39 Mes Cd's Mes K7: Shania Twain - Any man of mine | 4TEhliSh_f4 18 Shania Twain: Shania Twain - The Woman In Me (Needs The Man In You)
Shania Twain	That Don't Impress Me Much	mqFLXayD6e8	high	search	95	225	Shania Twain	Shania Twain - That Don't Impress Me Much (Official Music Video)	omLm5DAwd88 50 Shania Twain: That Don't Impress Me Much (International Mix) | 1Rv0aco8Hm0 43 King's Trust Music: Shania Twain - That Don't Impress Me Much (The Prince's Trust Party In The Park 1999) | BU-TeNPNJEQ 41 Young Pilgrim Music: Shania Twain - That Don't Impress Me Much (Lyrics)
Shania Twain	Waking Up Dreaming	wQcfv9zxLXI	high	search	95	202	Shania Twain	Shania Twain - Waking Up Dreaming (Official Music Video)	oSldSFqtDuA 86 Shania Twain: Shania Twain - Waking Up Dreaming (Lyric Video) | wtG9pF5Wv50 85 Shania Twain: Shania Twain - Waking Up Dreaming (Audio) | DCAtgqaKwuM 44 Country Paradise: Shania Twain - Waking Up Dreaming (Lyrics)
Shannon	Give Me Tonight	XcECjAPzq9Q	high	search	77	233	Shannon	Give Me Tonight (7 Inch Version)	VXuWh4TrXeE 55 UnidiscMusic: Shannon - Give Me Tonight (Official Music Video) | kSl9hAXqPbU 46 UnidiscMusic: Shannon - Give Me Tonight | 6sKeV9VvoYg 39 Fstyl: SHANNON - Give Me Tonight (1984)
Shawn Mendes	If I Can't Have You	oTJ-oqwxdZY	high	search	95	192	Shawn Mendes	Shawn Mendes - If I Can't Have You (Official Music Video)	MVITXvCuqeU 84 Shawn Mendes: Shawn Mendes - If I Can't Have You (Official Lyric Video) | f6k1NOqLsNY 53 Shawn Mendes: Shawn Mendes - If I Can't Have You (Live From The MTV VMAs / 2019) | L5m0lyi0pSM 46 Dan Music: Shawn Mendes - If I Can't Have You (Lyrics)
Shawn Mendes	Stitches	VbfpW0pbvaU	high	search	95	240	Shawn Mendes	Shawn Mendes - Stitches (Official Music Video)	"TObtwHlfLFk 93 Shawn Mendes: Shawn Mendes & Hailee Steinfeld - Stitches (Official Video) ft. Hailee Steinfeld | SUxx1RzgMjs 91 Shawn Mendes: Shawn Mendes - ""Stitches"" Official Video [Behind The Scenes] | a4MYXwA6oxo 41 British Pop Bangers: Shawn Mendes - Stitches (Lyrics)"
Shawn Mendes	Summer Of Love (Feat. Tainy)	v9lZ2MEx8oU	high	search	87	181	Shawn Mendes	Shawn Mendes, Tainy - Summer Of Love	KOIuS0G9af0 85 Shawn Mendes: Shawn Mendes, Tainy - Summer Of Love (Lyric Video) | A1i_oo8bkZU 46 TrendingTracks: Shawn Mendes, Tainy - Summer Of Love (Lyrics) | sgSlateLogo 43 Shawn Mendes: Shawn Mendes - Summer Of Love (Official Acoustic Video)
Shawn Mendes	There's Nothing Holdin' Me Back	dT2owtxkU8k	high	search	95	238	Shawn Mendes	Shawn Mendes - There's Nothing Holdin' Me Back (Official Music Video)	39OlTrhpt38 55 Shawn Mendes: Shawn Mendes - There's Nothing Holdin' Me Back (Live At Capitals Summertime Ball) | GmU9nhfLTSo 53 Shawn Mendes: Shawn Mendes - There's Nothing Holdin' Me Back (Live) | EObr0jeNL2Q 36 Shawn Mendes: There's Nothing Holdin' Me Back (Acoustic)
Shawn Mendes	When You're Gone	tp4fUH2E8uc	high	search	87	182	Shawn Mendes	Shawn Mendes - When You're Gone	"fKZZP0NSByk 60 Shawn Mendes: When You’re Gone Premiere Event (Presented By Bose) | 6THINTPNiP8 46 Dan Music: Shawn Mendes - When You’re Gone (Lyrics) | O3fY-zjnOtc 43 Genius: Shawn Mendes ""When You're Gone"" Official Lyrics & Meaning | Verified"
Sheena Easton	Strut	uSp0kO-NBWw	high	search	95	238	Sheena Easton	Sheena Easton - Strut - Official Music Video	SvPEfcoqYy0 78 Sheena Easton: Strut | r8mPS4hEiQg 61 Sheenaeaston Vids1: Sheena Easton - Strut (American Bandstand '84) | SUy6MAFSX6g 60 Sheenaeaston Vids1: Sheena Easton - Strut (Tonight Show '87)
Sheena Easton	The Lover In Me	r3mSb6IGCZw	high	search	87	262	Sheena Easton	Sheena Easton - The Lover In Me	dKobFNImKBE 62 Sheenaeaston Vids1: Sheena Easton - The Lover In Me (Arsenio Hall Show '89) | 5-E5E8h9kcw 41 Solar Radio: Sheena Easton  -  The Lover In Me | CV9v7huYhf0 39 Malik Jefferson: Sheena Easton - The Lover In Me (Short Version)
Sheila E	The Glamorous Life	6Zqtl8azCs8	high	manual	63	227	RHINO	Sheila E. - The Glamorous Life (Official Music Video)	6Zqtl8azCs8 55 RHINO: Sheila E. - The Glamorous Life (Official Music Video) | mAA9rkhdfcw 39 Mirrorball: Sheila E. - The Glamorous Life (VU Meter Visualizer) | kC3wEH5hPl8 38 Micahisgod: Sheila E - The Glamorous Life
Sheppard	Brand New	UA5ZBoDq1i0	high	search	95	231	Sheppard	Sheppard - Brand New (Official Music Video)	"u9ir2h0XEGo 54 Sheppard: Sheppard - Brand New (Live from Fortitude Music Hall) | m5YTD3e1fBE 41 Sharp Lyric: Brand New (Lyrics) - Sheppard | 25kIAl5rESY 38 LLC: SHEPPARD - BRAND NEW (""LLC"" PlayThrough - Music Bus Sessions)"
Sheppard	Geronimo	UL_EXAyGCkw	high	search	94	220	Sheppard	Sheppard - Geronimo (Official Music Video)	ozsmSlvGHv4 92 Sheppard: Sheppard Geronimo - [International Version] (Official music Video) | E-SeaCZE2TM 87 Sheppard: Sheppard - Geronimo (Official Lyric Video) | pwCEqI6-vPA 43 Sheppard: Sheppard - Geronimo (Acoustic)
Shouse	Love Tonight - David Guetta Remix	sxm1H_73yFM	low	search	50	181	SHOUSE	Love Tonight (David Guetta Remix)	MveDLwDIZiI 22 David Guetta: Shouse - Love Tonight (David Guetta Remix) | SY4h-Edi6as 1 lovelasso: Shouse Love Tonight - David Guetta Remix Edit Lyrics (Mix) MEDUZA Lose Control... | slC_mSBxnQw -13 SHOUSE: Love Tonight (David Guetta Extended Remix)
Sia	Candy Cane Lane	ElmsIGT85tI	high	search	87	214	Sia	Sia - Candy Cane Lane	kkWz5mLuLR8 77 Sia: Candy Cane Lane | vSh8E4_SYds 41 7clouds Christmas Music: Sia - Candy Cane Lane (Lyrics) | 7XpOX26vYuA 39 Super Star Things: Candy Cane Lane - Sia
Sia	Dance Alone (Feat. Kylie Minogue)	aR7WzXB9iac	high	search	95	180	Sia	Sia & Kylie Minogue - Dance Alone (Official Music Video)	2sUH3OZn0M4 86 Sia: Sia & Kylie Minogue - Dance Alone (Lyric Video) | tORirzQFc2k 45 Iyan Music: Sia and Kylie Minogue - Dance Alone ( Lyrics) | UG8uWD13Czs 43 Gerardo Suntasig: Sia and Kylie Minogue - Dance Alone [Video Lyrics]
Sia	Move Your Body (Alan Walker Remix)	bZxrIoCPsOc	high	search	95	220	Sia	Sia - Move Your Body (Alan Walker Remix - Official Audio)	t3PuHDh8cGg 46 Lazy Fox: Sia - Move Your Body (Alan Walker Remix) [Lyrics] | 1LbOlp4nGbw 40 KINQS Radio: Sia - Move Your Body (Alan Walker 2023 Remix) | B-b5cwuzRbg 39 TH MEDIA: Sia - Move Your Body 🔥 NOWOŚĆ REMIX 🔥 MEGA HITY 2019 🔥  La Mejor Música Electrónica 2019
Sigala	Easy Love	ozx898ADTxM	high	search	95	178	Sigala	Sigala - Easy Love (Official Music Video)	E0cLJsZTQFY 50 Sigala: Easy Love (Extended Mix) | WysanSNOjMc 46 Scorpio Music: Sigala - Easy Love | QE2-D9OtvYA 45 DO IT YOURSELF: SIGALA - Easy love [Official]
Sigala	We Got Love (feat. Ella Henderson)	Zz1VJbRIX9w	high	search	94	218	Sigala	Sigala - We Got Love (Official Video) ft. Ella Henderson	CLJjzlRfKDM 87 Sigala: Sigala - We Got Love (Lyric Video) ft. Ella Henderson | 2Hx765RXlZ8 45 The Vibe Guide: Sigala - We Got Love (Lyrics) ft. Ella Henderson | C8_0ntA0WTY 44 Sigala: Sigala - We Got Love (Acoustic) ft. Ella Henderson
Sigala	Wish You Well (Feat. Becky Hill)	1OK1OqA-En4	high	search	95	207	Sigala	Sigala, Becky Hill - Wish You Well (Official Video)	lJOLxSaEffo 86 Sigala: Sigala, Becky Hill - Wish You Well (Lyric Video) | 7YnqfOfXhK4 53 Sigala: Sigala, Becky Hill - Wish You Well - Live Performance | Vevo | J4aQbyprJLM 45 7clouds: Sigala, Becky Hill - Wish You Well (Lyrics)
Silk City	Electricity (Feat. Dua Lipa)	Q4-jOuHO-z4	low	search	55	274	Mark Ronson	Silk City, Dua Lipa - Electricity (Official Video) ft. Diplo, Mark Ronson	XJcU-iKqQxY 46 7clouds: Silk City, Dua Lipa - Electricity (Lyrics) ft. Diplo, Mark Ronson | vgAnkS_czC8 43 SyrebralVibes: Silk City, Dua Lipa - Electricity (Lyrics) ft. Diplo, Mark Ronson | pW4SW0deFjU 43 Diplo: Silk City & Dua Lipa - Electricity (Behind the Scenes)
Silk City	New Love (Feat. Ellie Goulding)	ZW5LkUnCoSE	low	search	55	209	Diplo	Silk City - New Love (feat. Ellie Goulding) (Official Music Video)	HYIJxHSeDB0 54 Mark Ronson: Silk City, Ellie Goulding - New Love (Official Audio) ft. Diplo, Mark Ronson | yaCyqv5Y5N0 45 Ellie Goulding: Silk City - New Love (feat. Ellie Goulding) (Official Lyric Video) | s34VO0MRHgg 44 VibesOnly: Silk City - New Love (Lyrics) ft. Ellie Goulding
Silk City	New Love (Feat. Ellie Goulding) (Clean Version)	ZW5LkUnCoSE	low	search	55	209	Diplo	Silk City - New Love (feat. Ellie Goulding) (Official Music Video)	HYIJxHSeDB0 54 Mark Ronson: Silk City, Ellie Goulding - New Love (Official Audio) ft. Diplo, Mark Ronson | yaCyqv5Y5N0 45 Ellie Goulding: Silk City - New Love (feat. Ellie Goulding) (Official Lyric Video) | s34VO0MRHgg 44 VibesOnly: Silk City - New Love (Lyrics) ft. Ellie Goulding
Silver Convention	Fly Robin Fly	U_XJAuscpTg	high	search	86	333	Silver Convention - Topic	Fly Robin Fly	wC_kCnm3GYQ 47 TopPop: Silver Convention - Fly Robin Fly (1975) • TopPop | TBm1rB9nFKE 41 darney1971: Silver Convention - Fly Robin Fly - HQ | dZ-QL75KGdk 38 Slayd5000: Silver Convention - Fly Robin Fly (Long Version) (Slayd5000)
Simple Minds	Promised You A Miracle	tX55HEX0hb0	high	search	87	235	Simple Minds	Simple Minds - Promised You A Miracle	RxosLw9yT-E 80 Simple Minds: Promised You A Miracle (Remastered 2002) | kH43LyGyHXQ 77 Simple Minds: Promised You A Miracle (Remastered 2001 / Edit) | dHAQ1JpAlhQ 41 Happy Charlie: Simple Minds - Promised You A Miracle (Remastered Audio) 1080p HQ
Simply Red	Sunrise	PE3g2zeBVQQ	high	search	89	218	Simply Red	Simply Red - Sunrise (Official Remastered Video)	77VUJ12kcSQ 77 Simply Red: Sunrise | mwWBY55riqA 54 Simply Red: Simply Red - Sunrise (Live In Santiago) | eoTDxynihHU 43 King's Trust Music: Simply Red - Sunrise (The Prince's Trust Party In The Park 2003)
Slayyyter	My Body	W24NUKm_Q-I	high	search	95	220	slayyyter	Slayyyter - My Body (Official Visualizer)	Fh7jQ8u2ehA 41 andriz: My Body - Slayyyter (Audio) | cULFLbmriCk 39 Chase's Live Bop Recordings: Slayyyter - My Body (Club Valentine Chicago 2023-11-04) | 1t7cC0xj2NA 38 wallyun: slayyyter - touch my body (vizualizer)
Slayyyter	Troubled Paradise	P4re72YUPXI	high	search	95	237	slayyyter	Slayyyter - Troubled Paradise (Official Music Video)	q6LBLb47oFg 46 3starz: Slayyyter - Troubled Paradise (Lyrics) | HvDFYtCdcgc 41 slayyyter: Troubled Paradise/Inferno Euphoria (feat. Not A Friend) [Not A Friend Remix] | KdH-Kj5iiTc 26 slayyyter: Slayyyter - Clouds (Official Video)
Slowdive	kisses	G9RpHfPyEx8	high	search	95	238	Slowdive Official	Slowdive - kisses (Official Video)	oAPdv7tqwYs 44 BBC Music: Slowdive - Kisses | Glastonbury 2023 | 97U7erexyR0 43 David Dean Burkhart: Slowdive - kisses | 7F09aiAl574 41 Onhira: Slowdive - Kisses
Sly & The Family Stone	Dance To The Music	Jn2PNlhvy8E	high	search	87	181	Sly & The Family Stone	Sly & The Family Stone - Dance To The Music (Audio)	BfLzhJ6SN3E 83 Sly & The Family Stone: Sly & The Family Stone - Dance to the Music (J.PERIOD Edit) | uQPqe8oKlvk 77 Sly & The Family Stone: Dance to the Music | 1kzyRM0Sjl8 38 moondancerfarm: Sly & The Family Stone — Dance to the music   YouTube
Smash Mouth	I'm A Believer	0mYBSayCsH0	high	search	87	185	SMASH MOUTH	Smash Mouth - I'm A Believer	bsrqyP7e-aQ 77 SMASH MOUTH: I'm A Believer (Radio Edit) | bWqmc8qxEps 41 Lyrixa: Smash Mouth - I'm a Believer (lyrics) | x1ddEJa1Cvs 39 RavioliGirl: Smash Mouth & Eddie Murphy - I'm A Believer (Movie Version w/ reprise)
Smash Mouth	Then The Morning Comes	cB9JJIoAdYM	high	search	87	191	SMASH MOUTH	Smash Mouth - Then The Morning Comes	RsP4NJg2H_A 42 Song Lyrics HD: Smash Mouth - Then The Morning Comes Lyrics HD | UguMu-jib6g 41 AlbumsAreUs: Smash Mouth - Then The Morning Comes | 5K3XxPYuHNE 40 Failed Astral Projection: Smash Mouth - Then The Morning Comes (2015 Remaster)
Smash Mouth	Walkin' On The Sun	LQj--Kjn0z8	high	search	87	206	SMASH MOUTH	Smash Mouth - Walkin' On The Sun	p8LZhGUu7C8 41 Mental Set: Smash Mouth - Walkin' on the Sun | _6X4oTAc7K0 41 Brian Martens Music: Smash Mouth - Walkin' On The Sun - Remastered | Zdoa_f61JLY 35 SMASH MOUTH: Walkin' On The Sun (Acoustic)
Smith & Thell	Forgive Me Friend	oI9S2W66IYU	high	search	95	223	Smith & Thell	Smith & Thell feat. Swedish Jam Factory - Forgive Me Friend (Official Video)	Iz3EHkiQv5Y 94 Smith & Thell: Smith & Thell feat. Swedish Jam Factory - Forgive Me Friend (Official Audio) | 9Qdwn-tDEhA 45 Smith & Thell: Smith & Thell - Forgive Me Friend (Acoustic Version) | He3Yt7KhTSo 39 DZR MUSIC: Smith & Thell - Forgive Me Friend ft. Swedish Jam Factory (Lyrics)
SNAP!	Rhythm Is A Dancer	_TRrHFUFZNU	high	search	94	333	SNAP!	SNAP! - Rhythm Is A Dancer (Official Audio)	JYIaWeVL1JM 89 SNAP!: SNAP! - Rhythm Is A Dancer (Official 4K Music Video) | nN7pIuc2mz4 44 Cassiopeia: SNAP! - Rhythm Is A Dancer (Lyrics) | J4XP7fJ83yA 40 lrd: SNAP - Rhythm Is a Dancer (Extended HQ)
SNAP!	The Power	sf6qaLARQck	high	search	94	345	SNAP!	SNAP! - The Power (Official Audio)	nm6DO_7px1I 89 SNAP!: SNAP! - The Power (Official 4K Music Video) | 0WupBjrFD_Q 85 SNAP!: Snap! - The Power (Official Lyric Video) | 0DxzizwGOJA 60 SNAP! and DECADR: Snap! - The Power (Elf 99 - spezial, 25th August, 1990)
Sniff 'N' The Tears	Driver's Seat	TYdA5en4V3E	high	search	76	349	Sniff'n'The Tears	"Driver's Seat (12"" Version)"	"9SCzVEUlqqA 50 Ace Records: Sniff 'n' The Tears - ""Driver's Seat"" (Official Video) | V88yyayq6AY 49 Ace Records: Sniff 'n' the Tears - Driver's Seat (Official Audio) | njvh-eOYMqw 40 ellaire: Sniff 'n' the Tears - Driver's Seat (High Quality)"
Sofi Tukker	Chasing Cars	MS3zlUsmQKM	low	search	47	283	Ultra Records	SOFI TUKKER - Chasing Cars (Lyric Video) [Ultra Records]	zcqmlLR2XiI 45 MrSuicideSheep: Sofi Tukker - Chasing Cars | dBJmh2o7LxQ 44 MrRevillz: Sofi Tukker - Chasing Cars | H9UvjtfaaOA 38 Mighty Vibes: SOFI TUKKER - Chasing Cars (Lyrics)
Soft Cell	Tainted Love	XZVpR3Pk-r8	high	search	95	181	Soft Cell	Soft Cell - Tainted Love (Official Music Video)	PE0Wu1ivS7Q 83 Soft Cell: Soft Cell - Tainted Love (Lyric Video) | EWZxFSo-XZY 80 Soft Cell: Tainted Love (Remastered 2023) | q84psZX6MbA 62 Soft Cell: Tainted Love / Where Did Our Love Go? (Extended Version)
sombr	12 to 12	cZgUiR31m-Y	high	search	95	243	sombr	sombr - 12 to 12 (official video)	TDeFuw5mkb4 55 sombr: sombr - 12 to 12 (Live From SNL) | 85hXp_LKtfs 54 sombr: sombr - 12 to 12 (Live at the 68th GRAMMY Awards) | ZGX8V2TU6zU 53 sombr: sombr - 12 to 12 (Live From The Graham Norton Show)
Sonique	It Feels So Good	G28dz7JOjQM	high	manual	58	228	Armada Music TV	Sonique - It Feels So Good (Official Music Video)	G28dz7JOjQM 55 Armada Music TV: Sonique - It Feels So Good (Official Music Video) | O5ZaxGR21sc 43 🎞️BestOf4K🎞️ Official Music Videos Remastered: Sonique - It Feels So Good (1998) 🎦 HD Remaster | mQIFEX_7agA 40 NostalgiaMusic: Sonique - It Feels So Good (Audio)
Sonny Alven	I Cried At The Rave	kqu3NTdh9Qg	high	search	95	159	Sonny Alven	Sonny Alven - I Cried At The Rave (Official Audio Video) ft. mags	ieRkZUjDc_A 41 Pop Notch: Sonny Alven - I Cried At The Rave (Feat. Mags) | 36yy5ocXEL8 18 Sonny Alven: Sonny Alven - Backseat Lovin' | 3UyvQwEM2dA 17 Sonny Alven: I Cried At The Rave (Runther Remix)
Sophia Scott	White Fence	-5o7B0e2LhA	high	search	95	215	SophiaScottMusic	Sophia Scott - White Fence (Official Audio)	L6LOd1iTQDU 46 SophiaScottMusic: Sophia Scott - White Fence (Acoustic) | UtKY-JJIGUw 27 SophiaScottMusic: Sophia Scott - Buy A Round (Official Audio) | TfT2HVxVBrs 26 SophiaScottMusic: Sophia Scott, Iggy Azalea & Renee Blair - Knock Yourself Out (Official Audio)
Sophie Ellis-Bextor	Heartbreak (Make Me A Dancer)	EPYW_ua1BBg	low	search	46	210	James Wiltshire	Heartbreak (Make Me a Dancer) (feat. Sophie Ellis-Bextor)	BQ7H0tuOFGY 43 Armada Music TV: Freemasons feat Sophie Ellis-Bextor - Heartbreak (Make Me A Dancer) [Music Video] | bWkP-mt_bOk 42 Loaded Records: Freemasons feat. Sophie Ellis-Bextor - Heartbreak (Make Me A Dancer) | 2LxCDlRQI6w 39 Nostalgia Music: Sophie Ellis-Bextor - Heartbreak (Make Me a Dancer) ft. Freemasons (Audio)
Soul For Real	Candy Rain	Cx0xzO73Amo	low	search	55	273	Soul4RealVEVO	Soul For Real - Candy Rain (Official Music Video)	"V6hqvDYxxvY 41 Dota 2 Live: Soul For Real - Candy Rain (Lyrics) ""My love, do you ever dream of"" | E_VUBDyj-U0 31 shuri91: Soul 4 Real- Candy Rain | Ssv8xDGDeGo 8 TgotSoul: Soul For Real - Candy Rain LIVE at The Apollo 1995"
Soul II Soul	Keep On Movin'	1iQl46-zIcM	high	search	92	215	SoulIISoulVEVO	Soul II Soul, Caron Wheeler - Keep On Movin'	pCC0eXSAhYE 41 Supa Graph: Soul II Soul - Keep On Moving | 7Bg_xaAqPYw 40 The Disco Dance & Soul Channel: Soul II Soul - Keep On Movin (HQ) | LEHqOfKeabc 39 muzikman: Keep On Movin' - Soul II Soul 1989
Spice Girls	Spice Up Your Life	9wfpXI5PKlw	high	search	95	190	Spice Girls	Spice Girls - Spice Up Your Life (Official Music Video)	q6LExaHSOOU 83 Spice Girls: Spice Girls - Spice Up Your Life (Alternative Version) | NG2i4d8xOMo 78 Spice Girls: Spice Up Your Life | GXu-is5gAaI 75 Spice Girls: Spice Up Your Life
Spin Doctors	Jimmy Olsen's Blues	GrQCro68sRU	high	search	87	265	Spin Doctors	Spin Doctors - Jimmy Olsen's Blues (Promotional short form Video/New Version)	4SvGj6KkiGg 41 Purely GOOD MUSIC: Spin Doctors - Jimmy Olsen's Blues | re7oTQnih-0 40 InkblotPictures: Jimmy Olsen's Blues - Spin Doctors | eMgCKP1ziOY 38 steelygray: Spin Doctors - Jimmy Olsen's Blues - 1992-07-02
Spoon	The Underdog	7v0KCoPMTdU	high	search	87	228	Spoon	Spoon - The Underdog	p50JG49loH8 85 Spoon: Spoon - The Underdog | FqzdRKrHs2w 78 Spoon: The Underdog | LfhYh9uwmMc 75 Spoon: The Underdog
Squeeze	Hourglass	vIqpseoHOkE	high	search	78	198	Squeeze	Hourglass	Jt6QFf1VBSk 77 Squeeze: Hourglass | TNNpQM9TY84 42 Eduardo Montenegro M1: Squeeze - Hourglass (HQ) | JM3PWVDzlfQ 39 kaghup6: Squeeze - Hourglass
Stacey Q	Two Of Hearts	lfBdGT4dn4E	low	search	55	228	RHINO	Stacey Q - Two Of Hearts (Official Music Video)	"IcwSG_igmdY 44 Shout! Studios: The Facts of Life: The Complete Series (3/5) Cinnamon (Stacey Q) Performs ""Two of Hearts"" | YUceKKcb5mM 41 Majestic Sounds: Stacey Q - Two Of Hearts (Lyrics) | ujAcDs9Zeps 40 Johnsito G.: Stacey Q - Two of Hearts | HQ"
Stardust	Music Sounds Better with You	FQlAEiCb8m0	high	search	95	263	Stardust	Stardust - Music Sounds Better With You (Official Music Video)	EvHzRASaCxs 40 GoldenMusic: Stardust - Music Sounds Better With You |Audio HQ] | TuTpa0fJzWA 28 Processing '95: Stardust - Music Sounds Better With You [2019 Remaster] | sLqPSjOE1hI 13 IamLightningStruck: Music Sounds Better With You (Stardust)/Running (Mini Mix) - Leftovers
Starship	We Built This City	Diroq2sYMOw	high	search	84	252	Starship	Starship - We Built This City (Na, sowas!, 11.01.1986)	NtM3jjLP7AE 78 Starship: We Built This City | K1b8AhIsSYQ 57 RHINO: Starship - We Built This City (Official Music Video) [HD] | JW1kfoXtxzY 40 Young Pilgrim Music: Starship - We Built This City (Lyrics)
Stefano	Christmas On		none	search	29	0			GR-tM0I-tUI 4 Stefano Signoroni: Stefano Signoroni & The MC Band - CHRISTMAS DAY (feat.  Monica Hill) [Official Video] | _Oe9-ETU_Jc -3 stefanocecemusic: Stefano Cece - Christmas is coming | jeuNgK7XFFU -5 Stefano Signoroni: Stefano Signoroni & friends - White Christmas (vocal version)
Stefano	Perfect Holiday	pm7xt7KOiYg	low	search	34	163	Release - Topic	Perfect Holiday	Fwif2fPdy9U 33 David Nathan - Topic: Perfect Holiday | hBAvQxQgVTA -28 Cityline: 3 deliciously perfect pairings to go with Christmas dinner | JT0IDTYP8xQ -30 Cityline: A simple family casserole you can make on a weeknight
Stephen Sanchez	SWEET LOVE	B62HyHDheIE	high	search	95	184	Stephen Sanchez	Stephen Sanchez - SWEET LOVE (Official Video)	-t4bxgOCIbY 86 Stephen Sanchez: Stephen Sanchez - SWEET LOVE (Lyric Video) | o35XY_FdYac 40 Pop Station: Stephen Sanchez - SWEET LOVE | LoznpWQpjj4 38 Dex McGuire: Stephen Sanchez - Sweet Love (from album Love, Love, Love) - Good Morning America - March 16
Steppenwolf	Born To Be Wild	igvP806798U	high	search	89	213	Steppenwolf - Topic	Born To Be Wild (Single Version)	41cFf9N5F-A 45 Beat-Club: Steppenwolf - Born To Be Wild (1969) | egMWlD3fLJ8 41 Retrospective Soundtrack: Steppenwolf - Born To Be Wild (Easy Rider) (1969) | KVvidKyTwB8 41 Stereo Classics: Steppenwolf - Born to Be Wild (2023 Remaster)
Stereo MCs	Connected	aatK_l9Yuyk	high	search	95	247	Stereo MCs	Stereo MC's - Connected (Official Music Video)	LMGdRgtblmk 41 Kananesw O.: Stereo MC's - Connected (Full Length) | YvHVRDAnZ6o 40 rencfa: Connected - Stereo Mc's | XzZocl29n3Q 40 YouTob: Stereo MC's ● Connected (Remastered) [HQ]
Steve Miller Band	Abracadabra	tY8B0uQpwZs	high	search	95	220	Steve Miller Band	Steve Miller Band - Abracadabra (Official Music Video)	fkmbF-TIcWs 79 Steve Miller Band: Abracadabra (Remastered 2017) | J3uqwdhCIHo 54 Steve Miller Band: Steve Miller Band - Abracadabra (Live At Pine Knob, 1982) | 7QyoRzZrF00 41 MasterMusikChannel: Steve miller Band - Abracadabra
Steve Miller Band	Jet Airliner	JHa1hiFYbFQ	high	search	79	266	Steve Miller Band	Jet Airliner	rDiQGQb4-Ew 78 Steve Miller Band: Jet Airliner | -2VOfchMAHw 40 Jezza Fontane 2: Steve Miller Band   Jet Airliner LONG VERSION | tJZQLFHEdVU 38 Classic Sounds 70s: THE STEVE MILLER BAND - Jet Airliner (1977)
Steve Miller Band	Jungle Love	qGnCyMc_X-4	high	search	79	188	Steve Miller Band	Jungle Love	95owtLHoMHg 78 Steve Miller Band: Jungle Love | jXycxjuXiuU 78 Steve Miller Band: Jungle Love (Remastered 2017) | LEhY7EIS1Gk 38 Jovan: Steve Miller Band - Jungle Love
Steve Miller Band	Swingtown	6Wg0Y8EkNKI	high	search	78	237	Steve Miller Band	Swingtown	764q8bsvnaY 78 Steve Miller Band: Swingtown (Remastered 2017) | cTyFNA6939w 75 Steve Miller Band: Swingtown | 1jGYx0hMjM0 42 Suburbia Productions: The Steve Miller Band - Swing Town
Stevie B	Spring Love	DsQtMK4P9Rg	low	search	72	304	Stevie B Oficial	Stevie B - Spring Love (Official Music Video)	ADOiaqDp6bI 55 Stevie B Oficial: Spring Love | 8wuTlpr-ri0 44 YOUMUSIC: Stevie B - Spring Love (Audio) | iZSwFWUqG5w 27 Stevie B Oficial: Spring Love (Orignial Mix)
Stevie Nicks	I Can't Wait	aYrgcUojxLE	high	search	97	255	Stevie Nicks	Stevie Nicks - I Can't Wait (Official Video) [HD Remaster]	slMib1riwnw 78 Stevie Nicks: I Can't Wait | ufECaTaESc4 40 Melodic Mayhem: Stevie Nicks - I Can't Wait (1985) | UqtvmZwQs80 39 Grand Theft Auto Radio: Stevie Nicks - I Can't Wait
Stevie Ray Vaughan And Double Trouble	Pride and Joy	I3MTGhRC82s	low	search	72	224	Stevie Ray Vaughan	Stevie Ray Vaughan & Double Trouble - Pride and Joy (Official Audio)	y1Xh-UepaUs 53 Stevie Ray Vaughan: Pride and Joy | hDlSI_-z8Tc 52 Stevie Ray Vaughan: Pride and Joy | kfjXp4KTTY8 33 Stevie Ray Vaughan: Stevie Ray Vaughan & Double Trouble - Pride And Joy (Live at Montreux 1982)
Stevie Wonder	Higher Ground	zGSxvH5i6XQ	high	search	78	192	Stevie Wonder	Higher Ground (Single Version)	1esf0efHbjM 77 Stevie Wonder: Higher Ground | I1_uU9eIZRo 47 Musikladen: Stevie Wonder - Higher Ground (1974) | 3hGSqqhhokE 43 Playing For Change: Higher Ground (Stevie Wonder) | Playing For Change | Song Around the World
Stevie Wonder	I Wish	sbAJ9ihzIks	high	search	78	253	Stevie Wonder	I Wish	WBFXXDuTP4o 75 Stevie Wonder: I Wish (Single Edit) | hYKYka-PNt0 42 Lukefilter: Stevie Wonder - I Wish (the original version) | Me-HOoM-3D4 40 virtualdrummer: Stevie Wonder - I wish
Stevie Wonder	Isn't She Lovely	oE56g61mW44	high	search	79	200	Stevie Wonder	Isn't She Lovely	9-n3Ydy7ras 41 johnniewalker23: Stevie Wonder - Isn't She Lovely | IVvkjuEAwgU 40 Jan Biester: Stevie Wonder-Isn't She Lovely Lyrics | Vw4PxzBkJA8 38 mark podgurski: Stevie Wonder I wish   Isn't she lovely
Stevie Wonder	Skeletons	XsUsj7YSjf4	high	search	79	297	Stevie Wonder	Skeletons	Q-7RCRxG9Ww 78 Stevie Wonder: Skeletons | Bd9VSjTdEKo 46 Motown Records Fan Page: Stevie Wonder - Skeletons (Official Music Video) | u94yWGkoA6o 40 Tyler Krikorian: Stevie Wonder - Skeletons
Stevie Wonder	That Girl	4a0cmyOL9s8	high	search	79	315	Stevie Wonder	That Girl	eagQKwVendA 41 johnniewalker23: Stevie Wonder - That Girl | -nUaJcHDZsc 40 d7radiotv: Stevie Wonder that girl | Dd8ATL-eu6I 38 izugarria: Stevie Wonder - That Girl (Musiquarium)
Stevie Wonder	What Christmas Means To Me	mQZ2F9kM-ZE	high	search	78	148	Stevie Wonder	What Christmas Means To Me	tDO4MX9adVI 44 The Pro Kids Holiday Vocal Troupe: What Christmas Means To Me by Stevie Wonder - Lyric Video | wtgGBgpNcIo 42 ChristmasTimeTV: Stevie Wonder - What Christmas Means To Me (Tamla Records 1967) | bg8fCyRbv_I 40 hermyandloopy: What Christmas Means To Me - Stevie Wonder   • Lyrics •
Sting	Desert Rose (feat. Cheb Mami)	C3lWwBslWqg	high	search	87	284	Sting	Sting - Desert Rose	3gzqsmx1KGU 41 Lara Of Bosnia Save Our Planet: STING & CHEB MAMI - DESERT ROSE | dpz2yIvMGVc 39 Malurus Lyrics: Sting - Desert Rose (Lyrics) | lJxo4_Eza2I 10 Zadkiel602: Sting and Cheb  Mami-Live-Desert Rose
Sting	If You Love Somebody Set Them Free	LSGl3d4KOMk	high	search	87	246	Sting	Sting - If You Love Somebody Set Them Free	P6mMoDUlV_U 83 Sting: Sting - If You Love Somebody Set Them Free (My Songs Version/Audio) | 7NU8HC1YUBA 41 Music: Sting - If You Love Somebody Set Them Free | ncDdP0UkUTU 40 Boris: Sting If You Love Somebody Set Them Free (Remastered 2024) SHQ
Sting	We'll Be Together	KYps5LfOaGg	high	search	87	289	Sting	Sting - We'll Be Together	mieP0fkvVNc 78 Sting: We'll Be Together | tVup9EUKeFo 50 Sting: We'll Be Together (Extended Mix) | qXp1CyFRRdk 40 Music: Sting - We'll Be Together
Stone Temple Pilots	Trippin' on a Hole in a Paper Heart	HVPzWkdhwrw	high	search	95	179	Stone Temple Pilots	Stone Temple Pilots - Trippin' on a Hole in A Paper Heart (Official Music Video)	HfSMc-bHe5E 92 Stone Temple Pilots: Stone Temple Pilots – Trippin' On A Hole In A Paper Heart (Early Version) [Official  | ZPJUUFta7A0 41 TheJP0925: Stone Temple Pilots - Trippin' On a Hole In a Paper Heart Lyrics | sMMgYvT8x3w 40 STPLIVE: Stone Temple Pilots - Trippin' on a Hole in a Paper Heart  (Bizarre Festival 2001) HD
Stone Temple Pilots	Wicked Garden	2oPeZFOpPAM	high	search	95	245	Stone Temple Pilots	Stone Temple Pilots - Wicked Garden (Official Music Video)	lnLuvaSXfig 41 BTLoffical: Stone Temple Pilots - Wicked Garden | k7grHSYyaWc 40 LISTENING PARTY: Wicked Garden - Stone Temple Pilots [HQ] | vFJfweyfHCI 38 Brian: Wicked Garden - Stone Temple Pilots
Stray Kids	Do It	kaBPTrvzf8c	high	search	85	167	Stray Kids	"Stray Kids ""Do It"" Dance Practice Video"	"ZSy5AcukDjI 83 Stray Kids: Stray Kids ""Do It"" (Feat. STAY) Guide Video | NED7nev2ywQ 47 JYP Entertainment: Stray Kids ""Do It"" M/V | bRCP3Jw6mpg 46 ShadowByYoongi: Stray Kids 'Do It' Lyrics (스트레이 키즈 Do It 가사) [Color Coded Han_Rom_Eng] | ShadowByYoongi"
Stray Kids	LALALALA	r7GdqNUo_uE	high	search	85	188	Stray Kids	"Stray Kids ""락 (樂) (LALALALA)"" Dance Practice Video"	"dBDkYofMUs4 47 JYP Entertainment: Stray Kids ""락 (樂) (LALALALA)"" M/V | urWiJrfqZWU 46 Jaeguchi: Stray Kids '락 (樂) (LALALALA)' Lyrics (Color Coded Lyrics) | rwiskJjUjig 45 STUDIO CHOOM [스튜디오 춤]: [BE ORIGINAL] Stray Kids(스트레이 키즈) '락 (樂) (LALALALA)' (4K)"
Stray Kids	Lose My Breath (feat. Charlie Puth)	0-sXXxF4sCE	high	search	85	170	Stray Kids	"Stray Kids ""Lose My Breath (Stray Kids Ver.)"" Performance | The Kelly Clarkson Show"	"SE05iCw3qY8 56 Stray Kids: Stray Kids ""Lose My Breath (Stray Kids Ver.)"" Live Video | SQ1yPMTIwCU 47 JYP Entertainment: Stray Kids ""Lose My Breath (Feat. Charlie Puth)"" M/V | y-uRm1daZL0 47 JXS_BP Official: Stray Kids (스트레이 키즈) 'Lose My Breath (feat. Charlie Puth)' Official Audio"
Stray Kids	Lose My Breath - Stray Kids Ver. (Feat. Charlie Puth)	0-sXXxF4sCE	high	search	85	170	Stray Kids	"Stray Kids ""Lose My Breath (Stray Kids Ver.)"" Performance | The Kelly Clarkson Show"	"Zj_dwLj-lWY 83 Stray Kids: Stray Kids ""Lose My Breath (Stray Kids Ver.)"" Lyric Visualizer | SE05iCw3qY8 56 Stray Kids: Stray Kids ""Lose My Breath (Stray Kids Ver.)"" Live Video | E8n-DPK21-Y 39 Jaehypen: Stray Kids 'Lose My Breath (Stray Kids Ver.)' Lyrics (Color Coded Lyrics)"
Styx	Blue Collar Man (Long Nights)	CDM6v1XhWEg	high	search	87	281	STYX	Styx - Blue Collar Man (Long Nights)	astDDt5OUYM 78 STYX: Blue Collar Man (Long Nights) | nx0NfX_k9P4 76 STYX: Blue Collar Man (Long Nights) | 0hvI74tsTao 75 STYX: Blue Collar Man (Long Nights)
Styx	Mr. Roboto	uc6f_2nPSX8	high	search	95	335	STYX	Styx - Mr. Roboto (Official Video)	j4Fhwekkc7s 41 Infinite Music: Styx - Mr. Roboto (Lyrics) | L6DP4VijKms 40 ♪FenderGibson Sounds♪: Styx | Mr. Roboto (HQ) | aRIhyxoJseA 40 Brian Martens Music: Styx - Mr.  Roboto - Remastered
Sugarland	Babe (Feat. Taylor Swift)	l25AL0BdD6w	high	search	87	280	Sugarland	Sugarland - Babe ft. Taylor Swift	fNVUTgd4pio 86 Sugarland: Sugarland - Babe (Static Video) ft. Taylor Swift | jwK5v-tFtr8 76 Sugarland: Babe | FIOD60JJewo 53 Sugarland: Sugarland - Babe (Live From The TODAY Show/2018)
Suki Waterhouse	Supersad	bkTqDN26efA	high	search	95	185	Suki Waterhouse	Suki Waterhouse - Supersad (Official Video)	"rYSkpvhhxEo 41 Zaya Lyrics: Suki Waterhouse - Supersad (Lyrics) | a_1puyFyRyg 41 🎸 D'BUSHMAN LIVE MUSIC & EVENTS: Suki Waterhouse-""Supersad"" 4K Video @  The Warfield-San Francisco, CA. 1 | kwjjbEmP9yM 40 TrulyIndie | Indie Pop & Indie Music: Suki Waterhouse - Supersad 🎶"
sunkis	CRUSH (with ASTN & Bren Joy)	KbPoW2P-wGY	high	search	87	201	sunkis	sunkis - CRUSH (with ASTN & Bren Joy) - Official Lyric Video	ddI1sm9GpZQ 41 라방기록: 250601 sunkis - CRUSH (feat. ASTN & Bren Joy) [ @ HITC LA 2025 ] | 4mLPDtw9K2k 40 InTuneLyrics: sunkis with ASTN & Bren Joy - Crush (Lyrics) | U8kxwrMqUuY 39 leandrinho77 pereira: sunkis - CRUSH (with ASTN _ Bren Joy) - Official Lyric Video clipe
SUPER-Hi & NEEKA	Get Ready (For Christmas)	fbeBb8pFRkI	low	search	55	193	SUPER-Hi	Get Ready (For Christmas)	VHlHrZkCTBA 34 We Heart Alt! and Ansatz Music: Get Ready (For Christmas) - SUPER-Hi x NEEKA | TKkcsmvYTw4 -22 OneRepublic: OneRepublic - Run (Official Music Video) | Q4VjDocvARA -25 Kevin Crawford: SUPER-HI & NEEKA ☦️🤪🌈❤️⚡️ #LoveCeFromHigh #RockstarsLowered #JesusIsLord ⚡️❤️🌈🤪☦️
Supershy (Tom Misch)	Feel Like Makin' Love (feat. Roberta Flack)	jXZfuN9jaFM	low	search	56	215	Supershy	Supershy - Feel Like Makin’ Love (feat. Roberta Flack)	xz3ioNNFVPk 39 Lirikan: Feel Like Makin' Love | Supershy, Tom Misch, Roberta Flack | Lirik Terjemahan Indonesia | BUTHVWZMmV0 35 MISTER C Official: Feel Like Makin' Love (Extended Version) | tflYyzEVsVY 33 Maslow Unknown: SUPERSHY - FEEL LIKE MAKIN' LOVE FEAT. ROBERTA FLACK [BEYOND THE GROOVE]
Surf Mesa	Carried Away	eiOGcnjob70	high	search	87	186	Surf Mesa	Surf Mesa, Madison Beer - Carried Away (Love To Love)	b9U3OBVRJhQ 85 Surf Mesa: Surf Mesa, Madison Beer - Carried Away (Love To Love) (Lyric Video) | ssGd-oFgW_k 76 Surf Mesa: Carried Away (Love To Love) | wi4kXL7BaSI 48 Surf Mesa: Surf Mesa - Carried Away (Love To Love) (Tchami Remix / Visualizer) ft. Madison Beer
Surf Mesa	Energy (feat. Zeeba)		none	search	-19	0			2FGGKeZTuU0 -22 Spinnin' Records: Chemical Surf - The Way (Official Audio) | SiXYvGE_X68 -31 F I D E L I O: Bruno Martini, Zeeba - I Do (Sub Español) | pVy0HlZP-ns -35 Beyond Radio: Crystal Skies & Mazare - Hear Me Now (feat. Luma) [DnB/Melodic Dubstep | Ophelia]
Survivor	High On You	fxhueyC70cU	high	search	87	255	Survivor Band	Survivor - High On You	2D2vqM71n5A 62 survivor0910: Survivor - High On You | g5rvJvg4eT0 53 Survivor Band: Survivor - High on You (Live in Japan 1985) | YmXgophzDq4 46 7clouds Rock: Survivor - High on You (Lyrics)
Swedish House Mafia	Don't You Worry Child	1y6smkh6c-0	high	search	95	335	Swedish House Mafia	Swedish House Mafia ft. John Martin - Don't You Worry Child (Official Video)	r1MN4pR5wXM 85 Swedish House Mafia: Swedish House Mafia - Don't You Worry Child feat. John Martin (Pete Tong Radio 1 Exc | jLQN0asg0u0 44 Popular Music: Swedish House Mafia ft. John Martin - Don't You Worry Child | DB8v0nYvGrE 41 Dreamwave studios: Swedish House Mafia - Don't You Worry Child LYRICS
Swedish House Mafia	Moth To A Flame (feat. The Weeknd)	goi92D59kIg	high	search	84	235	Swedish House Mafia	Swedish House Mafia and The Weeknd - Moth To A Flame (Official Lyric Video)	u9n7Cw-4_HQ 55 The Weeknd: Swedish House Mafia and The Weeknd - Moth To A Flame (Official Video) | Dhp1cMpNdbg 50 Swedish House Mafia: Moth To A Flame (Extended Mix) | 41NqrsMtfbw 46 TrendingTracks: Swedish House Mafia ft. The Weeknd - Moth To A Flame (Lyrics)
Swedish House Mafia	Save The World (feat. John Martin)	BXpdmKELE1k	high	search	95	216	Swedish House Mafia	Swedish House Mafia - Save The World (Official Video)	Kpw716_0fg8 54 Swedish House Mafia: Swedish House Mafia - Save The World (Live) | 8xPJ6dwofUw 38 CheshireCatVEVO: Swedish House Mafia - Save The World (Audio) | 1y6smkh6c-0 29 Swedish House Mafia: Swedish House Mafia ft. John Martin - Don't You Worry Child (Official Video)
Sweet	Fox On The Run	qBdFA6sI6-8	low	search	64	200	Official Sweet Channel	Sweet - Fox On The Run - Promo Clip (OFFICIAL)	kRv7EjjwYBI 62 Official Sweet Channel: Sweet - Fox On The Run - 45 (OFFICIAL) | 9jNt7ZGCW-o 61 Official Sweet Channel: Sweet - Fox On The Run - Top Of The Pops 23.12.1975 (OFFICIAL) | 5fZ8qKHdSHo 60 Official Sweet Channel: Sweet - Fox On The Run - ZDF Fernsehgarten 17.07.2011 (OFFICIAL)
Swimming Tapes	Alison	R2-2jArKxqY	high	search	95	196	Swimming Tapes	Swimming Tapes -  Alison (Official Audio)	HgDfTKB3zyg 40 Sounds New Sounds Good: Swimming Tapes - Alison | OmejJ2REGjA 39 B3SCI Records: Swimming Tapes - Alison | k3flO2DeQ_E 11 DistillerTV: Swimming Tapes - Alison | Live From The Distillery
Sylvester	You Make Me Feel (Mighty Real)	c3vtOEiO6TY	high	search	94	401	Sylvester	Sylvester - You Make Me Feel (Mighty Real) (Official Audio)	gD6cPE2BHic 87 Sylvester: Sylvester - You Make Me Feel (Mighty Real) | MChQ721BxiM 78 Sylvester: You Make Me Feel (Mighty Real) (Remastered 2025) | SI5LVlR1DKg 75 Sylvester: You Make Me Feel  (Mighty Real)
Tag Team	Whoomp! There It Is (Clean Version)	L6mNa_QZVHg	high	search	88	226	Tag Team - Topic	Whoomp! There It Is (Radio Edit)	uVkAbi2Bwf4 85 Tag Team - Topic: Whoomp! (There It Is) | ffCEr327W44 42 suhoruch: Tag Team - Whoomp! (There It Is) | c8AyVhs3gJU 40 Mac Campbell: Tag Team - Whoomp! (There It Is) (Original) [HQ]
Tag Team	Whoop! (There It Is)		none	search	23	0			uVkAbi2Bwf4 20 Tag Team - Topic: Whoomp! (There It Is) | ffCEr327W44 -23 suhoruch: Tag Team - Whoomp! (There It Is) | c8AyVhs3gJU -25 Mac Campbell: Tag Team - Whoomp! (There It Is) (Original) [HQ]
Taio Cruz	Break Your Heart (Remix feat. Ludacris)	y_SI2EDM6Lo	low	search	65	192	Taio Cruz	Taio Cruz - Break Your Heart (Official Video) ft. Ludacris	B-ou6uWaRr0 40 Marc Stout: Taio Cruz - Break Your Heart (feat. Ludacris) [Mixin Marc & Tony Svejda Remix] | rt_MIIdM1IM 39 ProDuctionsGamesHD: Taio Cruz Feat -  Ludacris - Break Your Heart Remix Techno | -uXwlkg_XPw 16 Tony Nguyen: Taio Cruz (ft. Ludacris) - Break Your Heart (Remix)
Taio Cruz	Dynamite	VUjdiDeJ0xg	high	search	95	250	Taio Cruz	Taio Cruz - Dynamite (Official Video)	cmubIGaKf2I 83 Taio Cruz: Taio Cruz - Dynamite | II6qHb1880o 46 Mazen Johar: Taio Cruz - Dynamite (Official Video Edit) | AFVHhb6GSMI 43 Forever Hits: Taio Cruz - Dynamite (Lyrics) | 4K Visualizer
Taio Cruz	Higher	FrK6N4db-ik	high	search	94	222	Taio Cruz	Taio Cruz - Higher (Official Video) ft. Travie McCoy	KRBS5WZMdik 87 Taio Cruz: Taio Cruz - Higher (Official UK Version) ft. Kylie Minogue | 1aHJNV5dm6c 77 Taio Cruz: Higher | RYPcpydvv1s 75 Taio Cruz: Higher
Talking Heads	Girlfriend Is Better	aK7hC8p5DJ0	high	search	80	344	Talking Heads	Girlfriend Is Better (2005 Remaster)	OL_uB_4RlJQ 75 Talking Heads: Girlfriend Is Better | GMTAjgmJvYs 48 Talking Heads: Girlfriend is Better (Live) (2023 Remaster) | lLFPDPMfrUw 44 80s records and cassettes: Talking Heads - Girlfriend Is Better (HD)
Talking Heads	Once in a Lifetime	5IsSpAOD6K8	high	search	95	225	Talking Heads	Talking Heads - Once in a Lifetime (Official Video)	fR0jgT9UX0Q 94 Talking Heads: Talking Heads - Once In A Lifetime (Official Audio) | avU4G1akaao 78 Talking Heads: Once in a Lifetime (2003 Remaster) | 9Ew1FxWY83g 40 Song Lyrics HD: Talking Heads - Once In A Lifetime (Lyrics HD)
Tame Impala	Afterthought	KaZDR2yomgA	high	search	95	244	Tame Impala	Tame Impala - Afterthought (Official Audio)	69VooFOYzoI 41 OnLyrics: Tame Impala - Afterthought (Lyrics) | F-2AyzIWEBs 38 throwawaybackup: Tame Impala - Afterthought (432hz) | E7Vp-nYSGCM 9 Childish Brandino: Tame Impala Performs “Afterthought” LIVE at Barclays Center 10.28.25 Brooklyn, New York
Tate McRae	Just Keep Watching (From F1® The Movie)	dpvQqmX6SUI	high	search	95	147	Tate McRae	Tate McRae - Just Keep Watching (From F1® The Movie) (Official Video)	lYkVZpTjuOs 75 Tate McRae: Just Keep Watching | 8ORKG0i07Dc 48 F1 The Album: Tate McRae - Just Keep Watching (From F1® The Movie) [Official Audio] | HclsqV4jEUw 41 LatinHype: Tate McRae - Just Keep Watching (From F1® The Movie)
Taylor Dayne	Can't Get Enough Of Your Love	ARErtoVJqU4	high	search	95	258	taylordayne	Taylor Dayne - Can't Get Enough Of Your Love (Official Video)	FCEBUho9YFQ 77 taylordayne: Can't Get Enough (Of Your Love Babe) | Z4Wv05WPlSA 50 taylordayne: Can't Get Enough of Your Love (C+C Extended Album Club Mix) | oYAqEktrckk 41 Love Nest: Can't Get Enough of Your Love, Babe - Taylor Dayne
Taylor Dayne	Tell It To My Heart	Ud6sU3AclT4	high	search	87	222	taylordayne	Taylor Dayne - Tell It to My Heart	TQEGZi7dEhs 78 taylordayne: Tell It to My Heart | sj_CepnZzPU 77 taylordayne: Tell It to My Heart | MUykFaVSzXI 50 taylordayne: Tell It to My Heart (Club Mix)
Taylor Swift	...Ready For It?	wIft-t-MQuE	high	search	87	211	Taylor Swift	Taylor Swift - …Ready For It?	T62maKYX9tU 86 Taylor Swift: Taylor Swift - ...Ready For It? (Audio) | Tl5hiG4sHPw 40 Hade Music: Taylor Swift - Ready For It (Lyrics) | MU_iW_7xZh4 39 Treble Clef Music: Taylor Swift - ...Ready For It? (The Eras Tour Film) | Treble Clef Music
Taylor Swift	Christmas Tree Farm	mN3rDTAdM2o	high	search	87	225	Taylor Swift	Taylor Swift - Christmas Tree Farm	Ozk8xq0Lp1g 86 Taylor Swift: Taylor Swift - Christmas Tree Farm (Lyric Video) | O2Irnn7F1PM 83 Taylor Swift: Taylor Swift - The Making Of Christmas Tree Farm | VoYf9lb_07w 39 Music Lyrics channel: Taylor Swift – Christmas Tree Farm (Lyrics)
Taylor Swift	Gorgeous	EUoe7cf0HYw	high	search	87	212	Taylor Swift	Taylor Swift - Gorgeous (Lyric Video)	dI5rNnED7iY 41 Hade Music: Taylor swift - Gorgeous (Lyrics) | EsLmvJjYBkg 40 Traduction Argentas: Taylor Swift - Gorgeous (Music Video) | c8uCZD7Ow2k 38 Audioandlyrics: Taylor Swift - Gorgeous (Lyrics)
Taylor Swift	I Can Do It With a Broken Heart	Sl6en1NPTYM	high	search	95	223	Taylor Swift	Taylor Swift - I Can Do It With A Broken Heart (Official Video)	i8_w_m6HLJ0 86 Taylor Swift: Taylor Swift - I Can Do It With a Broken Heart (Official Lyric Video) | XjlSBN82hfo 75 Taylor Swift: I Can Do It With a Broken Heart | U9qaJLzsfJg 44 7clouds: Taylor Swift - I Can Do It With a Broken Heart (Lyrics)
Taylor Swift	Love Story (Taylor's Version)	aXzVF3XeS8M	high	search	87	241	Taylor Swift	Taylor Swift - Love Story (Taylor’s Version) [Official Lyric Video]	8xg3vE8Ie_E 83 Taylor Swift: Taylor Swift - Love Story | KrsqPE9SMxo 43 Lost Panda: Taylor Swift - Love Story (Lyrics) | aGgnOChmbCo 42 MOTW - music of the world: Taylor Swift - Love Story (Taylor’s Version) (Official HD Audio)
Taylor Swift	Mean (Taylor's Version)	8AR1dKawCi8	high	search	87	243	Taylor Swift	Taylor Swift - Mean (Taylor's Version) (Lyric Video)	jYa1eI1hpDE 85 Taylor Swift: Taylor Swift - Mean | E2GpVcTcsj4 69 Taylor Swiftie: Taylor Swift - Mean (Taylor's Version) (Official Video) | faiO4RTze4A 41 LYENZURA : TAYLOR SWIFT - Mean (Taylor’s Version) (Lyrics)
Taylor Swift	Message In A Bottle (Taylor's Version)	cVaG6adE2mA	high	search	87	227	Taylor Swift	Taylor Swift - Message In A Bottle (Taylor's Version) (From The Vault) (Lyric Video)	94dEEW4IAiI 46 𝑠𝑡𝑎𝑟𝑟𝑦༄: Taylor Swift - Message In A Bottle (Taylor's Version) (From The Vault) (Official Music Video) | v783E3bp35I 41 Hade Music: Taylor Swift - Message In A Bottle (Lyrics) | mVzdAXcXzV4 32 Release - Topic: Message In A Bottle (Taylor's Version) (From The Vault)
Taylor Swift	Opalite	1FVF-9KQiPo	high	search	95	360	Taylor Swift	Taylor Swift - Opalite (Official Music Video)	4FUIEcnvT04 86 Taylor Swift: Taylor Swift - Opalite (Visualizer) | 3PJC6uPIekc 84 Taylor Swift: Taylor Swift - Opalite (Lyric Video) | ryFUW_pab4w 60 Taylor Swift Clips: Taylor Swift - Opalite (Music Video)
Taylor Swift	Paper Rings	8zdg-pDF10g	high	search	95	224	Taylor Swift	Taylor Swift - Paper Rings (Official Audio)	"5Bo0laPyRCw 46 EAS Music Channel: [Enhanced HD • 60fps] “Paper Rings"" - Taylor Swift | TET 2024 EAS Channel | CPhZca2Msa8 46 Music Industry Fan: Taylor Swift - Paper Rings (Official Video) | qL3NKbMScco 41 Lyrics by Madison: Taylor Swift - Paper Rings (Lyric Video)"
Taylor Swift	Shake It Off (Taylor's Version)	mvVBuG4IOW4	high	search	86	225	Taylor Swift	Taylor Swift - Shake It Off (Taylor's Version) (Lyric Video)	H59xVMF4zxE 79 Taylor Swift: Shake It Off (Taylor's Version) | M_JiMkVx0FU 48 Taylor's Version: Taylor Swift - Shake It Off (Taylor's Version) (Updated Official Music Video) | Z4A9ZZo_rAE 43 Lost Panda: Taylor Swift - Shake It Off (Lyrics)
Taylor Swift	You Belong With Me	VuNIsY6JdUw	high	search	87	229	Taylor Swift	Taylor Swift - You Belong With Me	vwp8Ur6tO-8 85 Taylor Swift: Taylor Swift - You Belong With Me (Taylor's Version) (Lyric Video) | yA3jAcbIzHM 41 Watermelon Music and bemu: Taylor Swift - You Belong With Me (Lyrics) | 6qro7TWqTV4 41 Swift Leaks Backup: Taylor Swift - You Belong With Me (Taylor's Version) (Music Video 4K)
Technotronic	Get Up (Before The Night Is Over)	a6xDiPubxVU	high	search	87	212	Technotronic	Technotronic - Get Up (Before The Night Is Over)	MxgMie9fuuM 78 Technotronic: Get Up (Before The Night Is Over) | 03yrtE4S_hY 42 G A: Technotronic -  Get Up (Before The Night Is Over) (1989) (4K) | R_YMekGnX2U 39 Countdown: Technotronic - Get Up! (Before the Night Is Over) (Countdown, 1990)
Technotronic	Pump Up The Jam	9EcjWd-O4jI	high	search	95	222	Technotronic	Technotronic - Pump Up The Jam (Official Music Video)	wE3ymK6MCvc 43 Digital Mount: Technotronic - Pump Up the Jam (Lyrics) | sgJC3T0JWDY 41 Countdown: Technotronic - Pump Up The Jam | COUNTDOWN (1989) | 7ZQQZ5B72gQ 40 Thomas Thibault: Technotronic - Pump up the Jam (Audio)
Technotronic	This Beat Is Technotronic	w2I64cb6Hfo	high	search	86	327	Technotronic	This Beat Is Technotronic	2Ufo1o82qlQ 42 OLD TAPES: TECHNOTRONIC  - This Beat Is Technotronic | c1d3SB3vRDU 40 Rafael Romero: Technotronic -This Beat Is Technotronic (Extended) | KcMTVjEuk6M 38 Техно Микс 90: Technotronic ft. MC Eric - This Beat Is Technotronic 1990
Teddy Swims	Bad Dreams (HUGEL Remix) (HUGEL Remix)	ddVHqjyavv0	high	search	87	182	Teddy Swims	Teddy Swims - Bad Dreams (HUGEL Remix) [Official Lyric Video]	Qh8QwVYOSVU 62 Teddy Swims: Teddy Swims - Bad Dreams (Official Music Video) | dodZcj9w2yE 46 HUGEL: Teddy Swims - Bad Dreams (HUGEL Remix) | TDT6PkXeKy0 43 AFRODISIA: Teddy Swims - Bad Dreams (HUGEL Afro House Remix)
Teddy Swims	Lose Control (Tiësto Remix)	ULKPOWolVu8	high	search	87	166	Teddy Swims	Teddy Swims - Lose Control (Tiësto Remix)	4rZpYBE7eVs 86 Teddy Swims: Teddy Swims - Lose Control (Tiësto Extended Remix) | HWJdnb6oblY 44 Bass Boosted: Teddy Swims - Lose Control (Tiësto Remix) [Bass Boosted] | eCYGU40usA4 40 SoundRecording TM: Teddy Swims - Lose Control (Tiësto Extended Remix)
Teddy Swims	The Door	VSXT4a2kRHA	high	search	95	212	Teddy Swims	Teddy Swims - The Door (Official Music Video)	MNizcYlTY6A 83 Teddy Swims: Teddy Swims - The Door (Tiago PZK Version) [Official Lyric Video] | b00RCluE5RM 56 Teddy Swims: Teddy Swims - The Door (Live) | MO9WbdToqKM 45 7clouds: Teddy Swims - The Door (Lyrics)
Teddy Swims	The Door (CYRIL Remix)	SrlKQGQI2Ks	high	search	87	211	Teddy Swims	Teddy Swims - The Door (CYRIL Remix) [Official Lyric Video]	VSXT4a2kRHA 63 Teddy Swims: Teddy Swims - The Door (Official Music Video) | MNizcYlTY6A 53 Teddy Swims: Teddy Swims - The Door (Tiago PZK Version) [Official Lyric Video] | c3dSR-dF9AU 46 MrRevillz: Teddy Swims - The Door (CYRIL Remix)
Teddybears	Punkrocker (Feat. Iggy Pop) [Squeak E Clean Remix]	EHP3NwY5fz8	low	search	54	242	teddybears	Punkrocker (Feat. Iggy Pop) (Squeak E Clean Remix)	"jgZJrItiBNg 13 Cassiopeia: Teddybears - Punkrocker (Superman) (Lyrics) ft. Iggy Pop | xqx5palqu0I 10 The Alt Cut: ""Punkrocker"" by Teddybears feat. Iggy Pop – Superman Credits Version 80% | c2nHoyOjbB4 8 Brian Mac: Punkrocker (Feat Iggy Pop) (Squeak E Clean Remix)"
Tedeschi Trucks Band	I Got You	tLIEnDeSeBU	high	search	95	261	Tedeschi Trucks Band	Tedeschi Trucks Band - I Got You (Official Music Video)	USYWAv-8VV0 76 Tedeschi Trucks Band: Behind The Song: I Got You | xgAQsz_WTec 41 DanLucky11: Tedeschi Trucks Band - I Got You - Empower FCU Amphitheater - Syracuse, NY - August 28, 2025 | rYj4JPw_8wQ 40 Scott Conacher: Tedeschi Trucks Band, I Got You, Beacon Theater, 3-14-26
Teena Marie	Lovergirl	1fyWgjhe_Zg	high	search	87	292	Teena Marie	Teena Marie - Lovergirl	"17lidZaKKPI 78 Teena Marie: Lovergirl | uPIl8_OrIjA 51 Teena Marie: Lovergirl (Special 12"" Mix) | je4HZ3t9Iig 45 7clouds Rock: Teena Marie - Lovergirl (Lyrics)"
Tenille Arts	Somebody Like That	rX-S5dwsTVA	high	search	95	200	Tenille Arts	Tenille Arts - Somebody Like That - Official Music Video	"HGivy58aGQ4 46 Harmony: Tenille Arts - Somebody Like That (Lyrics) | EtJhJSx3h80 44 Tenille Arts: Tenille Arts - Somebody Like That - Acoustic Video | 7zkkxM-x4eo 38 Song Suffragettes: Tenille Arts - ""Somebody Like That"""
Tevin Campbell	I2I	j4asUD0Ip5c	high	search	89	242	Tevin Campbell - Topic	I2I	"9egDNv987DU 41 PopsONE0: Tevin Campbell (Powerline)- I 2 I (A Goofy Movie Soundtrack) | EsNS5gnUTj4 34 Shoopdawho0p: A Goofy Movie ~ Eye to Eye I2I Scene (HD) | 7h9LP_JUVVs 30 Incomplete Beat: A Goofy Movie ""I 2 I"" Music Video (Full Song)"
Tevin Campbell	Round and Round	CfL3eCShKgQ	high	search	86	294	Tevin Campbell - Topic	Round and Round (Soul Mix Edit)	"R37iPgztcFc 44 Malik ""Mixmaster Heavy M."" Jefferson: Tevin Campbell - Round And Round (1990 HD) | 6wVyiGrHjMs 43 Baile Charme Music Ambiré: Tevin Campbell - Round And Round [ HD Widescreen Music Video ] | XOS5iF-OGqA 40 BebotExpress: Tevin Campbell (Feat. Prince) - Round & Round"
THAT KIND	Dreams	aQ--yWf6Bt4	high	search	86	229	THAT KIND	THAT KIND - Dreams [Official Visualiser]	-u5LgkoVfHE 83 THAT KIND: HOW TO MAKE: THAT KIND - Dreams | ZWM8NM6_0sA 47 The Vibe Guide: That Kind - Dreams (Lyrics) | 6vhM9-0sHDI 40 Big Beat Records: THAT KIND - Dreams
The 1975	Happiness (Dance Floor Edit)	rR1lgEMMJwo	high	search	94	287	The 1975	The 1975 - Happiness (Official Video)	fh3vJmWTEEI 79 The 1975: Happiness (Dance Floor Edit) | UO5T9P9VOto 40 Travel Music: The 1975 - Happiness (Dance Floor Edit) (Lyrics) | BSkEjvY4f1M 39 Rock Paradise: The 1975 - Happiness (Dance Floor Edit) [Lyrics]
The 1975	It's Not Living (If It's Not With You)	FzfKn-hlZwo	high	search	86	444	The 1975	The 1975 - It's Not Living (If It's Not With You)	_G0WKkjgNU4 83 The 1975: The 1975 - It's Not Living (If It's Not With You) (Vertical Video) | sWEqBjDy8jM 75 The 1975: It's Not Living (If It's Not With You) | ZqoXU583vsY 47 heartbroke corner: The 1975 ~ It's Not Living (If It's Not With You) Lyrics
The 1975	The Sound	FSnAllHtG70	high	search	87	266	The 1975	The 1975 - The Sound	LAOOgWLb9AA 54 The 1975: The 1975 - The Sound (Live From The Tonight Show Starring Jimmy Fallon) | WttRqGhVHKs 45 The 1975: The Sound (Live from Madison Square Garden, New York, 07.11.22) | H_8q8_GJN00 41 AyeLyrics: The 1975 - The Sound (Lyrics)
The Aces	Always Get This Way	ZsCfVcBFlt4	high	search	87	191	the aces	The Aces - Always Get This Way (Official Lyric Video)	h0QSNbj1iVU 54 the aces: The Aces - Always Get This Way (Live from BBC Maida Vale) | YzcfWX42lBQ 38 Mariah: Always Get This Way by The Aces at Red Rocks 6/19/26 | nCU8pqbcW1Y 11 Karma: The Aces - Always Get This Way | Live From My Den
The Alan Parsons Project	Games People Play	SLi7Ljcy6n8	high	search	89	206	The Alan Parsons Project	The Alan Parsons Project - Games People Play (Official HD Video)	YKtzP5a-yJ4 75 The Alan Parsons Project: Games People Play (Single Edit) | wZC6NyrGDcQ 41 josejam1: THE ALAN PARSONS PROJECT-GAMES PEOPLE PLAY | DCk5t1UChTM 40 Song Lyrics HD: The Alan Parsons Project - Games People Play (Lyrics HD)
The Allman Brothers Band	Ramblin' Man	Wa4DCp6cl2U	low	search	64	288	Allman Brothers Band	The Allman Brothers Band - Ramblin' Man (Lyric Video)	UCmU1G8s-eo 52 Allman Brothers Band: Ramblin' Man | 68X8o0S7vJc 41 SlowhandSolos: The Allman Brothers Band - Ramblin' Man | CD3psGt38NI 38 VolunteerJamCDB: The Allman Brothers Band - Ramblin' Man - Volunteer Jam VI
The Avett Brothers	Kick Drum Heart	exPe6k3mB7Y	high	search	79	175	The Avett Brothers	Kick Drum Heart	"3vlt00iCUzA 46 Austin City Limits: The Avett Brothers on Austin City Limits ""Kick Drum Heart"" | IxIl4zGrFBA 40 101.9 KINK.FM: The Avett Brothers - Kick Drum Heart (Bing Lounge) | Ut_hdBz89b4 39 Ryan Forney: Kick Drum Heart - The Avett Brothers"
The Avett Brothers	Love Of A Girl	0roJ7kb5JHo	high	search	87	197	The Avett Brothers	The Avett Brothers - Love Of A Girl (stop-motion, multimedia version)	Y0ysNAfLdX4 41 Tilles Center for Performing Arts LIU Post: Love of a Girl - The Avett Brothers NYE 2025 | IpKa52F7TOg 39 Jack Poynor Mostly Concert Videos (mostly): The Avett Brothers - Love of a Girl, Willie’s 4th of July Pic | UhRjYMCCpOU 32 Jack Poynor Mostly Concert Videos (mostly): Avett Brothers - Love of a Girl, Harrah’s Cherokee Center, As
The Avett Brothers	Orion's Belt	GoTAObKUjhE	high	search	95	186	The Avett Brothers	The Avett Brothers - Orion's Belt (Official Video)	SPNIY-Md4Zg 41 Jack Poynor Mostly Concert Videos (mostly): The Avett Brothers - Orion’s Belt, Smart Financial Centre, Su | D8F489NO93Y 40 Jack Poynor Mostly Concert Videos (mostly): The Avett Brothers - Orion’s Belt, Red Rocks Amphitheatre, Mo | 74-4wkmVEsM 38 Bill Lawton: The Avett Brothers “Orion’s Belt” Musik Fest 2025 Bethlehem, PA
The B-52's	Legal Tender	mBRr_TqLDf4	low	search	55	220	RHINO	The B-52's - Legal Tender (Official Music Video)	"-Gml01lvUao 42 Scott Smith: The B-52s -- ""Legal Tender"" (2014 remaster) | cpMN04pr6oE 41 booboobay1: The B-52's Legal Tender | 2-jDcv9BiD8 40 Connor Clements: The B-52's, Legal Tender, IndigO2 London 2013 HD HQ Audio"
The B-52's	Love Shack	7puAydZ5Fbo	high	search	79	263	The B-52s	Love Shack (Edit) [2019 Remaster]	O5mfIPZ_VJ4 78 The B-52s: Love Shack | 9SOryJvTAGs 55 RHINO: The B-52's - Love Shack (Official Music Video) | cmCTrIC-pBY 38 New vibe: The B-52's - Love Shack (Lyrics) (From tick, tick..Boom)
The B-52's	Summer Of Love	AIvpeA2pzhg	high	search	79	242	The B-52s	Summer of Love	FS7OFQ_Z4vw 78 The B-52s: Summer of Love | PZOWf52lkMM 39 booboobay1: The B-52's Summer of Love | QwvQ-CPK0Z0 30 STARCK84: B-52's - Summer of Love (Extended Version)
The Band CAMINO	Holly!	ovFaHqUhvzE	high	search	95	189	The Band CAMINO	The Band CAMINO - HOLLY! (Official Video)	PkyhwG9zBGU 41 OnLyrics United States 🇺🇸: The Band CAMINO - Holly! (Lyrics) | u4zvhOQmRC0 40 Roadie Wannabe: The Band Camino - Holly - Seattle, WA - Climate Pledge Arena | KbjKiRTBbBc 38 OnLyrics United States 🇺🇸: The Band CAMINO - Holly! (Lyrics)
The Band CAMINO	Nostalgia	qEErDupZU6g	high	search	95	194	The Band CAMINO	The Band CAMINO - Nostalgia (Official Audio)	9_l9C90fJf8 40 K8 Concerts: Nostalgia | The Band CAMINO | The Taking Shape Tour | Des Moines, IA | July 19, 2024 | o9RDMYz0CjI 26 The Band CAMINO: The Band CAMINO - Infinity (Official Video) | XFDzI5JTIxs 11 jrdlzdmusic: The Band CAMINO - Nostalgia (Live in Orlando, FL, 7/29/24)
The Beach Boys	Fun, Fun, Fun	TKqCcYt5bxU	high	search	85	135	The Beach Boys	The Beach Boys - Fun, Fun, Fun (Visualizer)	VF_o-N0fhZ0 81 The Beach Boys: Fun, Fun, Fun (Remastered 2001) | Y8Xe8sV6-b0 75 The Beach Boys: Fun, Fun, Fun (Mono) | klUs9CjDoRw 39 rainbow4121: Fun, Fun, Fun - The Beach Boys (with lyrics)
The Beach Boys	Good Vibrations	apBWI6xrbLY	high	search	95	215	The Beach Boys	The Beach Boys - Good Vibrations (Official Music Video)	"jkPyB-g3asI 76 The Beach Boys: Good Vibrations | fL3HO0gf0Co 60 The Ed Sullivan Show and The Beach Boys: The Beach Boys ""Good Vibrations"" on The Ed Sullivan Show | DsY4Es5p6UM 50 The Beach Boys: Good Vibrations (2021 Stereo Mix)"
The Beatles	A Hard Day's Night	Yjyj8qnqkYI	high	search	85	159	The Beatles	The Beatles - A Hard Day's Night	zx2TFk0vh1I 80 The Beatles: A Hard Day's Night (Remastered 2009) | AMSiHdrHl0g 77 The Beatles: A Hard Day's Night (Remastered 2015) | 70QfHtKdh_0 47 TheBeatleLeo: The Beatles - A Hard Day's Night - Official Video
The Beatles	All My Loving	TSpiwK5fig0	high	search	81	128	The Beatles	All My Loving (Remastered 2009)	Wz6Q19LU8rU 52 The Beatles: All My Loving (2023 Mix) | 82fuBQca1C8 49 {TheNew}: The Beatles - All My Loving (Official Music Video) | kg1YAKcIlyc 38 Charlie Pace: The Beatles - All my Loving (with Lyrics)
The Beatles	Back in the U.S.S.R.	nS5_EQgbuLc	high	search	87	165	The Beatles	The Beatles - Back In The U.S.S.R. (2018 Mix / Lyric Video)	dc2tJqnkLLA 78 The Beatles: Back In The U.S.S.R | jyEqe2FKBlM 63 TheBeatlesVideo: The Beatles-Back In The U.S.S.R. [HD] | hhanYixwfSU 52 The Beatles: Back In The U.S.S.R (2018 Mix)
The Beatles	Eight Days a Week	kle2xHhRHg4	high	search	87	164	The Beatles	The Beatles - Eight Days A Week	XTfmuDjwQTw 80 The Beatles: Eight Days A Week (Remastered 2015) | K5PuHQd3itE 50 The Beatles: Eight Days A Week (2023 Mix) | ZkzZ58uCRPg 39 maclomasoleil1966: The Beatles - Eight Days A Week (HQ)
The Beatles	Here Comes The Sun	KQetemT1sWc	high	search	95	192	The Beatles	The Beatles - The Beatles - Here Comes The Sun (Official Music Video) [2019 Mix]	ssBUgHLdrCA 75 The Beatles: Here Comes the Sun | QdQPcMYyWbk 60 The Beatles Performances: The Beatles - Here Comes The Sun | GKdl-GCsNJ0 53 The Beatles: Here Comes The Sun (2019 Mix)
The Beatles	She Loves You	nGbWU8S3vzs	high	search	80	142	The Beatles	She Loves You (Remastered 2009)	oVCwDl-S09A 79 The Beatles: She Loves You (Mono / Remastered) | fduTmWao0Rg 50 The Beatles: She Loves You (2023 Mix) | x7prHYwxWPY 44 HDBeatles: The Beatles - She Loves You [Come To Town, ABC Cinema, Manchester,  United Kingdom]
The Beatles	Twist and Shout	2RicaUqd9Hg	high	search	81	156	The Beatles	Twist And Shout (Remastered 2009)	xcdwr9RCg2A 62 TheBeatlesVEVO TM: The Beatles - Twist and Shout | Ai_E1GhH-Es 60 The Beatles Performances: The Beatles - Twist And Shout (Shea Stadium, New York, United States) | b-VAxGJdJeQ 56 The Beatles: The Beatles - Twist And Shout (Performed Live On The Ed Sullivan Show 2/23/64)
The Black Crowes	Wanting and Waiting	rHBu97e--xA	high	search	95	258	The Black Crowes	The Black Crowes - Wanting and Waiting (Official Video)	aO5zQNoHYc8 86 The Black Crowes: The Black Crowes - Wanting And Waiting (Official Lyric Video) | He2SLYTykZ0 54 The Black Crowes: The Black Crowes - Wanting and Waiting (City Sessions - Amazon Music Live) | pOzuma9KjB4 38 UE Lyrics: The Black Crowes - Wanting and Waiting (Lyrics)
The Black Keys	Babygirl	14_8kYePBaY	high	search	94	175	The Black Keys	The Black Keys - Babygirl (Official Visualizer)	yLc17CTqjRs 87 The Black Keys: The Black Keys - Babygirl (Official Lyric Video) | zF3s7vbHjCQ 40 Rock Overdrive: The Black Keys - Babygirl (Lyrics) | a_426RiwST8 27 The Black Keys: The Black Keys - Lonely Boy [Official Music Video]
The Black Keys	Fever	trk7P-9QDyc	high	search	95	256	The Black Keys	The Black Keys - Fever [Official Video]	iZZUY32iCzU 94 The Black Keys: The Black Keys - Fever [Official Audio] | s0kZao-Isyw 93 The Black Keys: The Black Keys - Fever Tree (Official Visualizer) | uLIoIeuCM44 43 BBC Music: The Black Keys - Fever (Glastonbury 2014)
The Black Keys	Go	TCYsY5B8hcQ	high	search	95	311	The Black Keys	The Black Keys - Go [Official Music Video]	"zzpE3Y2SMTc 85 The Black Keys: The Black Keys - Go [""Let's Rock"" Tour Rehearsals] | wpF5o7GMrgQ 49 Warner Records Vault: The Black Keys - Go [Official Audio] | JQq1AfAdekg 39 Sunset Sounds: The Black Keys - Go (Lyrics) | Let's Rock 🤘"
The Black Keys	Gold On The Ceiling	6yCIDkFI7ew	high	search	95	226	The Black Keys	The Black Keys - Gold On The Ceiling [Official Music Video]	bTVGOX3tF6I 41 Rock Overdrive: The Black Keys - Gold On The Ceiling | Lyrics | OAdTbE9LAtY 40 mw24life: The Black Keys- Gold on the Ceiling | Li9FpJj8Kzc 40 Dec's Hi-Res Music Hall of Fame: The Black Keys - Gold on the Ceiling. Hi Res Audio played in 4k
The Black Keys	Howlin' For You	Zs3cyuXSFII	high	search	97	192	The Black Keys	"The Black Keys ""Howlin' for You"" Remastered 10th Anniversary Edition [Official Audio]"	"TLSpj7q6_mM 94 The Black Keys: The Black Keys - Howlin' For You [Official Music Video] | dCZI2C-tWzM 77 The Black Keys: Howlin' for You | 8cO8CJZBUpA 40 mtvvmas2k10: (HD) The Black Keys - ""Howlin' For You"" 1/10 Letterman (TheAudioPerv.com)"
The Black Keys	It Ain't Over	jC5GxpxQS9w	high	search	95	231	The Black Keys	The Black Keys - It Ain't Over (Official Visualizer)	IwzLCJvngfM 63 The Black Keys br: The Black Keys-  It Ain't Over (Lyrics) | JL-5fwYNEx8 39 Q101: The Black Keys - It Ain't Over [The Lounge] | RPA8hXb5CNA 32 The Black Keys br: The Black Keys - It Ain't Over (Live  on The Kelly Clarkson Show 2022)
The Black Keys	Lonely Boy	a_426RiwST8	high	search	95	196	The Black Keys	The Black Keys - Lonely Boy [Official Music Video]	ga8eRdFK710 44 BBC Radio 1: The Black Keys - Lonely Boy (Zane Lowe Special) | N8Cmeav-YX0 43 The Howard Stern Show: The Black Keys “Lonely Boy” at the Howard Stern Birthday Bash (2014) | b6_w_BxvfFs 41 Rock Overdrive: The Black Keys - Lonely Boy | Lyrics
The Black Keys	The Night Before	tFimd_a-ZoE	high	search	95	165	The Black Keys	The Black Keys - The Night Before (Official Music Video)	VCP8sCKcnng 94 The Black Keys: The Black Keys - The Night Before (Official Visualizer) | EkU7xBHjxis 60 The Black Keys br: The Black Keys - The Night Before (Lyrics) | PuTB6lZ8Q4s 40 Rock Overdrive: The Black Keys - The Night Before | Lyrics
The Black Keys	Tighten Up	EaGNpnvreY0	high	search	96	212	The Black Keys	"The Black Keys ""Tighten Up"" Remastered 10th Anniversary Edition [Official Audio]"	mpaPBCBjSVc 95 The Black Keys: The Black Keys - Tighten Up [Official Music Video] | DNXwicxlsvI 91 The Black Keys: The Black Keys - Tighten Up [Official Music Video] | kH0c71-PMiY 77 The Black Keys: Tighten Up
The Blessed Madonna	Edge of Saturday Night (Feat. Kylie Minogue)	rV0yHfRI3Ek	high	search	83	207	The Blessed Madonna	The Blessed Madonna & Kylie Minogue - Edge of Saturday Night	yE4FIdLw4tY 76 The Blessed Madonna: Edge of Saturday Night (Extended) | b8lPeWRBLvE 55 Kylie Minogue: The Blessed Madonna & Kylie Minogue - Edge Of Saturday Night (Official Video) | CTp23KDSBBI 46 Kylie Minogue: The Blessed Madonna & Kylie Minogue - Edge Of Saturday Night (Official Lyric Video)
The Blessed Madonna	Happier (feat. Clementine Douglas)	LHhnbIg9PSI	high	search	85	165	The Blessed Madonna	The Blessed Madonna - Happier feat. Clementine Douglas (Boiler Room Bali)	ZQhlNvL6aRk 83 The Blessed Madonna: The Blessed Madonna - Happier (feat. Clementine Douglas) | Fc8CxqD-RB0 75 The Blessed Madonna: Happier (feat. Clementine Douglas) (Extended) | TK6VNvJlh9U 47 7clouds Dance: The Blessed Madonna - Happier (Lyrics) [feat. Clementine Douglas]
The Brothers Johnson	Strawberry Letter 23	CExygD1iEu0	high	search	87	300	The Brothers Johnson - Topic	Strawberry Letter 23	NRVA2YBhrrQ 86 The Brothers Johnson ♥: The Brothers Johnson *✰* Strawberry Letter 23 *✰* | nCUpsOoQMt0 41 RBZ trebh: Strawberry Letter 23   The Brothers Johnson   HQ HD | 11hGcmuccwk 39 TopPop: Brothers Johnson - Strawberry Letter 23 • TopPop
The Buggles	Video Killed The Radio Star	W8r-tXRLazs	high	search	100	202	TheBugglesVEVO	The Buggles - Video Killed The Radio Star (Official Music Video)	i4RfVRhhhNI 87 The Buggles - Topic: Video Killed The Radio Star (Single Version) | jjz23Q92A4s 41 PRIVADO 80s: *THE VIDEO KILLED THE RADIO STAR* - THE BUGGLES - 1979 | 7N21kv22sVI 40 SLAYERO MUSIC: The Buggles - Video Killed the Radio Star (Remastered)
The Cardigans	My Favourite Game	u9WgtlgGAgs	high	search	87	263	The Cardigans Official	The Cardigans - My Favourite Game “Stone Version”	EvIG8Gl6038 86 The Cardigans Official: The Cardigans - My Favourite Game (Lyric Video) | fh1q3uZcOJw 41 xoOXOox9: The Cardigans - My Favourite Game [HD] | ldSKOUa5yZU 40 tommykiddd: My Favourite Game - The Cardigans
The Cars	Hello Again	N3mjTpZk3Ao	high	search	80	227	The Cars Official	Hello Again (2017 Remaster)	qylytdfs6BA 77 The Cars Official: Hello Again | 4ivPvIN5PSA 76 The Cars Official: Hello Again | KXpJ0bM5zbM 55 RHINO: The Cars - Hello Again (Official Music Video)
The Cars	Just What I Needed	TB4gJ7shVD0	high	search	79	224	The Cars Official	Just What I Needed	F9l0rawxFsE 79 The Cars Official: Just What I Needed (2016 Remaster) | xdA8EB5Oz6c 44 The Midnight Special: Just What I Needed - The Cars | The Midnight Special | Z5-rdr0qhWk 38 danica: THE CARS ― JUST WHAT I NEEDED (1978)
The Cars	Let's Go	BrmevLXE_kM	high	search	79	216	The Cars Official	Let's Go	woceVRLKtMw 79 The Cars Official: Let's Go (2016 Remaster) | eo683EaXFEg 41 stereomusicvideo: The Cars - Let's Go | vlfl0hxE4xY 40 Song Lyrics HD: The Cars - Let's Go (Lyrics HD)
The Cars	Shake It Up	6KQMhulbSBc	high	search	79	212	The Cars Official	Shake It Up (2016 Remaster)	6shgWE10zsk 78 The Cars Official: Shake It Up | K3SA5Z-cbC8 55 RHINO: The Cars - Shake It Up (Official Music Video) | zH-sySxhmwU 38 Audioandlyrics: The Cars - Shake It Up (Lyrics)
The Cars	Since You're Gone	FqHIkkRrwcQ	high	search	80	212	The Cars Official	Since You're Gone (2016 Remaster)	XV7r28arnOs 77 The Cars Official: Since You're Gone | d0CDeqEc0AA 77 The Cars Official: Since You're Gone (2016 Remaster) | zFSuBa5m6Is 75 The Cars Official: Since You're Gone (Early Version)
The Cars	You Might Think	6xZcoWLXr3s	high	search	79	186	The Cars Official	You Might Think (2016 Remaster)	SCObya1t8p8 78 The Cars Official: You Might Think | 3dOx510kyOs 55 RHINO: The Cars - You Might Think (Official Music Video) | KyT1_jEx6eY 35 weezer: Weezer - You Might Think (From Disney/Pixar’s CARS 2)
The Cars	You're All I've Got Tonight	UZ1VZLMJ8D8	high	search	79	255	The Cars Official	You're All I've Got Tonight	KBR65k7eOfE 79 The Cars Official: You're All I've Got Tonight (2016 Remaster) | U5bL-27NAVA 78 The Cars Official: You're All I've Got Tonight (2016 Remaster) | jIj0UO_nh58 40 Song Lyrics HD: The Cars - You're All I've Got Tonight (Lyrics HD)
The Castellows	I Know It%5)%/0		none	search	29	0			8P47jEW4DXw 28 The Castellows: The Castellows - No. 7 Road (Official Music Video) | _64mHhxv2JY 19 The Castellows: The Castellows - Date Country (Silo Sessions) | S7FLH8SdY6Q 18 The Castellows: The Castellows - No. 7 Road (Lyric Video)
The Castellows	I Know It’ll Never End	HkjYbU66GXU	high	search	87	155	The Castellows	The Castellows - I Know It’ll Never End (Lyric Video)	rg1mzdA2xgw 60 The Castellows Live: The Castellows - I Know It'll Never End, Antone's Nightclub, Austin, Texas | -0uWZ5NjmWI 60 The Castellows Live: The Castellows I Know It'll Never End, Clay County Fair, Florida, April 6, 2025 | zrgNNI74N_A 45 The Castellows: The Castellows - I Know It’ll Never End (Acoustic Sessions)
The Chainsmokers	Don't Let Me Down (Feat. Daya)	Io0fBr1XBUA	high	search	95	218	The Chainsmokers	The Chainsmokers - Don't Let Me Down (Official Video) ft. Daya	qMH0Xglh7GA 86 The Chainsmokers: The Chainsmokers - Don't Let Me Down (Audio) ft. Daya | o0citpYDaVg 83 The Chainsmokers: The Chainsmokers - Don't Let Me Down (Lyric) ft. Daya | mywyuiAbww4 44 7clouds: The Chainsmokers - Don't Let Me Down (Lyrics) ft. Daya
The Chainsmokers	New York City (Dash Berlin Remix)	KZoTfuw34i0	high	search	87	195	The Chainsmokers	The Chainsmokers - New York City (Dash Berlin Remix Audio)	rSwdh3tITwE 54 The Chainsmokers: The Chainsmokers - New York City (Audio) | xgEYZU5vgOw 41 DinoDarinoMischtdentorf: The Chainsmokers - New York City (Dash Berlin Remix) | MJnGkmvqfLM 40 OnlyAudioLifes: The Chainsmokers - New York City (Dash Berlin Extended Remix) dj irrna trax
The Clash	I Fought The Law	AL8chWFuM-s	high	search	95	160	The Clash	The Clash - I Fought the Law (Official Video)	of0bTx2YAcs 94 The Clash: The Clash - I Fought the Law (The Cost of Living EP - Official Audio) | ed2ZwYbVk-4 79 The Clash: I Fought the Law (Remastered) | KHC2Mnf_HXo 53 The Clash: The Clash - I Fought the Law (Live at the London Lyceum Theatre - 1979)
The Clash	Rock The Casbah	bJ9r8LMU9bQ	high	search	95	220	The Clash	The Clash - Rock the Casbah (Official Video)	LJTk64tzduQ 86 The Clash: The Clash - Rock the Casbah (Remastered) | 8dxV3uBlJYU 48 Top Squad: The Clash - Rock the Casbah - Remastered | RZ44TdaeZRA 40 RockHype: The Clash - Rock the Casbah
The Clash	Should I Stay Or Should I Go	xMaE6toi4mk	high	search	95	190	The Clash	The Clash - Should I Stay or Should I Go (Official Video)	BN1WwnEDWAM 94 The Clash: The Clash - Should I Stay or Should I Go (Official Audio) | oGIFublvDes 54 The Clash: The Clash - Should I Stay or Should I Go (Live at Shea Stadium, 1982) | pmEMMyvZHcw 53 The Clash: The Clash - Should I Stay Or Should I Go (Live)
The Clash	Train in Vain	aUzBgeI5dpc	high	search	95	193	The Clash	The Clash - Train in Vain (Stand by Me) (Official Audio)	zqZSONJYNGI 77 The Clash: Train in Vain (Stand by Me) | WRP69W_pJJo 76 The Clash: Train in Vain (Stand by Me) | eNot47WRBFk 56 The Clash: The Clash - Train in Vain (Stand by Me) (Live at the Lewisham Odeon, 1980)
The Contours	Do You Love Me	tDGEvB9mKDs	high	search	85	173	The Contours - Topic	Do You Love Me (Mono Single)	LlKRp2KrJuQ 85 The Contours - Topic: Do You Love Me (Mono Single) | ZiftWZnyzB4 47 Classic Motown: The Contours - Do You Love Me (Lyric Video) | l3zJZ2d4cis 41 Mystic Plug Relics: The    Contours     --     Do     You    Love    Me   Video   HQ
The Contours	First I Look At the Purse	Do648EB_MYE	high	search	87	178	The Contours - Topic	First I Look At The Purse	"YHDmH8r5l7Y 42 brico: The Contours - First I Look At The Purse | 9z9IPli01HQ 41 mosogotam: The Contours ""First I Look At The Purse"" My Extended Version! | r8ioa_7axug 38 docludi: Twisted Soul .. 1965 .. The Contours .. First I look at the purse"
The Corrs	Breathless	-e_IuYgvdf8	high	search	97	222	The Corrs (official)	The Corrs - Breathless (Official Music Video) [HD]	TPlFBRt8xX0 79 The Corrs (official): Breathless (2007 Remaster) | 3vCkwTHAiX4 41 Pillow: Breathless - The Corrs (Lyrics) 🎵 | CqQyqQeE83o 39 doong doong: The Corrs - Breathless (Audio)
The Cowsills	Indian Lake	bFPcAG2yxUw	high	search	87	164	The Cowsills - Topic	Indian Lake	LS0z-UuP6JY 42 1hit1ders: The Cowsills - Indian Lake (1968) | 3Xup3HSZLIQ 39 Leonard Berg: Indian lake - The cowsills | SJF6xSpDdZs 38 anippygirl: The Cowsills- Indian Lake, 1968....Lyrics Provided in Description!
The Cult	(She Sells) Sanctuary	ZCOSPtyZAPA	low	search	44	261	Beggars Banquet Records	The Cult - She Sells Sanctuary HD	6MnI0H7wenc 43 CULT V: THE CULT / SHE SELLS SANCTUARY on @howardstern 2024 | ciUfdVs-p84 41 Tafa Reactions: THE CULT (SHE SELLS SANCTUARY LONG VERSION) FULL HD 1080p 60fps | cts0VN1-wgk 40 CULT V: She Sells Sanctuary (Remastered)
The Cure	Friday I'm In Love	mGgMZpGYiy8	high	search	87	215	The Cure	The Cure - Friday I'm In Love	lLikCHwbEzU 80 The Cure: Friday I'm In Love (2022 Remaster) | X2FbOVWPp9g 40 loveeeeee songs: the cure ✨ friday i'm in love ✨ ~ lyrics | FkfvZ8ixiHc 38 William Ludeña Ignacio: The Cure - Friday I'm In Love (Audio HQ)
The Cure	In Between Days	scif2vfg1ug	high	search	87	189	The Cure	The Cure - In Between Days	"MRfa1joQGkA 78 The Cure: In Between Days | g-92svJage0 40 OscarCS Motion Graphics: THE CURE: ""In Between Days"" Lyrics | gCBPW3KxBuA 40 esSQue: The Cure - In Between Days (HD)"
The Cure	Just Like Heaven	n3nPiBai66M	high	search	87	207	The Cure	The Cure - Just Like Heaven	FMlXsKZpd8g 75 The Cure: Just like Heaven | 1ASpBpT8bRQ 54 RHINO: The Cure - Just Like Heaven (Official Audio) | XXc7Eb3gIBE 40 Songs With Lyrics: The Cure - Just Like Heaven (Lyrics)
The Cure	Lovesong	ks_qOI0lzho	high	search	87	209	The Cure	The Cure - Lovesong	cI0QizfB7qo 80 The Cure: Lovesong (2010 Remaster) | hksZ7nA7nIo 75 The Cure: Lovesong | li7KsxPyiTk 50 The Cure: Lovesong (Extended Mix)
The Dandy Warhols	We Used To Be Friends	Bm1g5Yg0hUw	high	search	87	230	The Dandy Warhols	The Dandy Warhols - We Used To Be Friends	_6BPt5oE6Kw 75 The Dandy Warhols: We Used To Be Friends (Are Sound Version) | _dX3fHyqi6g 40 zenlunatic16: The Dandy Warhols - We Used To Be Friends (Late Night with Conan O'Brien 2003) | r4iUibbj-7w 33 Bloo Music: Dandy Warhols - We Used To Be Friends
The Decemberists	Burial Ground (feat. James Mercer)	dBlJ35D7tss	high	search	95	245	TheDecemberists	The Decemberists - Burial Ground (Official Audio)	qJsmbelmmYU 86 TheDecemberists: The Decemberists - Burial Ground (Lyric Video) | Qj-RxuI6OHo 39 Lary Chinowsky: The Decemberists - Burial Ground, 8/24/2022, Vienna, VA | Q71aXceCGGg 38 John Ziegwied-Front & Center Concert Videos: The Decemberists - Burial Ground- Wiltern Theater - Los Ange
The Decemberists	Oh No!	qXIZp_MlyJA	high	search	95	305	TheDecemberists	The Decemberists - Oh No! (Official Audio)	pAmJYu2UVyU 55 TheDecemberists: The Decemberists - Oh No! (Live from Hallowed Halls) | cz_rFWNQq6w 38 A Wolf & A Bear: The Decemberists - Oh No! | F5el0KqhzJ8 31 Hazards of Love: Celebrating The Decemberists: The Decemberists - Oh No (Live)
The Doobie Brothers	China Grove	t3W3IzQ5sDM	high	search	86	234	The Doobie Brothers	The Doobie Brothers - China Grove (from Rockin' Down The Highway: The Wildlife Concert)	RX7iHsAIw9o 79 The Doobie Brothers: China Grove | 6gfPs64sHRM 75 The Doobie Brothers: China Grove | 26-8Z6tg4Es 40 Stereo Classics: The Doobie Brothers - China Grove (2021 Remaster)
The Doors	Break On Through (To The Other Side)	gdnzBNMfZfo	high	search	94	151	The Doors	The Doors - Break On Through (To The Other Side) [Official Video]	NFeUko-lQHg 79 The Doors: Break on Through (To the Other Side) | peCaEOEIx3o 79 The Doors: Break on Through (To the Other Side) (2017 Remaster) | KgRcOgtkgLY 54 The Doors: The Doors - Break On Through (to the Other Side) (Live At The Isle Of Wight 1970)
The Fixx	Are We Ourselves	mP8Pe8tp2TQ	high	search	92	172	TheFixxVEVO	The Fixx - Are We Ourselves?	4VxIfHkKgUA 41 Larry Hinze: THE FIXX  Are We Ourselves  1984  HQ | 5ZqqcgKbzC8 40 Michael Harris: Are we ourselves by The Fixx | 6gapFvshot8 39 AnotherProf: 1984 Are We Ourselves? - The Fixx
The Fixx	One Thing Leads To Another	JHYIGy1dyd8	high	search	92	193	TheFixxVEVO	The Fixx - One Thing Leads To Another	"PKUGIq71l7Y 42 Scott Smith: The Fixx -- ""One Thing Leads to Another"" (2003 remaster) | pIe-Cj071l0 41 PrettyArtistic: The Fixx - One Thing Leads to Another | EMt6CihetK0 41 Song Lyrics HD: The Fixx - One Thing Leads To Another (Lyrics HD)"
The Frontmen	Layin' Low In Mexico	9WOCWL8w--E	low	search	72	268	The Frontmen Live	The Frontmen - Layin' Low In Mexico (Official Audio)	"NLeTpRxxbXc 63 The Frontmen Live: The Frontmen - Layin' Low In Mexico (Lyric Video) | aOdUmrF14_s 9 Carolina Music Scene: The Frontmen -- ""LAYIN' LOW IN MEXICO"" -- The Frontmen ""Live"" | 3_B-_PnxQWc -22 Bobby Bones Show: The Frontmen Perform Medley of Hits, ""Left Their Mark"" & Unreleased ""Laying Low in Mex"
The Gap Band	Party Train	bACKLW19XdE	high	search	87	280	The Gap Band	The Gap Band - Party Train	"hde9r-kMIvs 78 The Gap Band: Party Train (Single Version) | 2BAzYIg3DnM 51 The Gap Band: Party Train (12"" Special Dance Mix) | 7a7H64cUDy8 38 MLC Media Archives : The Gap Band - Party Train (1983) American Bandstand Performance (August 28, 1983)"
The Gap Band	You Dropped A Bomb On Me	17lkdqoLt44	high	search	95	244	The Gap Band	The Gap Band - You Dropped A Bomb On Me (Official Music Video)	"vEcV9E91gCw 40 Floydian Dip: The Gap Band - You Dropped A Bomb On Me (HQ Audio) | mRadA7074wk 38 sazhawk: The Gap Band - You Dropped a Bomb on Me | -s3scfw7DTc 36 The Gap Band: You Dropped A Bomb On Me (Original 12"" Mix)"
The Go-Go's	Head Over Heels	jQyazt4RDTM	low	search	47	218	Official GoGos	The Go-Go's - Head Over Heels	"QyAF3lzKOF4 40 jeffrey a: THE GO GOS ""HEAD OVER HEELS"" (BEST HD QUALITY) | yFU_GwrWMYw 38 Official GoGos: Head Over Heels | kszvRzptACA 38 •Kent Marco Paelma•: The Go-Go’s - Head Over Heels HQ (1984)"
The Heavy	How You Like Me Now	QwookcxyfUU	high	search	78	218	The Heavy	How You Like Me Now (Original)	1VltVm9T6eM 76 The Heavy: How You Like Me Now? | sVzvRsl4rEM 55 Ninja Tune: The Heavy - How You Like Me Now? (Official Video) | lNM8J4hEEsw 40 Maas Melody: The Heavy- How You Like Me Now
The Hollies	Long Cool Woman (In A Black Dress)	g8XiNKsKyVk	low	search	55	200	RHINO	The Hollies - Long Cool Woman (In a Black Dress) (Official Audio)	DH11CPDXzr4 41 Polydor 1000: The Hollies - Long Cool Woman (In A Black Dress) - 1972 | MNXDlSt9nJ8 38 DJDiscoCat: The Hollies ~ Long Cool Woman (In A Black Dress) 1972 Extended Meow Mix | _0LTRPMpOVM 38 johngalt2626: Long Cool Woman in a Black Dress by The Hollies
The Honeydrippers	Rockin' at Midnight	Bigx7-ojJ_E	high	search	90	360	The Honeydrippers - Topic	Rockin' at Midnight (2006 Remaster)	4eyTSRB1F6c 87 The Honeydrippers - Topic: Rockin' at Midnight (2006 Remaster) | 4vRUnT-TeRg 55 Robert Plant: Robert Plant's The Honeydrippers | 'Good Rockin' At Midnight' | Official Music Video | Tj8nwkLhsEQ 40 Charlie Perez: The Honeydrippers - Rockin' At Midnight
The Human League	Don't You Want Me	uPudE8nDog0	high	search	95	207	The Human League	The Human League - Don't You Want Me (Official Music Video)	"dcZjXy-_Fcc 78 The Human League: Don't You Want Me | qFwN_j_5ndU 40 Song Lyrics HD: The Human League - Don't You Want Me (Lyrics HD) | AKC-0sSEQLg 38 Vervaceous: The Human League  - ""Don't You Want Me"" - (@StoreVega- Copenhagen - 19.11.2024)"
The Isley Brothers	Shout, Part 1	IPwUk-UM--U	low	search	60	137	The Isley Brothers	Shout, Pt. 1 (Mono)	wSVB0GdPmpI 38 Ив Кaрфaтта: The Isley Brothers ‎– Shout (Part 1 &  2) 1959 | DPVf01jXL7M 30 The Isley Brothers: The Isley Brothers - Shout, Pts. 1 & 2 (Official Audio) | zyl3ZvIz8vI 11 The Isley Brothers: Shout (Parts 1 & 2) (Digitally Mastered 1988)
The J. Geils Band	Come Back	8HFcyke50NQ	high	search	89	313	The J. Geils Band - Topic	Come Back	_anqyz-6q6M 88 The J. Geils Band - Topic: Come Back (Single Edit / Remastered/2006) | M9OWT_6JH-c 46 나그네의 옛이야기: Come Back / The J. Geils Band (Official Video, 1980) | q6Ji_FL2xSU 42 W103WWRW: The J Geils Band Full Version Video Come Back (HD Sound)
The J. Geils Band	Love Stinks	Im3ilVVfmn8	high	search	88	226	The J. Geils Band - Topic	Love Stinks	E0LAs7X5ybE 55 JGeilsBandVEVO: The J. Geils Band - Love Stinks (Official Music Video) | gT1ZaW_zHZ0 39 Pure Rock: The J. Geils Band - Love Stinks | p8vHjgViAeQ 32 fritz51316: J. Geils Band - Love stinks 1980
The Jacksons	Can You Feel It	rlpZmqGS8rc	high	search	94	362	The Jacksons	The Jacksons - Can You Feel It (Official Audio)	"jK9UUcd29AQ 91 The Jacksons: The Jacksons - Can You Feel It (7"" Version - Official Audio) | lrKZNqIR2U0 72 The Jacksons: The Jacksons - Can You Feel It | pur8vGxgiko 41 Candido Osorio: The Jacksons - Can You Feel It - (Michael Jackson 30th Anniversary)  HD"
The Japanese House	:) (Smiley Face)	80Fe2QesYAk	high	manual	42	181	The Japanese House	The Japanese House - :) (Official Audio)	Y-eFtjX7TFE 38 Anna Ballantyne: The Japanese House - Smiley Face at The Jefferson Theatre in Charlottesville | 80Fe2QesYAk 29 The Japanese House: The Japanese House - :) (Official Audio) | l-r5dbGHvNk 10 Joe Greenwood: The Japanese House- Smiley Face (Live at The Roundhouse, London 09/05/2024)
The Jets	Crush On You	8a2GfvPF0_8	high	search	87	223	The jets	The Jets - Crush On You	"ISM01dBvz1c 78 The jets: Crush On You | gnf5xjdPp9U 40 k3vin: The Jets - Crush On You (1987) (HQ) | hA4RJtVFUMY 40 darrelljbrand: The Jets ""Crush On You"" 12 26 1985 HD conversion!"
The Jets	Rocket 2 U	d1PTuMQUu4g	low	search	42	224	Ron Flaviano	"The Jets - ""Rocket 2 U"" Music Video HQ"	4psMdnxzulc 41 saulcdr: The Jets - Rocket 2 U | qDSB5FcYddA 40 Tom Key: The Jets -RARE-Rocket 2 U -TOTP, CA (4/1987)  4K HD | dsNK0o-6r6Q 39 Oh my gosh itz Mico: The Jets - Rocket 2 U
The Kid LAROI	Stay (Feat. Justin Bieber)	kTJczUoc26U	high	search	95	158	The Kid LAROI.	The Kid LAROI, Justin Bieber - STAY (Official Video)	rkYlZnIbe2E 76 The Kid LAROI.: STAY | yWHrYNP6j4k 46 7clouds: The Kid LAROI, Justin Bieber - Stay (Lyrics) | J41JVFDc4B0 43 Justin Bieber: Justin Bieber, The Kid LAROI - Stay (Montage)
The Killers	boy	p-nYliG8MRs	high	search	95	222	TheKillersMusic	The Killers - boy (Official Music Video)	k0cp8uCke2U 86 TheKillersMusic: The Killers - boy (Lyric Video) | _iPsJfyeBDs 77 TheKillersMusic: boy | yi3latthBWE 39 Cloud Vibes: The Killers - Boy (Lyrics)
The Killers	Bright Lights	gMK5XIkmDgo	high	search	87	278	TheKillersMusic	The Killers - Bright Lights	q-Yfjpgp3UQ 41 RockHype: The Killers - Bright Lights | j9pLfd_gkjA 38 Music 4: The Killers - Bright Lights | gGdGFtwCNBE 28 TheKillersMusic: The Killers - Mr. Brightside (Official Music Video)
The Killers	Mr. Brightside	gGdGFtwCNBE	high	search	95	228	TheKillersMusic	The Killers - Mr. Brightside (Official Music Video)	yVLRhZiZ5Wc 51 Rock Preservation Society: The Killers  - Mr  Brightside - 4K UHD! (official music video Upscaled to 4K) | j8tZs6G_h7U 45 Lost Panda: The Killers - Mr Brightside (Lyrics) | QCJ03hVkyus 43 7clouds: The Killers - Mr. Brightside (Lyrics)
The Killers	Read My Mind	zc8hbSM1zVo	high	search	95	253	TheKillersMusic	The Killers - Read My Mind (Official Music Video)	B3Xgd4bLgnk 53 TheKillersMusic: The Killers - Read My Mind (Live On Letterman) | vA71aGnWjKM 46 AweLyrics: The Killers - Read My Mind (Lyrics) | cf14dtdCnvs 40 Brian Martens Music: The Killers - Read My Mind - Remastered
The Killers	Somebody Told Me	Y5fBdpreJiU	high	search	95	203	TheKillersMusic	The Killers - Somebody Told Me (Official Music Video)	dxpKi9G_kxU 41 HighQualityMusic: Somebody Told Me - The Killers | V9S0NVqW6kI 40 FirePlay: The Killers - Somebody Told Me (Lyrics) | hsmDSrySBWM 39 Songs With Lyrics: The Killers - Somebody Told Me (Lyrics)
The Killers	Spirit	otaM_GZTzvA	high	search	87	179	TheKillersMusic	The Killers - Spirit (Audio)	Q27LJZTtmew 41 Strangeloving: Spirit // 2024-04-10 The Killers, Razzmatazz, Barcelona // Strangeloving | JADaN6SdGyQ 40 ehJamesy: The Killers – Spirit (Lyrics) | LdyokmINY_g 39 TG's Music Buffet: The Killers - Spirit
The Killers	When You Were Young	ff0oWESdmH0	high	search	95	317	TheKillersMusic	The Killers - When You Were Young (Official Music Video)	Or3GAT24tcA 83 TheKillersMusic: The Killers - When You Were Young (Alternate Version) | IdWZgTvf4t0 55 TheKillersMusic: The Killers - When You Were Young (Live From The Royal Albert Hall) | qMsBnGopqkA 46 7clouds Rock: The Killers - When You Were Young (Lyrics)
The King Cole Trio	All I Want For Christmas (Is My Two Front Teeth) (MJ Cole Remix)	GPqMLvc1do0	low	search	39	201	Nat King Cole	All I Want For Christmas (Is My Two Front Teeth) (MJ Cole Remix)	RtkyjB3X5mY 33 Fracto Fuentes: The Nat King Cole Trio - All I Want For Christmas (Is My Two Front Teeth) [MJ Cole Remix] | OBfHJbm0fYQ 33 Diamond Uber Driver : The Nat King Cole Trio - All I Want for Christmas (MJ Cole Remix) 4k UHD 44kHz/16bi | iLwaToGe2I0 32 The Sanguine Penguin: All I Want For Christmas (Is My Two Front Teeth) (MJ Cole Remix) | The Nat King Col
The Kinks	All Day And All Of The Night	fOGMRnKl5co	high	search	95	142	The Kinks	The Kinks - All Day And All Of The Night (Official Audio)	Rp9RUwbKf5g 79 The Kinks: All Day and All of the Night (2014 Remaster) | F4DV-5d6a5g 41 RockaDilly: the kinks all day and all of the night | k9SPNtRqMGc 39 Smurfstools Oldies Music Time Machine: NEW 📀 All Day And All Of The Night - The Kinks {DES Stereo} 1964
The Kinks	Do It Again	LeQSjbCYOX4	high	search	94	288	The Kinks	The Kinks - Do It Again (Official Music Video)	B5LlrRO3x5o 93 The Kinks: The Kinks - Do It Again (Official Audio) | 2mIj-jedeRA 87 The Kinks: The Kinks - Do It Again | N0wutKnV44s 78 The Kinks: Do It Again (2025 Remaster)
The Kinks	You Really Got Me	fTTsY-oz6Go	high	search	95	135	The Kinks	The Kinks - You Really Got Me (Official Audio)	_dHK6hLNTAI 91 The Kinks: The Kinks - You Really Got Me (Official Video) | 02TiweAPm4I 79 The Kinks: You Really Got Me (2014 Remaster) | WDZ86JiuCeA 77 The Kinks: You Really Got Me (2014 Remaster)
The Knack	My Sharona	bbr60I0u2Ng	high	search	92	243	TheKnackVEVO	The Knack - My Sharona	OXk2wK819IA 86 The Knack - Topic: My Sharona | uRLuIm2Bjgk 41 ♪FenderGibson Sounds♪: The Knack | My Sharona (HQ) | ORlUAfyGBOY 38 The Lonely “Rain and Music” Shepherd: The Knack - My Sharona (HQ Sound)
The Knocks	Dreams (Feat. Dragonette)	juWI_aaPBLQ	low	search	72	190	itstheknocks and DragonetteBand	The Knocks & Dragonette - Dreams [Official Visualizer]	GuhUpKb6DMg 6 itstheknocks: The Knocks - Slow Song (with Dragonette) [Official Music Video] | 0rayk1aar7M 4 itstheknocks and DragonetteBand: The Knocks & Dragonette - Friday Night [Official Music Video] | _QMZhHWTVhU -5 itstheknocks: The Knocks - Dreaming (Official Anime Music Video)
The Knocks	Let My Love Open The Door (feat. Dragonette)	SBCJ7NM1j7o	low	search	72	182	itstheknocks and DragonetteBand	The Knocks & Dragonette - Let My Love Open The Door [Official Visualizer]	9dw29xpA0Qg 36 Pete Townshend: Let My Love Open The Door | slhQOjMHaDY 32 The Who on MV: Pete Townshend - Let My Love Open The Door - 8/7/1993 - Brooklyn Academy of Music (Officia | 7E7wwd-na2o 30 marshallssj4: Steve Carell & Dane Cook - Let My Love Open The Door (Extendido)
The Knocks	LOVER (feat. Dolores Forever)	UK8ZsLv5s7g	low	search	72	190	itstheknocks	The Knocks & Dolores Forever - LOVER [Official Audio]	T0FW6FtQwQo 41 paul ashman: The Knocks (feat Dolores Forever) - Lover [WMF Extended Mix] | GuhUpKb6DMg 5 itstheknocks: The Knocks - Slow Song (with Dragonette) [Official Music Video] | GU4XmYKX7D4 4 itstheknocks: The Knocks - Collect My Love feat. Alex Newell [Official Music Video]
The Kooks	Chicken Bone	sFDk_0pBD74	high	search	87	225	thekooksofficial	The Kooks - Chicken Bone (Lyric Video)	cVzTcdVePxE 77 thekooksofficial: Let's Go Sunshine: Chicken Bone | YWQgTGehgDk 41 Lode Numi: The Kooks – Chicken Bone | Lwz8uIfifrk 39 Orlanindie: The Kooks - Chicken Bone
The Kooks	Ooh La	fVUD2pvytQ4	high	search	87	224	thekooksofficial	The Kooks - Ooh La	SFBP0CPq4yM 83 thekooksofficial: The Kooks - Ooh La (Lyric Video) | i1se0VpssD0 80 thekooksofficial: Ooh La (Remastered 2021) | LYnUAK_PmQs 40 BP23011992: The Kooks - Ooh La
The Kooks	Sunny Baby	GXr7LQoWm2Q	high	search	95	199	thekooksofficial	The Kooks - Sunny Baby (Official Video)	LDTxjHIC_H4 45 BBC Music: The Kooks - Sunny Baby | Reading Festival 2025 | MBdRYZsSTMw 41 Lyric Sounds: The Kooks - Sunny Baby (Lyrics) | bBQUZfd-Ie4 38 Octava Rock: The Kooks - Sunny Baby ☀️ (Lyrics)
The Lone Bellow	I Did It For Love	MFARjJhWtvs	high	search	95	260	The Lone Bellow	The Lone Bellow - 'I Did It For Love' (Official Video)	"ndnoSsYkc3o 46 CBS Mornings: Saturday Sessions: The Lone Bellow performs ""I Did It For Love"" | q1zuq7oBIKY 40 Sojahsey1: The Lone Bellow - I Did It For Love @ Thalia Hall, Chicago 2/20/26 | yoErpBaMZsc 38 Southern Music and Dance: The Lone Bellow ""I Did It For Love"" at the Bijou Theatre "
The Lords Of Easton	Billie Jean	fV8N4SPRlxs	high	search	79	203	The Lords Of Easton	Billie Jean	"LVlDSzbrH5M -26 Billy Joel: Billy Joel - The Downeaster ""Alexa"" (Official HD Video) | xKFUUNz0KKM -34 arav997: 4 11"" or 5 10"" | xE9O3pk6DhM -35 pricer86: MJ Fashion Show, Crosswalk Strut, Dance with Local"
The Lumineers	Same Old Song	cZ-VW3QYQQA	high	search	95	186	The Lumineers	The Lumineers - Same Old Song (Official Music Video)	wAQ7UiwEPls 86 The Lumineers: The Lumineers - Same Old Song (Official Lyric Video) | enIFFaT3vkU 43 The Lumineers: The Lumineers - Same Old Song (Acoustic) [Official Lyric Video] | 4TbI5ZSNCG4 40 Tcold7: The Lumineers - Same Old Song (Lyrics)
The Marvelettes	Please Mr. Postman	UDZ6Zp_zGzg	high	search	87	150	The Marvelettes - Topic	Please Mr. Postman	425GpjTSlS4 42 ticktock70: The Marvelettes - Please Mr. Postman (1961) | N33am370hTw 39 MARVELETTES4U: THE MARVELETTES please mr postman | 1l5I3u0tShE 30 The45Prof: 1961 HITS ARCHIVE: Please Mr. Postman - Marvelettes (a #1 record)
The Mighty Mighty Bosstones	The Impression That I Get	NIGMUAMevH0	high	search	95	194	TheMightyMightyBossToneS	The Mighty Mighty Bosstones - The Impression That I Get (Official Music Video)	"_Zf1JVmwuao 78 TheMightyMightyBossToneS: The Impression That I Get | D_B4ojYSyJ0 43 Jimmy Kimmel Live: The Mighty Mighty Bosstones Perform ""The Impression That I Get"" | DPb0X_NOrHU 41 Song Lyrics HD: The Mighty Mighty Bosstones - The Impression That I Get (Lyrics HD)"
The Monkees	I'm A Believer	4PQAqprjOuA	high	search	78	166	The Monkees	I'm a Believer	5tpxXDILZHs 44 Classics in HD: The Monkees - I'm a Believer HD | OVnbLOdePeo 40 Young Pilgrim Music: The Monkees - I'm A Believer (Lyrics) | gv2MLlZKarM 39 Classicrockfan611: The Monkees- I'm a Believer (music video)
The Monkees	Pleasant Valley Sunday	boJlejbuyw0	high	search	79	195	The Monkees	Pleasant Valley Sunday (2007 Remaster)	lDBPq_9hKqE 78 The Monkees: Pleasant Valley Sunday | Ac5TfZ1QS2E 76 The Monkees: Pleasant Valley Sunday | h2xRPOn9LQE 42 Smurfstools Oldies Music Time Machine: NEW * Pleasant Valley Sunday - The Monkees {Stereo} Summer 1967
The Neighbourhood	Stargazing	8giBPUpzKRw	high	search	95	276	The Neighbourhood	The Neighbourhood - Stargazing (Official Video)	zZM_a-MzlmM 94 The Neighbourhood: The Neighbourhood - Stargazing (Official Audio) | jh4S4kjhzkc 54 The Neighbourhood: The Neighbourhood - Stargazing (NYE 2021 Live Performance) | bSZu4UbCZ1E 45 7clouds Rock: The Neighbourhood - Stargazing (Lyrics)
The Neighbourhood	Sweater Weather	GCdwKhTtNNw	high	search	95	253	The Neighbourhood	The Neighbourhood - Sweater Weather (Official Video)	UBUXDUtZZnI 77 The Neighbourhood: Sweater Weather | Ao81ziiXHhs 76 The Neighbourhood: Sweater Weather | rWKE-mhpzOs 53 The Neighbourhood: The Neighbourhood - Sweater Weather (Live)
The O'Jays	Love Train	SsYOAIR4L_w	high	search	95	181	The O'Jays	The O'Jays - Love Train (Official Audio)	dzgNPjOOITo 76 The O'Jays: Love Train (Extended Version) | ILEqx9DDoc0 75 The O'Jays: Love Train | _BlkTSKqE_8 46 Philadelphia International Records: The O'Jays - Love Train (Official Soul Train Video)
The Offspring	Make It All Right	M601cW8KAqY	high	search	95	218	The Offspring	The Offspring - Make It All Right (Official Music Video)	"SnRTqoG-rRE 86 The Offspring: The Offspring - Make It All Right [Official Lyric Video] | qKW_DEQ_rxU 54 The Offspring: The Offspring - ""Make It All Right"" Live at Hellfest 2024 | tdxnUHjM6sU 40 Hands Free Lyrics: The Offspring - Make it all right (Lyrics)"
The Offspring	Ok, But This Is The Last Time	7gKc2_COfGc	high	search	95	207	The Offspring	The Offspring - Ok, But This Is The Last Time (Official Video)	tnNMQsKVe8w 86 The Offspring: The Offspring - Ok, But This Is The Last Time [Official Lyric Video] | lZ68uCa-BMU 84 The Offspring: The Offspring - Ok, But This Is The Last Time (Piano Version) | prneOIB2MfE 83 The Offspring: The Offspring - Ok, But This Is The Last Time (Behind-the-Scenes)
The Outfield	Your Love	4N1iwQxiHrs	high	search	94	253	TheOutfieldVEVO	The Outfield - Your Love (Official HD Video)	OcZFpkHEhLA 87 The Outfield - Topic: Your Love | cSs9zTeoz4g 85 The Outfield - Topic: Your Love | Z0OXRP-B200 46 7clouds: The Outfield - Your Love (Lyrics)
The Outfield	Your Love (Diplo Remix)	9YkWhRSiaiQ	low	search	47	156	Illumi Music	The Outfield - Your Love (Diplo Remix)	_U1fPPH0OZQ 40 7clouds Tech House: The Outfield - Your Love (Diplo Remix) [Lyrics] | EsgiDAES2K4 39 7clouds Trance: Diplo & The Outfield - Your Love [Diplo Remix] (Lyrics) | mTSaEOPjWrc 38 FireFly Nights: The Outfield - Your Love (Diplo Remix/Lyrics)
The Pointer Sisters	I'm So Excited	8iwBM_YB1sE	high	search	95	228	The Pointer Sisters	The Pointer Sisters - I'm So Excited (Official Video)	F6m53yhdrGA 76 The Pointer Sisters: I'm So Excited (Extended Version) | iIJC8CvmqrI 46 Royal Music: The Pointer Sisters - I'm So Excited (Lyrics) | rQqwG_rQx7A 40 Magiskekulen: The pointer sisters - I'm so excited
The Pointer Sisters	Jump (For My Love)	uyTVyCp7xrw	high	search	95	267	The Pointer Sisters	The Pointer Sisters - Jump (For My Love) (Official Video)	"KXHLV7sH-WU 78 The Pointer Sisters: Jump (For My Love) | zPQu__03s3s 75 The Pointer Sisters: Jump (For My Love) (12"" Long Version) | 5h80T0WyAa0 40 Miluzie: The Pointer Sisters - Jump For My Love Lyrics"
The Pointer Sisters	Neutron Dance	i-jdhorGtQI	high	search	95	262	The Pointer Sisters	The Pointer Sisters - Neutron Dance (Official Video)	SOscjUHPY-o 78 The Pointer Sisters: Neutron Dance | WpgWy8p_I-g 76 The Pointer Sisters: Neutron Dance (Single Version) | OPh6drrQC4k 40 VHS-Goldie: The Pointer Sisters - Neutron Dance - 1984
The Police	Demolition Man	vf7To6vdg7A	high	search	79	358	The Police	Demolition Man	UuWZIL_heb4 45 Sting: The Police - Demolition Man | R-JNYo4r9fE 41 Brunceling: The Police - Demolition Man | FDZDefuSd7Q 39 OlesboxTV: The Police - Demolition Man - Rock In Rio Madrid 2008 HQ Alta Calidad
The Police	Every Little Thing She Does Is Magic	aENX1Sf3fgQ	high	search	95	261	The Police	The Police - Every Little Thing She Does Is Magic (Official Music Video)	PEkDKCINVPE 60 The Police Collection: The Police - Every Little Thing She Does Is Magic (Out-Take) | 1MBkgfawFas 42 Song Lyrics HD: The Police - Every Little Thing She Does Is Magic (Lyrics HD) | JLuarUe3POs 41 Alessandro Rossi: The Police - Every Little Thing She Does Is Magic
The Police	Next To You	QucmeFo-G_E	high	search	79	172	The Police	Next To You	4y4zg5hIjBk 77 The Police: Next To You (Remastered 2003) | ifybcr2Goag 43 higmadon: [HD] The Police - Next To You (HP 1979) | YGbnSW5VPlc 38 welshlfcfan92: The Police   Next To You
The Police	So Lonely	MX6MvV8cbh8	high	search	95	185	The Police	The Police - So Lonely (Official Music Video)	t8Gj-BUJlIk 78 The Police: So Lonely | HQ9lY2LON68 40 Priscilaa Sc: The Police So Lonely HQ | fz0DFefft2E 38 Amor Marpaung: So Lonely - The Police w/ Lyrics
The Police	Synchronicity II	o5FPPoLqkCk	high	search	95	273	The Police	The Police - Synchronicity II (Official Music Video)	ySHLcOF57mQ 79 The Police: Synchronicity II (Remastered 2023) | GXOtnBX7qfA 78 The Police: Synchronicity II | Mt8dyThuqeI 40 RandomHDMusic: The Police - Synchronicity II (HD)
The Power Station	Get It On (Bang A Gong)	lp0RYMN3yow	high	search	80	330	The Power Station	Get It On (Bang a Gong) [2005 Remaster]	oH1YK8qPkW8 79 The Power Station: Get It On (Bang A Gong) [2026 Remaster] | v81J7BugiBo 78 The Power Station: Get It On (Bang a Gong) (2005 Remaster) | O2vHbXI2p4k 55 Duran Duran: The Power Station - Get It On (Bang A Gong) (Official Music Video)
The Psychedelic Furs	Pretty In Pink	RuWmsg-ihLg	high	search	95	245	The Psychedelic Furs	The Psychedelic Furs - Pretty in Pink (Official Video)	3xFVgWSRCvE 92 The Psychedelic Furs: The Psychedelic Furs - Pretty In Pink (Official Audio) | bNp5cpHKdWk 75 The Psychedelic Furs: Pretty in Pink | yHHVcfUNwew 53 The Psychedelic Furs: The Psychedelic Furs - Pretty in Pink (Live from the House of Blues)
The Ramona Flowers	If You Remember	JD8VB9nmscE	high	search	87	224	The Ramona Flowers	The Ramona Flowers - If You Remember	nc25AXCpJ-0 86 The Ramona Flowers: The Ramona Flowers - If You Remember (Visualiser) | npGeMuPxhD0 39 ESTUDIO TAP: The Ramona Flowers - If You Remember | _nXPclyBlms 38 tennessee walker: The Ramona Flowers - If You Remember //sub. español
The Ramona Flowers	That Summer	HD8ExaxE-sc	high	search	87	217	The Ramona Flowers	The Ramona Flowers - That Summer	mIAQlznZfys 39 Gregory P: The Ramona Flowers/That Summer/House of Blues 2/28/26 | GzHplGdeQfY 20 The Ramona Flowers: The Ramona Flowers - Human (Lyric Video) | jEmyYSk259M 18 The Ramona Flowers: The Ramona Flowers - Human
The Ramona Flowers	Up All Night (Feat. Nile Rodgers)	5eZoJBcf6BE	high	search	95	187	The Ramona Flowers	The Ramona Flowers ft. Nile Rodgers - Up All Night (Official Video)	xAYLoPqw5YM 92 The Ramona Flowers: The Ramona Flowers ft. Nile Rodgers - Up All Night (Official Video Commentary) | nj6T-U2EcOw 86 The Ramona Flowers: The Ramona Flowers ft. Nile Rodgers - Up All Night (Lyric Video) | JieUKDaWjmk 83 The Ramona Flowers: The Ramona Flowers - Up All Night (Stripped)
The Red Clay Strays	Caddo County	Ethogkhttdo	low	search	72	202	Red Clay Strays	The Red Clay Strays - Caddo County (From Twisters: The Album) [Official Audio]	sHayBcmsFH0 41 Whiskey & Willows: the red clay strays - caddo county (lyrics) | DxuuedF2C-4 39 Fr4me lyrics: The Red Clay Strays - Caddo County (lyrics) | 956TF6OLAXA 38 Taylor Hendrix: The Red Clay Strays  - Caddo County (7/31/2024) Nashville, TN
The Red Clay Strays	Doin' Time	SW4ZQwtAHa8	low	search	64	231	Red Clay Strays	The Red Clay Strays - Doin' Time (Official Lyric Video)	fjXySYrxHv0 41 Space City Shows: The Red Clay Strays - Doin' Time (Houston 10.11.24) HD | 1ibxXo4D-Xw 40 OkiePatriot 76 Radio: The Red Clay Strays - Doin' Time | J_b4znU0-vA 33 Beth Boylan: Red Clay Strays “ Doin’ Time” 6/1023
The Red Clay Strays	On My Knees	XD2InydY5b0	low	search	63	205	Red Clay Strays	The Red Clay Strays - On My Knees (Official Lyric Video)	rL2qMwz_SUM 56 Red Clay Strays: On My Knees - Red Clay Strays | iZ1h_0c6pWA 40 Space City Shows: The Red Clay Strays - On My Knees (Houston 10.11.24) HD | QmlWJdy63uY 35 Dan Music: @RedClayStrays - On My Knees (Lyrics)
The Red Clay Strays	Ramblin'	1fb5SYlXwmo	low	search	64	154	Red Clay Strays	The Red Clay Strays - Ramblin' (Official Lyric Video)	ClLYo9gjTEA 39 Rock Paradise: The Red Clay Strays - Ramblin' (Lyrics) | a6YmHTPXkJA 38 Mighty Heard: The Red Clay Strays - Ramblin' | E7zMSVvk4BI 33 Red Clay Strays: The Red Clay Strays - Ramblin' (Live At The Ryman)
The Replacements	I Will Dare	3kHzqCKYWOM	high	search	79	200	The Replacements	I Will Dare (2006 Remaster)	y3Ekp7Q4k9g 75 The Replacements: I Will Dare | ltPNJl26ZGE 55 RHINO: The Replacements - I Will Dare (Official Music Video) | 0cjVMOvJywk 43 matdinozzo: The Replacements - I Will Dare (REMASTERED)
The Revivalists	Don't Look Back	B0e5xNGAIuk	high	search	91	205	The Revivalists	The Revivalists — Don’t Look Back (Official Audio)	5QAi1XX2Zw8 87 The Revivalists: The Revivalists - Don't Look Back (Official Lyric Video) | ExB_et909Vo 77 The Revivalists: Don’t Look Back (Flipturn Version) | lotw8kpahU0 56 The Revivalists: The Revivalists - Don't Look Back (Live From The Capitol Theatre 2022)
The Revivalists	Keep Going	WEByqyzv1fg	high	search	95	255	The Revivalists	The Revivalists - Keep Going (Official Audio)	"zqcfSJxAahc 56 The Revivalists: The Revivalists | ""Keep Going"" | Live Session | EUDT4AxWh1E 43 Last.fm: The Revivalists - Keep Going (Last.fm Sessions) | nEJwyYOUN00 39 Trapitokalambres: The Revivalists - Keep Going"
The Rolling Stones	(I Can't Get No) Satisfaction	MSSxnv1_J2g	high	search	78	224	The Rolling Stones	(I Can't Get No) Satisfaction (Mono)	nrIPxlFzDi0 42 ABKCOVEVO: The Rolling Stones - (I Can't Get No) Satisfaction (Official Lyric Video) | 0SPsn2w_i_k 40 Luis Fernando Flores: The Rolling Stones - [I Can't Get No] Satisfaction (2021 Remaster) (Audio) | lt8pQDY51u0 39 Smurfstools Oldies Music Time Machine: THE ROLLING STONES 📀 (I Can't Get No) Satisfaction {Stereo} Summer
The Rolling Stones	Emotional Rescue	9iw_BE_X9sA	high	search	87	250	The Rolling Stones	The Rolling Stones - Emotional Rescue - OFFICIAL PROMO	"HDiYf5FZybg 86 The Rolling Stones: The Rolling Stones - Emotional Rescue [Official Lyric Video] | HEbxkhddvwk 41 Alessandro Rossi: The Rolling Stones - Emotional Rescue (Remastered 2009) | Ts6uiubDvw4 40 lucio sampaio: The Rolling Stones  ""Emotional Rescue""    1980    HD    (Audio Remastered)"
The Rolling Stones	Hang Fire	3xbtlW16Gts	high	search	87	141	The Rolling Stones	The Rolling Stones - Hang Fire - Official Promo	yC_iVqr61io 41 yay: The Rolling Stones - Hang Fire | XLKvkMuNLPY 40 Silver Paint TV: Hang Fire   THE ROLLING STONES   1981 HQ | QuR8n6K4aOA 40 juan pablo garcia: The Rolling Stones   Hang Fire Remastered
The Rolling Stones	It's Only Rock 'n' Roll (But I Like It)	JGaBlygm0UY	high	search	87	292	The Rolling Stones	The Rolling Stones - It's Only Rock 'N' Roll (But I Like It) - OFFICIAL PROMO	"62xJvFGtvFI 80 The Rolling Stones: It's Only Rock 'n' Roll (But I Like It) (2005 Digital Remaster) | 1waxAGxIkHs 78 The Rolling Stones: It's Only Rock 'n' Roll (But I Like It) (Remastered) | MhM-aKCi_JQ 53 The Rolling Stones: The Rolling Stones - It’s Only Rock ‘n’ Roll (But I Like it) [From ""GRRR Live"" - Newa"
The Rolling Stones	Jumpin' Jack Flash	DARZS3ipWoI	high	search	91	202	The Rolling Stones	The Rolling Stones - Jumpin' Jack Flash (Official Music Video)	hdlVfuaKwRI 76 The Rolling Stones: Jumpin' Jack Flash (Mono) | ruTMp4_sy1E 50 ABKCOVEVO: The Rolling Stones - Jumpin' Jack Flash (Official Video) [4K] | qGd7SkdETro 49 ABKCOVEVO: The Rolling Stones - Jumpin' Jack Flash (Official Music Video) (With Makeup)
The Rolling Stones	Mess It Up	vTUKj4e3vd4	high	search	87	256	The Rolling Stones	The Rolling Stones - Mess It Up	JgwD6-jnFfc 86 The Rolling Stones: The Rolling Stones — Mess It Up (Lyric video) | kLWXu8SCQ8M 43 cold boy.: The Rolling Stones – Mess It Up (Lyrics) | _mEC54eTuGw 26 The Rolling Stones: The Rolling Stones - Angry (Official Music Video)
The Rolling Stones	Paint It, Black - Mono	8-AK67iz3gI	low	search	61	204	The Rolling Stones	Paint It, Black	EBUFtoC2oj4 59 The Rolling Stones: Paint It, Black | EjlPZy8ad8Y 13 In The Groove With DJ RayRay: The Rolling Stones Paint It, Black (Mono 45 Mix) (226th #1 song of Rock Era | bEqYpBZ5nEc -22 7clouds: The Rolling Stones - Paint It, Black (Lyrics)
The Rolling Stones	Respectable	ptDz5BwAgXQ	high	search	87	192	The Rolling Stones	The Rolling Stones - Respectable - OFFICIAL PROMO	"ZiqcoOb4Wmo 80 The Rolling Stones: Respectable (Remastered) | BczPqlvqspc 75 The Rolling Stones: Respectable | 8TblY75Zy6c 33 Amazing Kalifha´s Channel: Rolling Stones “Respectable"" Totally Stripped Paradiso Amsterdam Holland 1995 "
The Rolling Stones	She's A Rainbow	Va87qt0VZ2M	high	search	78	254	The Rolling Stones	She's A Rainbow	K4m6y40L6hM 75 The Rolling Stones: She's A Rainbow (Mono) | 6c1BThu95d8 42 ABKCOVEVO: The Rolling Stones - She's A Rainbow (Official Lyric Video) | pMi221xb2UQ 40 LeVacarois: The Rolling Stones - She's A Rainbow (Paris, 2017)
The Rolling Stones	Undercover Of The Night	DVJkfXeTs9Q	high	search	87	299	The Rolling Stones	The Rolling Stones - Undercover Of The Night - OFFICIAL PROMO (EXPLICIT)	4zctpDmVGjI 86 The Rolling Stones: The Rolling Stones – Undercover (Of the Night) (Official Lyric Video) | pP1UbJ2iKLw 84 The Rolling Stones: The Rolling Stones- Undercover Of The Night (B Version) | Wj40eDYv8kk 40 Music Reserves: The Rolling Stones - Undercover of the Night
The Romantics	What I Like About You	Rqnw5IfbZOU	high	search	100	176	TheRomanticsVEVO	The Romantics - What I Like About You (Official Video)	ldiUI2Pah9Y 88 The Romantics - Topic: What I Like About You (Album Version) | GIxLRlyDrhw 87 The Romantics - Topic: What I Like About You | VXi5xgNpWgM 40 Peter Quest: The Romantics - What I Like About You (Remastered)
The Second Level	The Reason (feat. Hoobastank)	1OGbKEqvXl0	low	search	55	168	Spinnin' Records	The Second Level x Hoobastank - The Reason (Official Music Video)	fV4DiAyExN0 45 Hoobastank: Hoobastank - The Reason (Official Music Video) | 4liThAxdb0M 41 luunar!: The Second Level x Hoobastank - The Reason [NCS Fanmade] | BcnXaAUiJ64 38 RIX-ON: The Second Level x Hoobastank - The Reason
The Smashing Pumpkins	Tonight, Tonight	NOG3eus4ZSo	low	search	72	259	Smashing Pumpkins	The Smashing Pumpkins - Tonight, Tonight (Official Music Video)	cTrbHUJUzqM 55 Smashing Pumpkins: Tonight, Tonight | wXOCH-XVPro 53 Smashing Pumpkins: Tonight, Tonight (Band Version Only/No Strings) | 6cuSqzM7cs8 32 CrapUsername321: Smashing Pumpkins - Tonight, Tonight Lyrics
The Spencer Davis Group	Gimme Some Lovin'	BuQ3PaFyb9A	high	search	88	178	The Spencer Davis Group - Topic	Gimme Some Lovin'	W_ykpby0yag 87 The Spencer Davis Group - Topic: Gimme Some Lovin' | ko3m0NBbq1o 39 Monotostereoking: The Spencer Davis Group - Gimme Some Lovin'. Stereo | RSIj_yhj7hg 34 jarichards99utube: Gimme Some Lovin Spencer Davis Group FULL SONG ReEdit TRUE 1966 STEREO HiQ Hybrid JARi
The Spinners	Games People Play	I_4xktFy4Dw	low	search	56	285	The Spinners Legacy	Games People Play	0-23x6yClCo 54 The Spinners Legacy: Games People Play | LNi7oFaoyJM 41 John Smith: The Spinners Games People Play | ragAoC76l7U 38 Television Jams: The Spinners - Games People Play (1993)
The Strokes	Last Nite	TOypSnKFHrE	high	search	89	202	The Strokes	The Strokes - Last Nite (Official HD Video)	WqbIGLaZq0Y 83 The Strokes: The Strokes - Last Nite (Rough Trade Version) | 6rkLF0zxp7E 48 Trending Songs: The Strokes - Last Nite (Official Audio) | Hab8TR-GSNk 44 BBC Music: The Strokes – Last Nite (Later Archive 2006)
The Strumbellas	Hold Me	pbLdWi1oZhE	high	search	95	198	The Strumbellas	The Strumbellas - Hold Me (Official Video)	"nRlXfYtR0e4 46 AweLyrics: The Strumbellas - Hold Me (Lyrics) | 33mxOliN9X0 45 The Strumbellas: The Strumbellas - Hold Me (Acoustic) | bSX9cLA5s74 43 Indie88: The Strumbellas - ""Hold Me"" | Indie88 Black Box Sessions"
The Struts	Can't Stop Talking	39XWiU9t-m8	high	search	87	169	The Struts	The Struts - Can't Stop Talking	dPGArSFhqQw 86 The Struts: The Struts - Can't Stop Talking (Lyric Video) | lr5onUFP6OM 38 Donna: The Struts - Can't stop talking | TRADUCCIÓN AL ESPAÑOL | GcvBnhq0lFA 20 The Struts: The Struts - Body Talks ft. Kesha
The Struts	Heaven's Got Nothing On You	2FvgmMK5TIM	high	search	87	187	The Struts	The Struts - Heaven's Got Nothing On You (Lyric Video)	"jrv9hxeDBOE 40 gostosao1971: The Struts - Heaven's Got Nothing On You - The Complex Salt Lake City Aug 21 2024 | m4rQsPg5l0g 39 개걔게계 tototootwo: The Struts - Heaven's Got Nothing On You | NoGQu0yoE8A 11 TheConcertGoddess: The Struts ""Heaven's Got Nothing on You"" Live Toronto Ontario Canada August 10 2024"
The Struts	Pretty Vicious	BZLkOcNheZY	high	search	87	316	The Struts	The Struts - Pretty Vicious (Lyric Video)	EIXq1Qofb4A 46 The Howard Stern Show: The Struts “Pretty Vicious” Exclusive for the Stern Show | _9Fwd9luNLU 45 The Struts: The Struts - Pretty Vicious (Acoustic / Unplugged At EastWest) | MYPO3ZDAaXY 10 FrontRowPass: The Struts - Pretty Vicious (LIVE 4K) | BeachLife Festival, Redondo Beach - May 2, 2025
The Supremes	Baby Love	D6QF4sB40gU	high	search	85	155	The Supremes	The Supremes - Baby Love (Lyric Video)	"HyPpNWTtV9g 79 The Supremes: Baby Love | 9_y6nFjoVp4 41 GNRSlashLover: The Supremes - Baby Love | x4iIXC5sk8M 39 vinylsolution: The Supremes - Baby Love - ""Top Of The Pops"" Show (1964)"
The Supremes	I Hear A Symphony	aKG89jm79kc	high	search	79	163	The Supremes	I Hear A Symphony	9vSiE7kUYN8 76 The Supremes: I Hear A Symphony | 9AvazJxHK10 75 The Supremes: I Hear A Symphony (Single Version / Mono) | bpL1TTxffO0 62 The Supremes Archive: The Supremes - I Hear A Symphony [Hullabaloo - 1965]
The Supremes	You Can't Hurry Love	ovoBi3pXD_A	high	search	87	169	The Supremes	The Supremes - You Can't Hurry Love (Lyric Video)	__zeSGrpQSY 77 The Supremes: You Can't Hurry Love (Alternate Vocal) | nq_TX5ZR0rU 75 The Supremes: You Can't Hurry Love (Mono) | F2NUI1ELYao 75 The Supremes: You Can't Hurry Love
The Supremes	You Keep Me Hangin' On	pi00f6oiMu4	high	search	87	161	The Supremes	The Supremes - You Keep Me Hangin' On (Lyric Video)	A9MwPMHEjNM 78 The Supremes: You Keep Me Hangin' On | 05LYn-pQc5w 75 The Supremes: You Keep Me Hangin' On (Extended Alternate Version) | IjXiRN4I434 62 The Supremes Archive: The Supremes - You Keep Me Hangin' On
The Sylvers	Boogie Fever	DBdeC5lfHsg	high	search	88	212	The Sylvers - Topic	Boogie Fever	GPR0PRJvyv4 87 The Sylvers - Topic: Boogie Fever | YHKCHvpYq_8 42 thepaak786: The Sylvers - Boogie Fever (Midnight Special 1976) | 2yTbrMk70oU 39 thepaak786: The Sylvers - Boogie Fever
The Sylvers	Hot Line	5sx6TK5WY2I	high	search	88	274	The Sylvers - Topic	Hot Line	VQ0batDeQyM 87 The Sylvers - Topic: Hot Line | ErU8Lo2WcO4 42 etmeetje33: The Sylvers - HOTLINE - [extended version & HQ audio] | B1wa4qw6XHU 39 Classic Sounds 70s: The Sylvers - Hot Line (1976)
The Temper Trap	Giving Up Air	6dUbtl_-_v0	high	search	86	288	The Temper Trap	The Temper Trap - Giving Up Air (Official Lyric Video)	m6M8TdX2Zr4 72 The Temper Trap and Mushroom: The Temper Trap - Giving Up Air (Official Music Video) | qbXUE7AM_l4 62 Jimmy Kimmel Live and The Temper Trap: The Temper Trap – Giving Up Air | IftqPlW52l8 53 The Temper Trap: The Temper Trap - Giving Up Air (Live at Northcote Theatre)
The Temptations	Get Ready	mhsYOzdJjI0	high	search	87	160	The Temptations	The Temptations - Get Ready (Lyric Video)	qjyrV6s-5zM 75 The Temptations: Get Ready (Mono Single) | PV97roslmt0 41 tes74: The Temptations - Get Ready | sxkRufEXvF8 39 jeff Harris: The Temptations Get Ready  I'm Losing You DJ Faze One
The Ventures	Frosty The Snowman	azOu4nKq0_k	high	search	89	123	The Ventures - Topic	Frosty The Snowman	8jM1nDqXp5s 89 The Ventures - Topic: Frosty The Snowman (Remastered) | 65mz0DI1xRo 39 NANCYFLORESSANTOS: THE VENTURES - FROSTY THE SNOWMAN | zS-nF4vD1Rs 38 LittleMissLounge: The Ventures - Frosty The Snowman
The Ventures	Jingle Bell Rock	5s1eD39J828	high	search	88	116	The Ventures - Topic	Jingle Bell Rock	fRFOS0fWFZY 87 TheVenturesMusic: The Ventures - Jingle Bell Rock | o3HQdLCLra4 39 Conrad Cati 2: The Ventures - Jingle Bell Rock [ Christmas Album - 1965 ] N. 5 | 4bHGSY4WztU 38 🛸MIKE'S MYSTERY MACHINE🛸: THE VENTURES  🎸JINGLE BELL ROCK
The Ventures	Jingle Bells	UhG_JV9lteM	high	search	87	121	TheVenturesMusic	The Ventures - Jingle Bells	d3Uxg0rlW2Y 87 The Ventures - Topic: Jingle Bells (Rerecorded) | NJ4U3Z_coys 86 TheVenturesMusic: The Ventures - Jingle Bells | AljZQbOWl8c 86 The Ventures - Topic: Jingle Bells
The Ventures	Rudolph, The Red-Nosed Reindeer	xrNbRdxe_UM	high	search	88	111	The Ventures - Topic	Rudolph, The Red-Nosed Reindeer	VTFw8CyMzz4 87 TheVenturesMusic: The Ventures - Rudolph The Red Nosed Reindeer | fGyAIU3Cg6w 39 MrChriskopa: The Ventures - Rudolph The Red Nosed Reindeer | hA_TeqckDgU 38 Conrad Cati 2: The Ventures - Rudolph The Red Nosed Reindeer [ Christmas Album - 1965 ] N. 7
The Ventures	Sleigh Ride	7L1v4rVfZ6c	high	search	89	147	The Ventures - Topic	Sleigh Ride	L0Z-zVxw2BI 86 TheVenturesMusic: The Ventures - Sleigh Ride | j2tj_JCYqJc 86 The Ventures - Topic: Sleigh Ride | GGnT46xhXSg 38 Xavier Llerena: The Ventures - Sleigh Ride
The Wanted	Chasing The Sun	RFS5N_yAGTo	high	search	87	196	The Wanted	The Wanted - Chasing The Sun	OGXD61SapUM 86 The Wanted: The Wanted - Chasing The Sun (Lyric) | ZIyYMjI-xFg 85 The Wanted: The Wanted - Chasing The Sun (Ice Age: Continental Drift Version) | Lv0GRKfCRi4 76 The Wanted: Chasing The Sun
The Wanted	Glad You Came	2ggzxInyzVE	high	search	87	203	The Wanted	The Wanted - Glad You Came	mKZCVTQC8E0 77 The Wanted: Glad You Came | PezuCGhcqlI 75 The Wanted: Glad You Came (2021 Master) | lep0b44PjCw 53 The Wanted: The Wanted - Glad You Came (Live on Letterman)
The Weather Girls	It's Raining Men	l5aZJBLAu1E	high	search	100	295	TheWeatherGirlsVEVO	The Weather Girls - It's Raining Men (Official Video)	VYTFjzvIa38 87 The Weather Girls - Topic: It's Raining Men (Single Version) | uYxZmYicKg8 85 The Weather Girls - Topic: It's Raining Men | R3m6-U89Fxs 41 Young Pilgrim Music: The Weather Girls - It's Raining Men (Lyrics)
The Weeknd	Blinding Lights	4NRXx6U8ABQ	high	search	95	263	The Weeknd	The Weeknd - Blinding Lights (Official Video)	fHI8X4OXluQ 94 The Weeknd: The Weeknd - Blinding Lights (Official Audio) | ewfdRy5jfF8 54 The Weeknd: The Weeknd - Blinding Lights (Live On The 2020 MTV VMAs) | VJYpyC1SNPc 53 The Weeknd: The Weeknd - Blinding Lights (Live On Jimmy Kimmel Live! / 2020)
The Weeknd	Open Hearts	Bn-3ICGjz0U	high	search	95	320	The Weeknd	The Weeknd - Open Hearts (Official Video)	ll6sBa3Dafs 86 The Weeknd: The Weeknd - Open Hearts (Audio) | QWEtwGHznxI 76 The Weeknd: Open Hearts (Single Version) | ZjkOW375rxA 53 The Weeknd: The Weeknd - Open Hearts (Live on Jimmy Kimmel Live!)
The Weeknd	Take My Breath	rhTl_OyehF8	high	search	95	225	The Weeknd	The Weeknd - Take My Breath (Official Music Video)	eT1E3gmST9U 94 The Weeknd: The Weeknd - Take My Breath (Official Audio) | qYbm8HJlwMs 91 The Weeknd: The Weeknd - Take My Breath (Extended Version) (Official Audio) | oH1eiyQpw2E 83 The Weeknd: The Weeknd - Take My Breath (Official Lyric Video)
The Whispers	Rock Steady	Om_YUcKYLB4	high	search	77	313	The Whispers - Official Channel	Rock Steady	R1Ukg_33qts 76 The Whispers - Official Channel: Rock Steady (Radio Edit) | rPJz3syNbtE 55 UnidiscMusic: The Whispers - Rock Steady (Official Music Video) | YSflCd2l1T0 41 teshawn59: The Whispers- Rock Steady
The White Stripes	Fell in Love With a Girl	fTH71AAxXmM	high	search	95	121	The White Stripes	The White Stripes - Fell In Love With A Girl (Official Music Video)	wRvDbz11NpY 83 The White Stripes: The White Stripes - Fell In Love With A Girl | xK1razHwr1U 55 The White Stripes: The White Stripes - Fell In Love With a Girl (Live on Top Of The Pops 2002) | STcAUluhVRQ 41 ione10: The White Stripes fell in love with a girl
The White Stripes	Seven Nation Army	0J2QdDbelmY	high	search	95	239	The White Stripes	The White Stripes - Seven Nation Army (Official Music Video)	"tfnxW2anDDE 53 The White Stripes: The White Stripes - Seven Nation Army (Live at Bonnaroo 2007) | CBEJo18auXE 43 YOUMUSIC: The White Stripes - Seven Nation Army (Audio) | KcZ73FRFLzY 41 EDM Music: The White Stripes - 'Seven Nation Army"" (Lyrics)"
The White Stripes	The Hardest Button to Button	K4dx42YzQCE	high	search	95	219	The White Stripes	The White Stripes - The Hardest Button To Button (Official Music Video)	"14r0r33brM0 42 nico2292: The White Stripes - The Hardest Button To Button - HD | N3ceE43AHyw 41 3 Chord Philosophy: The White Stripes ""The Hardest Button To Button"" | MPCqC-9aZXo 38 blackmath333: The White Stripes - The Hardest Button To Button. Reading Festival 2004. 4/12"
The Who	Long Live Rock	BEygWf5EYeM	high	search	76	237	TheWho	Long Live Rock	oUhqAh1A1WM 52 TheWho: Long Live Rock (Original Olympic Mix) | Ojd31PlcKEc 50 TheWho: Long Live Rock (Single Mix) | 6g4v3zaiIII 43 TheWho: Long Live Rock (Remixed Album Version)
The Who	Magic Bus	B3oCB9RdiB4	high	search	79	200	TheWho	Magic Bus (Original Stereo Version)	Ow4xN-d98rM 77 TheWho: Magic Bus (US / UK Mono Version) | wkTpZFq7b3c 43 Beat-Club: The Who - The Magic Bus (1968) | NExX9hSVBRY 39 The Match Me Podcast: The Who- Magic Bus (HQ)
The Who	Pinball Wizard	hHc7bR6y06M	high	search	87	185	TheWho	The Who - Pinball Wizard (Lyric Video)	-J03yCE15rg 55 TheWho: The Who - Pinball Wizard (Live at the Isle of Wight, 1970) | 4AKbUm8GrbM 41 The One and Only Nort: The Who-Pinball Wizard | nwwoK-1p8Nk 41 Brian Martens Music: The Who - Pinball Wizard - Remastered
The Who	Squeeze Box	4n02PD18cFs	high	search	79	162	TheWho	Squeeze Box	pkKZHvVNo_M 77 TheWho: Squeeze Box | k4kBFxCY4LI 75 TheWho: Squeeze Box | ZXoxH8HI7z8 41 lucylovebeatles: the who-squeeze box
The Who	Who Are You	PNbBDrceCy8	high	search	87	313	TheWho	The Who - Who Are You (Promo Video)	LYb_nqU_43w 78 TheWho: Who Are You | LTJoeYEy2GQ 50 TheWho: Who Are You (John & Cyrano Mix) | MTWD52ny0Wk 40 therocknthelol: The Who Who Are You
The Who	Won't Get Fooled Again (Single Edit)	DaX1KiHznR8	high	search	85	220	TheWho	The Who - Won't Get Fooled Again (Lyric Video)	Jtb10ZwbReY 62 TheWho: Won't Get Fooled Again (Remastered 2022) | DpHcBfjepq8 41 Alessandro Rossi: The Who - Won't Get Fooled Again (Single Edit) | sNEtTLGDQB8 39 Music: The Who - Won’t Get Fooled Again (Radio Edit)
The Who	You Better You Bet	wqPlb5PLBvg	high	search	87	238	TheWho	The Who - You Better You Bet (Promo Video)	A-5NwmaOO3M 75 TheWho: You Better You Bet (Edit) | tMDkJTPIvdo 55 TheWho: The Who - You Better You Bet - Live In Hyde Park, London / 2015 | UCfO9zClQ8I 41 ♪FenderGibson Sounds♪: The Who | You Better You Bet (HQ)
The Young Rascals	Good Lovin'	t3CQ-5MeRwY	high	search	88	151	The Young Rascals - Topic	Good Lovin' (Single Version)	"OUNJbVFW5Pw 47 The Ed Sullivan Show: The Young Rascals ""Good Lovin'"" on The Ed Sullivan Show | DknhW6Mu55Q 39 ♪FenderGibson Sounds♪: The Young Rascals | Good Lovin' (HQ) | Oy625sZAHN8 32 Hoodoo You Love?: The Rascals - Good Lovin'"
Thin Lizzy	Jailbreak	dMko8DlY9IA	high	search	79	244	Thin Lizzy Official	Jailbreak	yFMVvSAeVO4 78 Thin Lizzy Official: Jailbreak | At_rPiCCnpY 45 The Midnight Special: Jailbreak - Thin Lizzy | The Midnight Special | kFFHSRLl3mY 39 Rois1nDubh: Jailbreak - Thin Lizzy
Thin Lizzy	The Boys Are Back In Town	wIE5wwvicew	high	search	87	267	Thin Lizzy Official	Thin Lizzy - The Boys Are Back In Town (Official Lyric Video)	quyB8PMTD3o 41 GreatGuitarHeroes: THIN LIZZY - The Boys Are Back In Town  (1976 UK T.O.T.P. TV Appearance) ~ HIGH QUALIT | bawlZLHMEas 40 Hits Of The Music: Thin Lizzy - The Boys Are Back In Town (HQ) | Ta3YkTdIQqE 8 Richard DeVinney: Thin Lizzy - The Boys Are Back In Town - Live At Rockpalast.avi
Thomas Dolby	She Blinded Me With Science	V83JR2IoI8k	high	search	97	228	Thomas Dolby Official	Thomas Dolby - She Blinded Me With Science (Official Video - HD Remaster)	VrrNTap0YLI 79 Thomas Dolby Official: She Blinded Me With Science (2009 Remaster) | 6-be2Txz9Wo 78 Thomas Dolby Official: She Blinded Me With Science (Extended Version) | 0AYBw5bjmGE 39 Sonny Crockett: Thomas Dolby - She Blinded Me With Science
Thomas Rhett	Beautiful As You	G6CQLM1H4KI	high	search	87	168	Thomas Rhett	Thomas Rhett - Beautiful As You (Lyric Video)	K8UwQEimQBo 58 Thomas Rhett: Beautiful As U | Rm8UnZ_ADnE 55 Thomas Rhett: Thomas Rhett – Beautiful As You (Live at CMA Fest 2024) | bwZp27XhCD0 53 Thomas Rhett: Thomas Rhett - Beautiful As You (Live From Fenway Park)
Thomas Rhett	Christmas In The Country	IzGcoGDIJuo	high	search	87	212	Thomas Rhett	Thomas Rhett - Christmas In The Country (Lyric Video)	TDw_OK9as7E 86 Thomas Rhett: Thomas Rhett - Christmas In The Country (Animated Lyric Video) | 0pOmr11wF_M 40 Christine Woeller: Thomas Rhett- Christmas In The Country (Music Video) | pIQdV5DsTvg 39 Melody Base: Christmas In The Country - Thomas Rhett (Lyrics)
Thomas Rhett	Life Changes	9a6SCzD7dJ0	high	search	87	199	Thomas Rhett	Thomas Rhett - Life Changes	MKfJk8hIE0s 86 Thomas Rhett: Thomas Rhett - Life Changes (Static Video) | UrShgjwGF6w 83 Thomas Rhett: Thomas Rhett - Life Changes (Radio Edit / Lyric Video) | DEOv9ZpOZs8 77 Thomas Rhett: Life Changes
Thomas Rhett	Unforgettable	_T8ml-P0GkI	high	search	87	159	Thomas Rhett	Thomas Rhett - Unforgettable (Lyric Video)	3d0Sol4bsCo 78 Thomas Rhett: Unforgettable | NewK-YswfCo 76 Thomas Rhett: Unforgettable | QzpLfRp0bV0 40 Cire Lyrics: Lyrics 🎧: Thomas Rhett -  Unforgettable
Thompson Twins	King For A Day	S-LBDFbVqMA	high	search	97	251	Thompson Twins	Thompson Twins - King For A Day (Official Video) (4K Remaster)	mEcqkKgzcoc 78 Thompson Twins: King for a Day | zzipmhNPUco 77 Thompson Twins: King for a Day (2025 Remaster) | KohjXB4Pe0g 76 Thompson Twins: King for a Day (Single Edit)
Thompson Twins	Lies	MNeVjVu9O6w	high	search	97	191	Thompson Twins	Thompson Twins - Lies (Official Video) (4K Remaster)	FE-ecC3XfCM 94 Thompson Twins: Thompson Twins - Lies (Official Audio) | zERkuDT8AYE 78 Thompson Twins: Lies (2025 Remaster) | ghi2MNAFejU 43 TopPop: Thompson Twins - Lies • TopPop
Three Dog Night	Joy To The World	EVcpKjXYa5c	high	search	79	221	Three Dog Night	Joy To The World	SZgw5xG8Vew 77 Three Dog Night: Joy To The World (Single Version) | IjtEM0mtUtw 75 Three Dog Night: Joy To The World | M9uoq9gfeL0 41 Polydor 1000: Three Dog Night - Joy To The World  (1971)
Tiffany	I Saw Him Standing There	pJ7X0inKxbo	high	search	87	250	Tiffany	Tiffany - I Saw Him Standing There	gIYeNkFNavQ 78 Tiffany: I Saw Him Standing There (Album Version) | 2mVSgXPZLUE 77 Tiffany: I Saw Him Standing There (Single Version) | xOAFoTzx0YM 38 Rockin' Ron Sedaille: I Saw Him Standing There - Tiffany
Tiffany	I Think We're Alone Now	w6Q3mHyzn78	high	search	95	266	Tiffany	Tiffany - I Think We're Alone Now (Official Music Video)	JmeJ2VsCs-0 85 Tiffany: Tiffany - I Think We're Alone Now (Re-Recorded) | NHvaD1rkIXU 78 Tiffany: I Think We're Alone Now | srwtFYIGVlo 39 DanceHype: Tiffany - I Think We’re Alone Now
Tim McGraw	I Like It, I Love It	yHtLF6IicNk	high	search	95	208	Tim McGraw	Tim McGraw - I Like It I Love It (Official Music Video)	aAZVtj_JsCY 78 Tim McGraw: I Like It, I Love It | Cd9meRp91us 40 Elle Loera: I like it, I love it -- Tim McGraw -- LYRICS | 5nuynFC3sL8 39 Karen Watson: I Like It, I Love It - Tim McGraw
Tim McGraw	Just To See You Smile	V7TolEcnKbs	high	search	79	216	Tim McGraw	Just To See You Smile	"V5O9-JWvNGk 45 CMA: Tim McGraw - ""Just to See You Smile"" | CMA Awards 1998 | vP03ysPvfvc 41 James Jones: Just to See You Smile Lyrics By Tim McGraw | M9jKwji7imU 39 WonderBredNinja: Tim McGraw - Just to see you smile"
Tina Turner	Better Be Good To Me	qyU7BbQSm98	high	search	97	243	Tina Turner	Tina Turner - Better Be Good To Me (Official Video) [HD]	bErwIcWScWM 79 Tina Turner: Better Be Good to Me (Single Edit) (2023 Remaster) | 2Fc5bqE8w1E 78 Tina Turner: Better Be Good to Me | vDrVyauFyCo 76 Tina Turner: Better Be Good to Me
Tiësto	Hot Honey (feat. Alana Springsteen)	iuYAG3kfqCg	high	search	95	199	Tiësto	Tiësto & Alana Springsteen - Hot Honey  (Official Music Video)	sd0nx04qkRA 41 electronaut: Tiësto, Alana Springsteen ⚡ Hot Honey / Lyrics | Dp2Nifh5R1w 10 Viorel Preda: Tiësto feat. Alana Springsteen - Hot Honey (Live @ EDC Las Vegas 2024) | UiB97HTiiyY 4 V1c0: Tiësto  & Alana Springsteen - Hot Honey (Dj_gresh_) feat Da FoX Remix 
Tiësto	Red Lights	CFF0mV24WCY	high	search	87	213	Tiësto	Tiësto - Red Lights	S-FBWZeKCWs 77 Tiësto: Red Lights (Radio Edit) | Y8TwyfeiyHQ 75 Tiësto: Red Lights (Extended version) | cmJ63CxEuWc 75 Tiësto: Red Lights (Radio Edit)
Tiësto	Tantalizing (feat. Soaky Siren)	8hDkICUqDzk	low	search	55	147	Musical Freedom	Tiësto & Soaky Siren - Tantalizing (Official Audio)	_vIC9_5nB2o 40 BacK2bACk: Tiësto & Soaky Siren-Tantalizing (B2B Ext. Edit) | 4qkrj4RdVPk 38 soundbox Records: Tiësto feat. Soaky Siren - Tantalizing | QZyVXuOQ7tY 30 SeaMixer: Tiesto feat Soaky Siren - Tantalizing
Tiësto	Won’t Be Possible (feat. Odd Mob & Goodboys)	5wnPbzUL65Q	high	search	95	136	Tiësto	Tiësto, Odd Mob & Goodboys - Won't Be Possible (Official Visualizer)	FYaA7Xjel9M 86 Tiësto: Tiësto, Odd Mob & Goodboys - Won't Be Possible (Official Lyric Video) | ptw8eNb0VTM 39 ML Music: Odd Mob, Tiësto Feat. Goodboys Won’t Be Possible | 1wlbLUKCiWs 30 Pops Bong: Tiesto, Odd Mob & Goodboys - Won’t Be Possible (2025)
Toby Keith	Should've Been A Cowboy	aIq1LvzSLsk	high	search	95	210	Toby Keith	Toby Keith - Should've Been A Cowboy (Official Music Video)	LswzFiCPGwg 53 Toby Keith: Toby Keith - Should've Been a Cowboy Live XXV | q5r0MfZEcOY 41 Country Universe: Toby Keith - Should've Been A Cowboy (Lyrics) | U3TdI1ww29k 40 Karen Watson: Should've Been a Cowboy - Toby Keith
TobyMac	Bring On The Holidays	HIhZ5O3eRJI	high	search	87	206	TobyMac	TobyMac - Bring On The Holidays	TQOEr93VVh0 86 TobyMac: TobyMac - Bring On The Holidays (Audio) | 0XXq-L1_R7E 85 TobyMac: TobyMac - Bring On The Holidays (Official Animation Video) | csOzpP2N_-U 84 TobyMac: TobyMac - Bring On The Holidays (Lyric Video)
Todd Rundgren	Bang The Drum All Day	gO17hN-YvBc	high	search	90	219	Todd Rundgren - Topic	Bang the Drum All Day (2015 Remaster)	aHGUz-0lyUQ 87 Todd Rundgren - Topic: Bang the Drum All Day (2015 Remaster) | P7Tcggo45TQ 55 RHINO: Todd Rundgren - Bang The Drum All Day (Official Video) | AiWgPbPN_rI 43 SiriusXM: Todd Rundgren on His Most Successful Song, 'Bang The Drum All Day'
Tom Petty	Runnin' Down A Dream	Y1D3a5eDJIs	low	search	72	280	Tom Petty & The Heartbreakers	Tom Petty And The Heartbreakers - Runnin' Down A Dream (Official Music Video)	dXYl5NrHPb4 41 Barelypostvids: Runnin' Down A Dream - Tom Petty & The Heartbreakers | Qv4-m-cIZf4 40 Barelypostvids: Runnin' Down A Dream - Tom Petty & The Heartbreakers | QrNdBU_gb7o 39 huntertom: Tom Petty- Runnin' Down A Dream
Tom Petty and the Heartbreakers	American Girl	8v8-RSyuUeE	high	search	79	213	Tom Petty & The Heartbreakers	American Girl	J7bAeH7iJFc 78 Tom Petty & The Heartbreakers: American Girl | bERUjrIQ6fw 75 Tom Petty & The Heartbreakers: American Girl | 1t4ygBn6NJM 44 The Midnight Special: American Girl - Tom Petty and The Heartbreakers | The Midnight Special
Tom Petty and the Heartbreakers	Don't Do Me Like That	BFI-0zSsA0k	high	manual	54	162	Music	Tom Petty And The Heartbreakers - Don’t Do Me Like That	BFI-0zSsA0k 42 Music: Tom Petty And The Heartbreakers - Don’t Do Me Like That | T1aU1wbFSTs 41 Providence Jackson : Tom Petty & the Heartbreakers- Don't Do Me Like That | I5sTa2gMlJM 38 Zacky Dog: Tom Petty & The Heartbreakers - Don't Do Me Like That
Tom Petty and the Heartbreakers	Even the Losers	5Ue4_MWwKY8	high	search	79	240	Tom Petty & The Heartbreakers	Even The Losers	GZ66iPe3MYw 78 Tom Petty & The Heartbreakers: Even The Losers | TNMT4AYf6Xo 39 MTVArchives: Tom Petty & The Heartbreakers - Even The Losers (1980) | _FyH4FTEF74 38 Colonel Parker: Tom Petty and the Heartbreakers   Even the Losers lyrics
Tom Petty and the Heartbreakers	You Wreck Me	-3aGZZueg08	high	search	87	210	Tom Petty & The Heartbreakers	Tom Petty - You Wreck Me [Official Music Video]	_ZMDRbgvcCY 78 Tom Petty & The Heartbreakers: You Wreck Me | haRhA6AZpcU 75 Tom Petty & The Heartbreakers: Tom Petty  - You Wreck Me (Official Lyric Video) | e25p0Y3Vd38 40 Barelypostvids: You Wreck Me - Tom Petty & The Heartbreakers
Tom Tom Club	Genius of Love	aCWCF19nUhA	low	search	57	227	RHINO	Tom Tom Club - Genius Of Love (Official Music Video) [4K]	-MK_o5KzGm0 53 TomTomClub.Com: Genius of Love (Long Version) | ECiMhe4E0pI 41 johnniewalker23: Tom Tom Club - Genius of Love | 8eGGSZUfEGA 40 RETROVISOR: Tom Tom Club   Genius of Love
Tommy Tutone	867-5309 / Jenny	6WTdTwcmxyo	low	search	55	233	TutoneJJ	Tommy Tutone - 867-5309/Jenny (Official Video)	UVwKxz0e2sE 41 Song Lyrics HD: Tommy Tutone - 867-5309 / Jenny (Lyrics HD) | yttNNBzW4-E 40 danthewelch: Tommy Tutone - 867-5309/Jenny - Original LP Remastered | boaJCrHNRMA 38 TutoneJJ: 8675309 Jenny Jenny
TOMORROW X TOGETHER	Do It Like That (Feat. Jonas Brothers)	35lwG7fweJ4	high	search	76	152	TOMORROW X TOGETHER OFFICIAL	'Do It Like That' stage @ ACT : SWEET MIRAGE IN JAKARTA - TXT (투모로우바이투게더)	C0EYKxF1oTI 39 HYBE LABELS: TXT (투모로우바이투게더), Jonas Brothers 'Do It Like That' Official MV | 8thLu6wx3Rk 38 Jaeguchi: TXT, Jonas Brothers 'Do It Like That' Lyrics (Color Coded Lyrics) | 2u65sEVeEog 38 JXS_BP Official: TXT & Jonas Brothers 'Do It Like That' Official Audio
TOMORROW X TOGETHER	Sugar Rush Ride	paL62pifsbc	high	search	76	194	TOMORROW X TOGETHER OFFICIAL	TXT (투모로우바이투게더) 'Sugar Rush Ride' Dance Practice	cJ0WobKRPT8 40 STUDIO CHOOM [스튜디오 춤]: [BE ORIGINAL] TXT (투모로우바이투게더) 'Sugar Rush Ride' (4K) | P9tKTxbgdkk 39 HYBE LABELS: TXT (투모로우바이투게더) 'Sugar Rush Ride' Official MV | gkZaUifff1k 39 KBS Kpop: [뮤뱅 원테이크 4K] 투모로우바이투게더(TXT) 'Sugar Rush Ride' 4K Bonus Ver. @뮤직뱅크(Music Bank) 230127
Tone-Lōc	Funky Cold Medina	8q9CbjqNX8o	high	search	94	249	Tone Lōc	Tone Lōc - Funky Cold Medina (Official Audio)	rzw5TWtEE-E 40 Heroes Of The 80s: Tone Loc - Funky Cold Medina (1989) (Official Video) | 63ZIf2H9S0E 34 Ryder276: Tone loc - funky cold medina | -xSKdajqsoM 31 Night Street : Tone-Loc - Funky Cold Medina (Lyrics)
Tones And I	Fly Away	R0vu5QfsD5E	high	search	95	185	Tones And I	TONES AND I - FLY AWAY (OFFICIAL VIDEO)	ucX7d9UieFg 84 Tones And I: TONES AND I - FLY AWAY (OFFICIAL LYRIC VIDEO) | w1wntiK8KUE 45 7clouds: TONES AND I - FLY AWAY (Lyrics) | 28iCgWuh5Oo 41 Sunset Sounds: Tones and I - Fly Away | Lyrics
Toni Basil	Mickey	F8j1KVppRtc	high	search	85	253	Toni Basil - Topic	Hey Mickey	"0aqLwHP4y6Q 61 ToniBasilsHouse: Toni Basil ""Hey Mickey""  Music Video | gTZz3dqxB84 50 Enhanced Music Videos: Toni Basil - Mickey (Official Music Video), Full HD (Digitally Remastered and Upsc | 3E-Zrg9CB_Q 42 John Goodsall: TONI BASIL - Mickey"
Toni Braxton	Breathe Again	pRFEz2MjZgg	high	search	95	269	Toni Braxton	Toni Braxton - Breathe Again (Official Video)	AxlW41Nt7NU 76 Toni Braxton: Breathe Again | ZAJYgEzgwLs 63 The Queen Toni Braxton: Toni Braxton - Breathe Again (Audio) | qGNPPvNn-zY 40 Jaleesa J: Toni Braxton - Breathe Again (Lyrics)
Tori Kelly	Gift That Keeps On Giving	tpY3Z0-iNas	high	search	87	193	Tori Kelly	Tori Kelly - Gift That Keeps On Giving (Visualizer)	WTr-h6WZowY 41 Before Lyrics: Tori Kelly - Gift That Keeps on Giving (Lyrics) | 9AeDNg0Unt4 38 song Collection: Tori Kelly - Gift That Keeps On Giving Lyrics | cxbrkhP9s7Y 38 Beat Cafe: Tori Kelly - Gift That Keeps On Giving (Lyrics)
Tori Kelly	This Christmas	V24QC9Ny4Cw	high	search	87	211	Tori Kelly	Tori Kelly - This Christmas (Visualizer)	ObgskMnBCjY 24 Tori Kelly: This Christmas - Acappella/Beatbox (Tori Kelly & AngieGirl Cover) | a1lBHr0quro 18 Tori Kelly: Tori Kelly - Joy To The World / Joyful, Joyful (Visualizer) | KdopcmHfQdo 8 its the vocals: Tori Kelly - This Christmas live from Capitol Studios
Totally Enormous Extinct Dinosaurs	A Dream I Have	6oTApgJcwH8	high	manual	41	275	TEED	TEED - A Dream I Have	6oTApgJcwH8 39 TEED: TEED - A Dream I Have | Dt8pDV253lA 38 Autumn Sounds : Totally Enormous Extinct Dinosaurs - A Dream I Have (Lyric video) | UZC41IFZyhU -25 Greco-Roman: Totally Enormous Extinct Dinosaurs - Garden
Tove Lo	HEAT (with SG Lewis)	TX5t3xVwvFk	high	search	95	218	Tove Lo	Tove Lo & SG Lewis - HEAT (Official Music Video)	NwEj_b74r9k 85 Tove Lo: Tove Lo & SG Lewis - CLUB HEAT EDIT | Y2T7yCUOgAM 43 Iyan Music: Tove Lo, SG Lewis - HEAT (Lyrics) | RXaSYs_PDrs 41 Serendipity: Tove Lo & SG Lewis - Heat (Lyrics)
Tove Lo	I like u	_Pn5OyGgLiE	high	search	95	200	Tove Lo	Tove Lo - I like u (Official Music Video)	Bysu5e0CT5U 86 Tove Lo: Tove Lo - I like u (Scene 14) | mYK8XYDfdzI 77 Tove Lo: I like u (Extended) | hFORYbLI8ug 39 City Vibe: Tove Lo - I like u (Lyrics) | What do I do? There's nobody like you
Train	50 Ways To Say Goodbye	GSBFehvLJDc	high	search	95	288	Train	Train - 50 Ways to Say Goodbye (Official Video)	"Hzwtfnms-kE 53 Train: Train - 50 Ways To Say Goodbye (Live on Letterman) | 40Gt4lHp9PM 46 7clouds Rock: Train - 50 Ways to Say Goodbye (Lyrics) | GU2EUH3S2Zc 44 3starz: Train - 50 Ways To Say Goodbye (Lyrics) ""Help me, help me I'm no good at goodbyes"" [tiktok] | 3st"
Train	AM Gold	AeE-qehNrYU	high	search	87	177	Train	Train - AM Gold (Official Lyric Video)	ykh__AAgD4Q 86 Train: Train - AM Gold (Super 8 Edit) | nyUxdqRBv7Y 84 Train: Train - AM Gold (from The Dressing Room Sessions) | nfLsjBBKZYQ 43 Train: Train - AM Gold (Acoustic)
Train	Christmas Island	DKiJMh6O5LI	high	search	95	236	Train	Train - Christmas Island (Official Audio)	qSqOZ8yhLmU 40 SHA DE: 04 - Christmas Island - Train - Christmas in Tahoe | ElEmfpGL5hc 39 Tx4 Entertainment: 'Christmas Island' [Train] - Christmascore | NiwVgSEoAv4 33 Christmas Island District High School: South Point - Historical Location on Christmas Island
tripleS	Christmas Alone	28mVLa2S9yw	high	search	87	178	tripleS official	tripleS(트리플에스) ‘Christmas Alone’ Special Clip	hDi0cudoT_s 46 MBCkpop: tripleS msnz (트리플에스 미소녀즈) - Christmas Alone | Show! MusicCore | MBC251129방송 | 5Vz9cK3PuQk 45 Chaereve: tripleS Christmas Alone Lyrics (Color Coded Lyrics) | jgvmCJRm6DE 44 ALL THE K-POP: [COMEBACK] tripleS 미소녀즈 - Christmas Alone l Show Champion l EP.580 l 251203
Trisha Yearwood	Find a Way	9gO91S4IEd8	high	search	86	56	Trisha Yearwood	"Trisha Yearwood - ""Find A Way"" (CutxCut Series)"	H7NSASqmJyg 79 Trisha Yearwood: Find a Way | 7v3OuSFShKo 39 Ventjes (El Viento): Trisha Yearwood   Find A Way Extended | mUFObCZtGWQ 26 Trisha Yearwood: Trisha Yearwood - She's In Love With The Boy (Official Music Video)
Trisha Yearwood	She's In Love With The Boy	mUFObCZtGWQ	high	search	95	242	Trisha Yearwood	Trisha Yearwood - She's In Love With The Boy (Official Music Video)	B5BpEkTbDCg 76 Trisha Yearwood: She's In Love With The Boy | QSPogYPPUd0 41 CarChicky14: She's In Love With The Boy - Trisha Yearwood - Lyrics | Pfci_vpHVOM 40 Audioandlyrics: Trisha Yearwood - She's In Love With The Boy (Lyrics)
Trousdale	Sometimes (with Ben Abraham)	bJDmBuTLrzA	high	search	87	176	Trousdale Music	Trousdale - Sometimes (with Ben Abraham)	O0UVT1Hakn8 78 Trousdale Music: Sometimes (with Ben Abraham) | SSqjwNXrlIQ 26 Trousdale Music: Trousdale - Wouldn't Come Back (Official Video) | lrU0bI4u7oI 10 Suggestive Themes: @trousdalemusic Live - Sometimes (Barboza, Seattle, March 11, 2023)
Tucker Wetmore	Already Had It	LCc0f2zDPRA	high	search	87	176	Tucker Wetmore	Tucker Wetmore - Already Had It (From Twisters: The Album)	1ljYNHs-9F8 86 Tucker Wetmore: Tucker Wetmore - Already Had It (From Twisters: The Album) [Official Lyric Video] | VE2Jv6JErbo 77 Tucker Wetmore: Already Had It | peFIKbYxlaI 38 Whiskey & Wallows: Tucker Wetmore - Already Had It (Lyrics)
Turnstile	I CARE	PnYzk4nsJAo	high	search	87	234	Turnstile	TURNSTILE - I CARE (Audio)	XaMlVX668tI 85 Turnstile: TURNSTILE - I CARE: FAYE WEBSTER VERSION | HRG3TjrFN4Y 39 Mood Vibes: TURNSTILE - I CARE (Lyric Video) | lgqVqzx7LCs 16 BBC Radio 1: Turnstile - I CARE | Live Lounge Late
Turnstile	SEEIN%5)%/0		none	search	26	0			"s_qhk_sqr5w -23 TWI_STA: TURNSTILE - BIRDS | CQ5kUfP3CQs -40 Dwayne: Turnstile - ""SEEIN' STARS"" Guitar Tone + Settings [FREE Patch] | lvNsFNRfPuA -87 Outbreak Fest: Turnstile | Outbreak Fest 2022"
Turnstile	SEEIN’ STARS	a95G2GzB3t0	high	search	95	342	Turnstile	TURNSTILE - SEEIN’ STARS / BIRDS [OFFICIAL VIDEO]	_gT_7kYdwhA 85 Turnstile: TURNSTILE - SEEIN' STARS: ELTON JOHN VERSION | 38xjLc_Crzk 41 IMMORTAL: SEEIN' STARS. TURNSTILE. (LYRICS) | Ur2bqCmzPCE 39 creu ràdio: turnstile _ seein' stars
TV Rock vs Tom Novy vs SNAP!	The Power	MA7FwPmMnzw	low	search	46	221	tvrockofficial	'THE POWER' TV ROCK Vs Tom Novy Vs SNAP! [HQ]	bKwHKLjDgB0 42 GCB Music: TV Rock vs. Tom Novy vs. Snap! - The Power | F9SmS78quAw 32 DJ Scooter Smooth: Tom Novy vs TV Rock & Snap - The Power (Radio Edit) | 0fgwhHGkcQc 27 Tom Novy: The Power (Club Mix)
Twenty One Pilots	Drum Show	5dA094oAy-g	high	search	95	216	twenty one pilots	Twenty One Pilots - Drum Show (Official Video)	LKtE4WBjCHI 46 Creative Chaos: Twenty One Pilots - Drum Show (Lyrics) | gXhgQEDuv8g 40 Totally Rihan: twenty one pilots - Drum Show (Audio) | MDuOYep6U7k 10 BV Concerts: Twenty One Pilots - Drum Show (Live in Hartford, 9-30-25) (FULL SHOW PART 18) (4K HDR, HQ AU
Twenty One Pilots	Heavydirtysoul	r_9Kf0D5BTs	low	search	72	252	Fueled By Ramen and twenty one pilots	twenty one pilots: Heavydirtysoul [OFFICIAL VIDEO]	POi74mR8S2k 60 Twenty One Pilots Audios: Twenty One Pilots - Heavydirtysoul (Audio) | szE3DTbtqw8 55 twenty one pilots: twenty one pilots - Heavydirtysoul (Live at Fox Theater) | 2SEPKMW1gEs 53 twenty one pilots: Twenty One Pilots - Nico/Heavydirtysoul (Live in Mexico City)
Twenty One Pilots	Level of Concern	loOWKm8GW6A	high	search	95	233	twenty one pilots	twenty one pilots - Level of Concern (Official Video)	8c06z2f2a3g 83 twenty one pilots: twenty one pilots - Level of Concern (lyric video) | Of5_G2gNYNA 54 twenty one pilots: twenty one pilots - Level of Concern (live from outside) | ExuC36K-Hs8 46 Creative Chaos: twenty one pilots - Level of Concern (Lyrics)
Twenty One Pilots	Midwest Indigo	mREOvIgImmo	high	search	95	201	twenty one pilots	Twenty One Pilots - Midwest Indigo (Official Video)	56Hzoxuv1Ic 55 twenty one pilots: Twenty One Pilots - Midwest Indigo (Live in Mexico City) | vL113-BZRBQ 41 Strain Music: twenty one pilots - Midwest Indigo (Lyrics) | wSVqBpG0JjY 38 AlexBeQuiet: Twenty One Pilots - Midwest Indigo (An Evening with TØP Studio Version)
Twenty One Pilots	Navigating	07YtBj3BEBQ	high	search	95	254	twenty one pilots	Twenty One Pilots - Navigating (Official Video)	vSxWZnccFDI 55 twenty one pilots: Twenty One Pilots - Navigating (Live in Mexico City) | m12H0uElNSA 43 ANDREW BUTRON: Twenty One Pilots - Navigating (Sub español + Lyrics) // Video Oficial | lCozhV2HAJo 41 Clancy: twenty one pilots - Navigating (Lyrics)
Twenty One Pilots	Routines In The Night	AupwoN8QvbU	high	search	95	198	twenty one pilots	Twenty One Pilots - Routines In The Night (Official Video)	F5UDQQUUDao 84 twenty one pilots: Twenty One Pilots - Routines In The Night (Concert Film) | 8uuj7hQZXt4 53 twenty one pilots: Twenty One Pilots - Routines In The Night (Live in Mexico City) | nNIsM5QQDbQ 45 The Tonight Show Starring Jimmy Fallon: Twenty One Pilots: Routines in the Night | The Tonight Show Starr
Twenty One Pilots	Tear In My Heart	nky4me4NP70	low	search	72	194	Fueled By Ramen and twenty one pilots	twenty one pilots: Tear In My Heart [OFFICIAL VIDEO]	mROvHVF-xu8 54 twenty one pilots: Twenty One Pilots - Tear In My Heart (Live in Mexico City) | ttEDGjgRtDM 41 Sunset Sounds: Twenty One Pilots - Tear In My Heart | Lyrics | uzm-6Fc9j5g 40 JM Loaiza: Twenty One Pilots - Tear In My Heart
Twenty One Pilots	The Contract	QZfH7cFp3Ys	high	search	95	265	twenty one pilots	Twenty One Pilots - The Contract (Official Video)	60YJal8s3A4 46 TrendingTracks: twenty one pilots - The Contract (Lyrics) | M7jWpgdIxzw 40 Hblazen: The Contract - Twenty One Pilots (Audio) | rgvE54kKfr0 38 Colton's Music Hub: The Contract - Twenty One Pilots (Audio)
Twenty One Pilots	The Craving (Single Version)	H3OiQEOcrA8	high	search	95	212	twenty one pilots	Twenty One Pilots - The Craving (single version) (Official Video)	yN6OQncqqI0 93 twenty one pilots: Twenty One Pilots - The Craving (Jenna's version) (Official Video) | KHlGN6ucPs8 41 Strain Music: twenty one pilots - The Craving (single version) (Lyrics) | BGlhxMqUejw 39 Sunset Sounds: twenty one pilots - The Craving (Single Version) | Lyrics
Twisted Sister	We're Not Gonna Take It	4xmckWVPRaI	high	search	95	272	Twisted Sister	Twisted Sister - We're Not Gonna Take It (Official Music Video)	V9AbeALNVkk 94 Twisted Sister: Twisted Sister - We're Not Gonna Take it (Extended Version) (Official Music Video) | PqQdbevaB-Q 77 Twisted Sister: We're Not Gonna Take It | FisY6Lmrzvo 77 Twisted Sister: We're Not Gonna Take It (2024 Remaster)
Two Door Cinema Club	Lucky	rOYcvDlAwF0	high	search	95	229	Two Door Cinema Club	Two Door Cinema Club - Lucky (Official Video)	gqU-att4yIc 94 Two Door Cinema Club: Two Door Cinema Club - Lucky - edit (Official Audio) | hkVR7uibyBA 75 Two Door Cinema Club: Lucky (Edit) | b2-uHUmjsmk 40 Marcelo Canto Classic Rock Pop: Two Door Cinema Club - Lucky -  Hurricane Festival 2023   ARTE Concert
Two Door Cinema Club	Something Good Can Work	Wxu02vp_Vm0	high	search	87	168	Two Door Cinema Club	TWO DOOR CINEMA CLUB | SOMETHING GOOD CAN WORK	Jj6huELPQrI 77 Two Door Cinema Club: Something Good Can Work | f0hjjFoId30 41 Le Pouffon: Something Good Can Work - Two Door Cinema Club (Album Version) | cKdHTksZ_T0 39 A M: Two Door Cinema Club - Something Good Can Work.
Two Door Cinema Club	Sure Enough	GFUUUUxUFxI	high	search	95	172	Two Door Cinema Club	Two Door Cinema Club - Sure Enough (Official Video)	72KHWeU6u50 41 Max Music: Two Door Cinema Club - Sure Enough | FRVZbn0uYb4 39 Patrick Garriepy: Two Door Cinema Club - Sure Enough (Just Like Heaven 2024) | OBno71zocgw 38 DLS - FTS Songs: DLS 2025 Soundtrack - Sure Enough - Two Door Cinema Club
Two Door Cinema Club	What You Know	YXwYJyrKK5A	high	search	87	192	Two Door Cinema Club	TWO DOOR CINEMA CLUB  | WHAT YOU KNOW	dgCm24Lj3i0 43 BBC Music: Two Door Cinema Club - What You Know | Glastonbury 2024 | _Ys8gLkfW6M 41 A M: Two Door Cinema Club - What You Know | KpCcJY-rJSs 40 Lorem Ipsum: Two Door Cinema Club - What You Know
twocolors	Lovefool	hcI0FfW0MXU	high	search	95	194	twocolors	twocolors - Lovefool (Official Music Video)	hG6D7ff0_P8 84 twocolors: twocolors - Lovefool ft. Pia Mia | z9DPfKFADUQ 48 twocolors: twocolors - Lovefool (Nicky Romero Remix / Visualizer) | nbc7S3hWlgk 46 Sensual Musique: twocolors - Lovefool (Lyrics)
Tyler Hubbard	5 Foot 9	RK9rT1ck90E	high	search	95	190	Tyler Hubbard	Tyler Hubbard - 5 Foot 9 (Unofficial Video)	v96AMoChWXA 53 Tyler Hubbard: Tyler Hubbard - 5 Foot 9 (Live From The Today Show) | JYnRNA8xAYU 53 Tyler Hubbard: Tyler Hubbard - 5 Foot 9 (Live Performance) | Vevo | dULMTSBZTNg 44 CMT: Tyler Hubbard Performs “5 Foot 9” | CMT Summer Camp
Tyler Hubbard	Back Then Right Now	uPRxiBLaXnI	high	search	95	207	Tyler Hubbard	Tyler Hubbard - Back Then Right Now (Official Music Video)	NsyEukv21yk 93 Tyler Hubbard: Tyler Hubbard - Back Then Right Now (Unofficial Video) | UPJ82G4Mb4A 53 Tyler Hubbard: Tyler Hubbard - Back Then Right Now (Live from CMT Summer Camp) | HQW5HaQS2zw 53 Tyler Hubbard: Tyler Hubbard | Back Then Right Now (New Year's Eve Live: Nashville's Big Bash Performance
Tyler Hubbard	Dancin%5)%/0	ma3L7xWB_1U	low	search	30	201	Tyler Hubbard	Tyler Hubbard - Dancin’ In The Country (Official Music Video)	RK9rT1ck90E 28 Tyler Hubbard: Tyler Hubbard - 5 Foot 9 (Unofficial Video) | fRw0n87shW4 27 Tyler Hubbard: Tyler Hubbard - Park (Official Music Video) | eJ9NPWxtCZE 10 Tyler Hubbard: 902180
Tyler Hubbard	Dancin’ In The Country	ma3L7xWB_1U	high	search	95	201	Tyler Hubbard	Tyler Hubbard - Dancin’ In The Country (Official Music Video)	bde372WN2lg 93 Tyler Hubbard: Tyler Hubbard - Dancin’ In The Country (Official Audio) | Gp-xO-L9jho 86 Tyler Hubbard: Tyler Hubbard - Dancin’ In The Country | CK15dFiMSZQ 39 Sunset Vibes: Dancin' In The Country - Tyler Hubbard (Lyrics)
U2	Atomic City	TNMsGVwUXc0	high	search	87	259	U2	U2 - Atomic City	M4VYi-kH6c8 54 U2: U2 - Atomic City (2024 GRAMMYs Performance / Live) | GKoC5SzfbmE 49 Infinity Musiverse: U2 - Atomic City (Official Audio) | pTI40maRYjI 46 RadioFantasticaVEVO: U2 - Atomic City (Official Music Video)
U2	Beautiful Day	co6WMzDOh1o	high	search	95	244	U2	U2 - Beautiful Day (Official Music Video)	vCqlrhnl68g 80 U2: Beautiful Day (Remastered 2024) | 6N2HpLWYBOA 55 U2: U2 - Beautiful Day (Live From Slane Castle, Ireland / 2001 / Remastered 2021) | hJ_burYdegk 45 See These Thoughts: U2 - Beautiful Day (Lyric Video)
U2	Country Mile	KVW-xthPZSE	high	search	87	299	U2	U2 - Country Mile [Official Lyric Video]	s0dDifhWdPg 77 U2: Country Mile (Radio Edit) | dewWtkrm8cI 46 unoentre1000: Country Mile - U2 | oy1jHYivWlY 39 Infinity Musiverse: U2 - Country Mile
U2	Everlasting Love	xpbGEdMuF10	high	search	79	200	U2	Everlasting Love	POinBTy1yJw 43 unoentre1000: Everlasting Love - U2 | 481XQAOA_6s 41 JohnyVegas: U2 - Everlasting Love | aoUGFQX14f0 40 Kittichan: U2 - Everlasting Love
U2	Hold Me, Thrill Me, Kiss Me, Kill Me (From 'Batman Forever')	A9eQ0DaHCec	high	search	78	285	U2	Hold Me, Thrill Me, Kiss Me, Kill Me (From 'Batman Forever')	vWDQKVXAL-I 75 U2: Hold Me, Thrill Me, Kiss Me, Kill Me (From 'Batman Forever') | PxngIpxYLdM 45 U2: Hold Me, Thrill Me, Kiss Me, Kill Me (Live From The Foro Sol Autodromo, Mexico City, Me... | eIdTNyJp38A 42 Contra Best: U2 - Hold Me, Thrill Me, Kiss Me, Kill Me - Batman Forever (Original Video)
U2	Lemon	KEcx9F_FW2U	high	search	95	277	U2	U2 - Lemon (Official Music Video)	ndUKf_l7-v4 77 U2: Lemon (Edit / Remastered 2023) | dThObfrRKyE 63 U2: Lemon (The Perfecto Mix / Remastered 2021) | iyed5qd7FmQ 40 PopMartLemon: Lemon - U2
U2	Mysterious Ways	TxcDTUMLQJI	high	search	95	243	U2	U2 - Mysterious Ways (Official Music Video)	6t96B5bD_8g 78 U2: Mysterious Ways | 5mP9-FAyjOE 77 U2: Mysterious Ways | AWdn8Pz020Q 77 U2: Mysterious Ways (Remastered 2018)
U2	Picture Of You (X+W)	_fIXQXTE-v8	high	search	87	259	U2	U2 - Picture Of You (X+W) [Official Lyric Video]	xCeq78KKDIU 77 U2: Picture Of You (X+W) (Radio Edit) | 3CobvuQfDf0 41 Infinity Musiverse: U2 - Picture Of You (X + W) | OQxO5QvQBiU 39 Alkasis: U2 - Picture Of You X+W (Sub Eng/Esp)
UB40	Here I Am	-AeRMrZCPGk	high	search	95	243	UB40	UB40 - Here I Am (Come And Take Me) (Official Music Video)	fE_1k2Gw8pw 80 UB40: Here I Am (Come And Take Me) (Remastered 2009) | PvDA-Q9wsFw 75 UB40: Here I Am (Come And Take Me) | tVP-ZOfgoa0 45 VibersVibin: UB40 - Here I Am (Lyrics)
UB40	I Got You Babe (feat. Chrissie Hynde)	2aP4GaAruws	high	search	95	228	UB40	UB40 Featuring Chrissie Hynde - I Got You Babe (Official Music Video)	bS33wtUDh10 77 UB40: I Got You Babe | 1fBfMfuj3p0 75 UB40: I Got You Babe (feat. Chrissie Hynde) | FOuHokzS-4c 43 PS César: I Got You Babe - UB40 & Chryssie Hynde (1985) HD
UB40	The Way You Do The Things You Do	xviBqhV-Ga0	high	search	95	180	UB40.	UB40  -  The Way You do The Things You Do (Official Music Video)	J2RZPMo5jAs 91 UB40: UB40 - The Way You Do The Things You Do (Official Music Video) | ZZO6JB322sU 78 UB40: The Way You Do The Things You Do | J6T5B4hu0ac 76 UB40: The Way You Do The Things You Do
Usher	DJ Got Us Fallin' In Love  (feat. Pitbull) (Clean Version)	C-dvTjK_07c	high	search	95	247	Usher	Usher - DJ Got Us Fallin' In Love (Official Video) ft. Pitbull	7YoLujv09cw 85 Usher: Usher - DJ Got Us Fallin' In Love (Audio) ft. Pitbull | VeVgzWOpsh4 54 Usher: Usher - DJ Got Us Fallin' In Love (Live from iTunes Festival, London, 2012) ft. Pitbull | xG4sH7jKvXE 46 7clouds: Usher - DJ Got Us Fallin' In Love (Lyrics) ft. Pitbull
Usher	OMG (feat. will.i.am)	1RnPB76mjxI	high	search	87	282	Usher	Usher - OMG ft. will.i.am	kD4H8aj2yR8 46 Unique Sound: Usher - OMG (Lyrics) ft. will.i.am | wbfO5jaUiQo 45 7clouds Rap: Usher - OMG (Lyrics) ft. will.i.am | l5pnh95PFDo 39 Guad4W: Usher - OMG - ft. will.i.am - 432 hertz
Valley	When You Know Someone	GPk6l-sqXhg	low	search	64	221	This Is Valley	Valley - When You Know Someone (Lyric Video)	"NSITt50PV9Y 38 102.3 NOW! Radio: Valley Performs ""When You Know Someone"" In the NOW! Studio | FXNGWLkDTuY 38 TheSummitFM: Valley | ""When You Know Someone"" | Summit FM Studio C Sessions | Q5ObS6vryMw 33 This Is Valley: Valley - When You Know Someone (live)"
Vampire Weekend	A-Punk	_XC2mqcMMGQ	low	search	47	141	XL Recordings	Vampire Weekend - A-Punk	K2x1C7jxqKs 45 BBC Music: Vampire Weekend - A Punk | Glastonbury 2019 | Xo9x2mA53ms 43 XL Recordings: Vampire Weekend - 'A-Punk' | yFSe9P5_Irk 41 Autumn3n: Vampire Weekend- A Punk
Vampire Weekend	Diane Young	oG6lTQNW04I	high	search	87	164	Vampire Weekend	Vampire Weekend - Diane Young	mX46e4GtlXM 86 Vampire Weekend: Vampire Weekend - Diane Young (Official Stream) | Kch60vnLVjw 54 Vampire Weekend: Vampire Weekend - Diane Young (Live on SNL) | 769tkqSu0LU 40 Lina Mohamed: DIANE YOUNG - VAMPIRE WEEKEND (AUDIO)
Vampire Weekend	Gen-X Cops	kW9Qk00693c	high	search	95	230	Vampire Weekend	Vampire Weekend - Gen-X Cops (Official Video)	iMQarHGqVn4 46 David Dean Burkhart: Vampire Weekend - Gen-X Cops | O6Ej8XamlpA 39 Killercars4: Vampire Weekend performing Gen-X Cops at the Grammy Museum in LA - October 21, 2024 | Daoa6Xh_lpE 38 Camilo 8: Gen X Cops - Vampire Weekend
Vampire Weekend	This Life	FwkrrU2WYKg	high	search	95	324	Vampire Weekend	Vampire Weekend - This Life (Official Video)	KIGNNOZ0948 94 Vampire Weekend: Vampire Weekend - This Life (Official Audio) | zl4aVF0x6Jg 44 BBC Music: Vampire Weekend - This Life | Glastonbury 2019 | jMINaZt5v84 40 BeatLyricsHD: Vampire Weekend - This Life [ Lyrics ]
Van Halen	Ain't Talkin' 'Bout Love	qtwBFz6lfrY	high	search	81	228	Van Halen	Ain't Talkin' 'Bout Love (2015 Remaster)	pUwNzQ6fqXY 75 Van Halen: Ain't Talkin' 'Bout Love | SuyvT8nFMLY 61 VanHalen765: Van Halen - Van Halen - Ain't Talkin' 'Bout Love | Y-IUB62zDlA 41 TheCrazyAssault: Van Halen - Aint Talkin' Bout Love
Van Halen	Jamie's Cryin'	OOjm4I7LRgY	high	search	95	211	Van Halen	Van Halen - Jamie's Cryin' (Official Music Video)	ikHwc75L8tM 80 Van Halen: Jamie's Cryin' (2015 Remaster) | gwiZxdTzz7o 60 VanHalen765: Van Halen - Van Halen - Jamie's Cryin' | 2MVplfdNC6E 40 MrRockMusicNOW: Van Halen:Jamie's Crying
Van Halen	You Really Got Me	9X6e7uctAww	high	search	95	206	Van Halen	Van Halen - You Really Got Me (Official Music Video)	GklzVAF62Hw 80 Van Halen: You Really Got Me (2015 Remaster) | RJLMmPcx8cA 49 Enhanced Music Videos: Van Halen - You Really Got Me (Official Video), Full HD (Digitally Remastered and  | OCwigPhpiXs 40 iOnlyUseBigGuns: Van Halen - Eruption/You Really Got Me
Van Morrison	Brown Eyed Girl	UfmkgQRmmeE	high	search	95	185	Van Morrison	Van Morrison - Brown Eyed Girl (Official Audio)	uaz1AB006-g 53 Van Morrison: Van Morrison - Brown Eyed Girl (from..It's Too Late to Stop Now...Film) (Live) | Z8Ozo0TUS7E 52 Van Morrison: Brown Eyed Girl (Original Stereo Mix) | TWoFl_0UtjQ 41 Raúl Vera Santos: Van Morrison  -  Brown Eyed Girl (1967)
Vandelux	Ain't No Mountain High Enough (Club Edit)	NTej-14adRQ	high	search	87	193	Vandelux	Vandelux, Marvin Gaye and Tammi Terrell - Ain't No Mountain High Enough - Club Edit	b5AcOvHrS1Y 86 Vandelux: Vandelux, Marvin Gaye and Tammi Terrell - Ain't No Mountain High Enough | cT-qrwtmdfs 40 Music 4 Everyone - Jov1 Cámara: Marvin Gaye, Tammi Terrell & Vandelux - Ain't No Mountain High Enough (Cl | cVgBLRCm5Co 31 Be a sunshine: Ain't No Mountain High Enough - Marvin Gaye & Tammi Terrell (Lyrics) / SUBTITLES
Vanessa Williams	The Right Stuff	m3Urr8J3RYQ	high	search	87	305	Vanessa Williams	Vanessa Williams - The Right Stuff	vXxTJfKk3wA 78 Vanessa Williams: The Right Stuff (Single Version) | kBvus9jsztM 40 Fred Rossi: Vanessa Williams - The Right Stuff | FB_7lT8EDBg 39 Oh my gosh itz Mico: Vanessa Williams - The Right Stuff
Vanilla Ice	Ice Ice Baby	rog8ou-ZepE	high	search	95	238	Vanilla Ice	Vanilla Ice - Ice Ice Baby (Official Music Video)	kPU9zuStFII 93 Vanilla Ice: Vanilla Ice - Ice Ice Baby (Official Music Video) | fdtKBe7sM48 84 Vanilla Ice: Jim Carrey as Vanilla Ice | Ice Ice Baby | In Living Color | LoYfh2UBuDw 83 Vanilla Ice: Vanilla Ice - Ice Ice Baby - To The Extreme
Vansire	Metamodernity	PiLc3m59qIw	high	manual	62	163	Vansire the Band	Metamodernity	PiLc3m59qIw 56 Vansire the Band: Metamodernity | XrMmKZuAl4s 39 The Tiny Majority: Vansire - Metamodernity (Lyrics) | E0GA24ki1lY 16 Audiotree: Vansire - Metamodernity | Audiotree Live
Vengaboys	We Like to Party	6Zbi0XmGtMw	high	search	87	225	Vengaboys	Vengaboys - We like to Party! (The Vengabus)	VaGOFlw-E4M 84 Vengaboys: Vengaboys - We like to Party! (The Vengabus) - Lyric video | N4Db0oYKXvw 78 Vengaboys: We like to Party! (The Vengabus) Six Flags (Six Flags) | YLXj-kBCVU4 75 Vengaboys: We like to Party! (The Vengabus) (More Airplay)
Veruca Salt	Seether	jC9AUR-iTo0	high	search	95	217	Veruca Salt	Veruca Salt - Seether (Official Music Video)	4YrK1Rq7AKk 85 Veruca Salt: Veruca Salt - Seether | hPsQcB52V18 41 malmal2006: Veruca Salt - Seether (Glastonbury '95) | aRkb6DQhGs8 39 Kep Mersens: Veruca Salt – Seether
Victoria Nadine	Can%5)%/0		none	search	-23	0			9lOhmybFlWM -24 Outono Traduções: Victoria Nadine - Happy I'm Sad (Tradução) | 5okOQM50BaA -25 Edvin Ryding Daily Info: Omar & Victoria Nadine - Nakna | VG-Lista Bergen (13/07) | 96R1ZuND-TE -27 Omar Rudberg Daily Info: Entrevista Omar Rudberg e Victoria Nadine | VG-Lista (17/06) [Legendado PT-BR] 
Victoria Nadine	Can’t Get Enough (feat. Kygo)	v7tyts3FwiY	low	search	55	167	ItsMeVictoria	Victoria Nadine, Kygo - Can’t Get Enough (Official Video)	yi5uBhVcl20 46 Kygo: Victoria Nadine, Kygo - Can't Get Enough (Lyric Video) | wY01Eid2Pac 45 WaveMusic: Victoria Nadine & Kygo - Can't Get Enough (Lyrics) | Hh1x3cA8gq0 44 ItsMeVictoria: Victoria Nadine, Kygo - Can’t Get Enough (Orchestral Version) (Official Lyric Video)
Vince Guaraldi Trio	Linus & Lucy	x6zypc_LhnM	low	search	64	185	Vince Guaraldi	Vince Guaraldi Trio - Linus And Lucy	LoguJBcBv_Y 56 Vince Guaraldi: Linus And Lucy (Remastered 2025) | dURiJSJkWFM 52 Vince Guaraldi: Linus And Lucy | m3ZG8MJ64ic 38 007nickkennard: Vince Guaraldi Trio - Linus And Lucy
Vince Guaraldi Trio	Linus And Lucy	x6zypc_LhnM	low	search	64	185	Vince Guaraldi	Vince Guaraldi Trio - Linus And Lucy	LoguJBcBv_Y 55 Vince Guaraldi: Linus And Lucy (Remastered 2025) | dURiJSJkWFM 54 Vince Guaraldi: Linus And Lucy | m3ZG8MJ64ic 38 007nickkennard: Vince Guaraldi Trio - Linus And Lucy
Vincent Mason	Wish You Well	AyUGqKpJviA	high	search	95	157	Vincent Mason	Vincent Mason - Wish You Well (Official Audio)	NOgm_5T8A6Y 56 Vincent Mason: Vincent Mason - Wish You Well | Live From Vevo Studios | Ti_gdvVzdwA 54 Vincent Mason: Vincent Mason - Wish You Well (Live from the TODAY Show) | hAe1Y2UYQOQ 45 Chill Only: Vincent Mason - Wish You Well (Lyrics)
Violent Femmes	Blister In The Sun	G89chAA4l8s	high	search	87	147	Violent Femmes	Violent Femmes - Blister In The Sun (Lyric Video)	PtweJoRAEos 77 Violent Femmes: Blister In The Sun | JE-dqW4uBEE 41 CraftyOcelot: Violent Femmes - Blister in the Sun | hYZkoI1ggEw 38 armytype77: Violent Femmes - Blister in the sun
Vitamin C	Smile	JxrEDnHsiQI	high	search	88	238	Vitamin C - Topic	Smile	XIq-MBZZ2bo 85 Vitamin C - Topic: Smile | pjmFCQxoihE 85 Vitamin C - Topic: Smile (Radio Edit) | WOZMA7XroVA 48 Y2K POP HQ: Vitamin C - Smile (Official Video)
Wakyin	Beso (Fruta Fresca) (feat. Carlos Vives)	6oiSx1orq1o	high	search	87	198	Wakyin	Wakyin - Beso (Fruta Fresca) [feat. Carlos Vives]	dK5Pko8dvTU 38 Astralwerks Records: Wakyin - Beso (Fruta Fresca) | T815IZZAHc0 36 Luchi Dj: ESE BESO (Fruta Fresca) — Latin Afro House | X4pZ3KddKAQ 16 Sunny Flavor: Carlos Vives, Wakyin - Beso (Fruta Fresca) (Extended Mix)
Walk The Moon	Anna Sun	qDVW81bXo0s	high	search	95	325	WALK THE MOON	WALK THE MOON - Anna Sun (Official Video)	-1rd62MYMVg 83 WALK THE MOON: Walk The Moon - Anna Sun (VEVO LIFT) | VJ3TRQQjy-k 45 7clouds Rock: WALK THE MOON - Anna Sun (Lyrics) | uXBFfoBn3sM 41 Only Real Indie TV: Walk The Moon - Anna Sun
Walk The Moon	Giants	DTnA5ba69AQ	high	search	95	215	WALK THE MOON	WALK THE MOON - Giants (Official Video)	H37_BbiDyLU 86 WALK THE MOON: WALK THE MOON - Giants (Audio) | cC5nf4VReKc 40 Imperial Music: Walk The Moon - GIANTS [Lyrics] | 1JK_LlHK9UY 39 Black Screen Music: Giants - WALK THE MOON
Walk The Moon	Shut Up and Dance	6JCLY0Rlx6Q	high	search	95	247	WALK THE MOON	WALK THE MOON - Shut Up and Dance (Official Video)	nbcCG7PkI18 85 WALK THE MOON: WALK THE MOON - Shut Up and Dance (Audio) | 9V_SRcU7_8Y 53 WALK THE MOON: Walk The Moon - Shut Up and Dance (Live on the Honda Stage) | xMsMf31PcrE 53 WALK THE MOON: Walk The Moon - Shut Up and Dance (Live at New Year's Rockin Eve)
Walker Hayes	Fancy Like (Squeaky Clean)	zX3IyFUM5xc	high	search	94	166	Walker Hayes	Walker Hayes - Fancy Like (feat. Kesha) (Official Video)	SVFA5iBqMes 91 Walker Hayes: Walker Hayes - Fancy Like (Official Audio) | G_zuB-ogIBw 87 Walker Hayes: Walker Hayes - Fancy Like | E08puACaHfY 84 Walker Hayes: Walker Hayes - Fancy Like (Fan Video)
Wallows	Calling After Me	xtU6xI8wUTs	high	search	95	189	Wallows	Wallows – Calling After Me (Official Video)	cn0Gk4kfjjQ 94 Wallows: Wallows - Calling After Me (Official Audio) | vMpouwbO4HQ 83 Wallows: Wallows - Calling After Me (Official Lyric Video) | hn1PRewXagc 76 Wallows: Calling After Me
Wang Chung	Everybody Have Fun Tonight	BoXu6QmxpJE	low	search	64	256	WangChungTheBand	Wang Chung - Everybody Have Fun Tonight	uZttcArNs0g 63 WangChungTheBand: Wang Chung - Everybody Have Fun Tonight | S14z50LqvLE 43 TopPop: Wang Chung - Everybody Have Fun Tonight • TopPop | YyGjMqVhFUQ 40 Laura Aurelia: Wang Chung - Everybody Have Fun Tonight (HQ)
War	Low Rider	BsrqKE1iqqo	high	search	97	220	War	WAR - Low Rider (Official Video) [Remastered in 4K]	YQzVnFwcR74 76 War: Low Rider | ILN7hG4kUFg 41 Rodrigo Lima: War - Low Rider | F_iJ28iXwo0 38 Alexei Santana: War - Low Rider 1975 (HQ audio)
War	The Cisco Kid	8TkpolQKie8	high	search	87	229	War	War - The Cisco Kid (Official Lyric Video)	_86iwnPKzBY 78 War: The Cisco Kid | jDeb9U0oY1E 75 War: The Cisco Kid | _FV5tke402k 53 War: WAR - The Cisco Kid (Live At The Grove, 2007)
Washed Out	The Hardest Part	-Nb-M1GAOX8	high	search	95	243	Washed Out	Washed Out - The Hardest Part (Official Video)	U3F2hCECBRo 40 Nat: Washed Out - The Hardest Part | OyWn6ORq0sg 38 FJW Raves: Washed Out - The Hardest Part @ Ogden Theater, Denver 11/4/2024 | 8Stb-QK4mck 11 RawCannedRoll: Washed Out - The Hardest Part LIVE from SF 2024
Webstar	Chicken Noodle Soup	sFav9P54JUA	high	search	92	204	WebstarVEVO	Webstar, Young B - Chicken Noodle Soup ft. AG aka The Voice of Harlem	JdRPYhXFJ3s 85 Webstar - Topic: Chicken Noodle Soup (Radio Edit) | RJWJD_pEw5o 41 PaulSkalisky20: DJ Webstar - Chicken Noodle Soup | zz3vWsaxZMI 40 Dexter Dee: DJ Webstar and Young B - Chicken Noodle Soup TBOHipHop.net.mp4
Weezer	(If You're Wondering If I Want You To) I Want You To	cDIzMGh94vo	high	search	95	212	weezer	Weezer - (If You're Wondering If I Want You To) I Want You To (Official Music Video)	49gGuvVacrw 86 weezer: Weezer, Sara Bareilles - (If You're Wondering If I Want You To) I Want You To | 1NvQeq2kv88 83 weezer: Weezer - (If You're Wondering If I Want You To) I Want You (GO Show Extra) | jRvduHR2oqg 40 cosunaj: Weezer - (If You're Wondering if I want you to) I want you to | New Album 'Raditude' |
Weird Al Yankovic	Eat It	ZcJjMnHoIBI	low	search	66	210	alyankovic	"""Weird Al"" Yankovic - Eat It (Official 4K Video)"	"bqZVihpOACE 46 Bad Boy Edd: ""Weird Al"" Yankovic - Eat It Official Music Video | E8Nv5hWd-Js 40 Josho456123: Eat It - Weird Al Yankovic (with lyrics) | WNGlijehh9s 39 Music: ""Weird Al"" Yankovic - Eat It"
Whitney Houston	How Will I Know	m3-hY-hlhBg	high	search	89	273	Whitney Houston	Whitney Houston - How Will I Know (Official HD Video)	lNwN0iHbos4 86 Whitney Houston: Whitney Houston - How Will I Know (Official Lyric Video) | H7Goaev7HaE 55 Whitney Houston: Whitney Houston - How Will I Know (Live on BRIT Awards 1987 Official HD Video) | TO-Tk84ATjw 45 Accelerate: Whitney Houston - How Will I Know (Lyrics)
Whitney Houston	How Will I Know (Clean Bandit Mix)	4VW-3jQi1IQ	high	search	95	226	Whitney Houston	Whitney Houston, Clean Bandit - How Will I Know (Official Video)	m3-hY-hlhBg 85 Whitney Houston: Whitney Houston - How Will I Know (Official HD Video) | yfbVT0siiIQ 58 Whitney Houston: Whitney Houston - How Will I Know (Dance Remix - Official Audio) | 4pw-CnkQy0w 46 Clean Bandit: Whitney Houston x Clean Bandit – “How Will I Know” (Lyric Video)
Whitney Houston	I Wanna Dance With Somebody	eH3giaIzONA	high	search	89	315	Whitney Houston	Whitney Houston - I Wanna Dance With Somebody (Who Loves Me) (Official 4K Video)	id2-K3daNRQ 77 Whitney Houston: I Wanna Dance with Somebody (Who Loves Me) | 2dzf4T3RbEc 75 Whitney Houston: I Wanna Dance With Somebody (Who Loves Me) (Single Version) | oKWPYxXkAS0 46 7clouds: Whitney Houston - I Wanna Dance With Somebody (Lyrics)
Whitney Houston	I'm Every Woman	H7_sqdkaAfo	high	search	95	286	Whitney Houston	Whitney Houston - I'm Every Woman (Official Video)	gwKu7A7Fxsw 86 Whitney Houston: Whitney Houston - I'm Every Woman (Official Lyric Video) | V7KxSi6SEPo 40 Young Pilgrim Music: Whitney Houston - I'm Every Woman (Lyrics) | MxMH2YaYN0A 39 Welcome2Videodrome: Whitney Houston - I'm Every Woman
Whitney Houston	It's Not Right But It's Okay	6J538b-OLRU	high	search	89	263	Whitney Houston	Whitney Houston - It's Not Right But It's Okay (Official HD Video)	llCU_VwfJc4 75 Whitney Houston: It's Not Right but It's Okay | uWG1vZhXMFs 54 Whitney Houston: Whitney Houston - It's Not Right But It's Okay (Live on Top Of The Pops 1999) | tOglLklx8SU 50 Whitney Houston: It's Not Right But It's Okay (Thunderpuss Mix)
Whitney Houston	It's Not Right But It's Okay (Thunderpuss Mix)	6J538b-OLRU	high	search	85	263	Whitney Houston	Whitney Houston - It's Not Right But It's Okay (Official HD Video)	tOglLklx8SU 79 Whitney Houston: It's Not Right But It's Okay (Thunderpuss Mix) | _cLsIHZvySw 77 Whitney Houston: It's Not Right but It's Okay (Thunderpuss Mix/Remastered: 2000) | svKFGm8GNnQ 61 Whitney Houston: It's Not Right but It's Okay (Thunderpuss Club Mix)
Whitney Houston	Million Dollar Bill	wNIcVTmUSOU	high	search	95	235	Whitney Houston	Whitney Houston - Million Dollar Bill (Official Video)	NsrBGPKd744 50 Whitney Houston: Million Dollar Bill (Freemasons Radio Mix) | F1XF4KOX2Oo 41 Emil Paweł Świdziński: Whitney Houston Million dollar bill | s2Ovf_vT9SI 39 Young Pilgrim Music: Whitney Houston - Million Dollar Bill (Lyrics)
Whitney Houston	So Emotional	0YjSHbA6HQQ	high	search	95	247	Whitney Houston	Whitney Houston - So Emotional (Official Video)	WelSiwx_wGA 86 Whitney Houston: Whitney Houston - So Emotional (Official Lyric Video) | oGDxeiFsriE 77 Whitney Houston: So Emotional (Single Version) | z1lryGGZNJM 76 Whitney Houston: So Emotional
Will Smith	Gettin' Jiggy Wit It	3JcmQONgXJM	high	search	87	230	Will Smith	Will Smith - Gettin' Jiggy Wit It	"-sOPCY6_If8 42 GoldenMusic: Will Smith - Gettin' Jiggy Wit It (Remastered) [Audio HQ] | nSqAL95qhRM 41 RapHype: Will Smith - Gettin' Jiggy Wit It | yG7_AEbCv9U 39 WIKTOR BOGULAK: Will Smith - ""Gettin' Jiggy Wit It"" [Audio HQ]"
Will Smith	Wild Wild West	_zXKtfKnfT8	high	search	87	279	Will Smith	Will Smith - Wild Wild West ft. Dru Hill, Kool Mo Dee	vRLED8AvVvQ 78 Will Smith: Wild Wild West (Album Version - No Intro) | jrXUrW_kh44 40 RapHype: Will Smith, Dru Hill, Kool Moe Dee - Wild Wild West | siadw7TPasA 38 HackercIc: Will Smith - Wild Wild West Lyrics
Willow	Whip My Hair	oc6eNKnUitg	high	search	92	235	WillowSmithArchiveVEVO	Willow Smith - Whip My Hair (Music Video)	"bmaErg4FUAc 69 WillowSmithOnlineUK: Willow Smith - Whip My Hair (Official Music Video HQ) | uSdW7RrQ6iQ 60 willowsmith: Official Willow Smith ""Whip My Hair"" Teaser | WillowSmith.com | _RRNcvoZ_tY 50 HDmjuzik: Willow Smith - Whip My Hair (Official Video) [HD]"
Wolf Alice	White Horses	zKVOPB7e5N8	high	search	87	270	Wolf Alice	Wolf Alice - White Horses (Official Lyric Video)	HKsf2SVE_vU 86 Wolf Alice: Wolf Alice - White Horses (The Clearing Tour Video) | -UdgYJz7ZfA 10 al3x_s4m ฅ^•ﻌ•^ฅ: Wolf Alice -  White Horses | Live in Cologne (E-Werk) 2025 | 4Sc69NSlwUs 8 Brayan's Music Corner: Wolf Alice - White Horses (Live at 9:30 Club 9/13/25)
Wolfmother	Woman	IRsc57nK8mg	high	search	95	182	WolfmotherMusic	Wolfmother - Woman (Official Video)	YsfInnEBYHw 86 WolfmotherMusic: Wolfmother - Woman (Audio) | TCYM6UgJi3I 40 aNewHorizonAbove: Wolfmother - Woman (Lyrics) | KYDBqUpRoyM 39 Mark Vissers: Wolfmother - Woman [HQ]
Wyatt Flores	Before I Do (with Jake Kohn)	4joj0E5_tZ4	high	search	95	230	Wyatt Flores	Wyatt Flores & Jake Kohn - Before I Do (From Twisters: The Album) [Official Audio]	57bvzX8safM 52 Jake Kohn: Wyatt Flores & Jake Kohn - Before I Do (From Twisters: The Album) [Official Audio] | 8wK6ktH3QT0 41 Whiskey & Willows: wyatt flores - before I do (lyrics) | 0IA5Jq2io8U 40 Fr4me lyrics: Wyatt Flores & Jake Kohn - Before I Do (lyrics)
Wyn Starks	Run	tp4YIHLyqh0	high	search	95	266	Wyn Starks	"Wyn Starks ""Run"" (Official Video)"	"sI7Xbr8wKy8 86 Wyn Starks: Wyn Starks ""Run"" (Official Lyric Video) | g8S1bjR-dGI 28 Wyn Starks: Wyn Starks - ""Who I Am"" (Official Video) | zjBuhgLlVm0 18 Wyn Starks: Wyn Starks - Circles (Official Performance Video)"
XG	HYPNOTIZE	cUfDOS2SINM	high	search	95	190	XG	XG - HYPNOTIZE (Official Music Video)	s7AOIRZz4r4 46 MBCkpop: XG (엑스지) - HYPNOTIZE | Show! MusicCore | MBC260124방송 | Cj7P60HeZfE 45 Jaeguchi: XG (Xtraordinary Genes) 'Hypnotize' (Color Coded Lyrics) | nFxCY9vrQwA 43 Mnet K-POP: 'COMEBACK' XG - HYPNOTIZE #엠카운트다운 EP.914 | Mnet 260129 방송
Yazoo	Don't Go	_sQGwDeambg	low	search	66	166	Yazoo / Yaz - Official	Yazoo - Don't Go (Official 4k Video)	"gMIYGRy-jvE 52 Yazoo / Yaz - Official: Don't Go (""Best Of"") | mMiLZm4q--g 43 Theodisc: Yazoo / Yaz - Don't Go (HD) (yaz 001) | Me9PPt7btEg 40 Lyrixa: Yazoo - Don't Go (lyrics)"
Yazoo	Situation	ysmVlaw36L0	low	search	47	347	RHINO	Yaz - Situation (Official Audio)	"MUijJbEyMiI 41 Catrasho: Yazoo - Situation 1982 | Hbpg__-X6jY 40 80's & 90's - Video Dance Classics: Yazoo - Situation (Popcorn 1983) | bs4T7kZ_Uog 38 ohral_tv: Yazoo - Situation (Original 12"") - 1982"
Yello	Oh Yeah	6jJkdRaa04g	high	search	95	186	Yello	Yello - Oh Yeah (Official Video)	Ya1ySdk9Oao 78 Yello: Oh Yeah | sEvbeMom6bc 55 Yello: Yello - Oh Yeah (Live In Berlin / 2016) | qARW6d-whRg 48 Enhanced Music Videos: Yello - Oh Yeah (Official Music Video), Full HD (Digitally Remastered and Upscaled
Yellowcard	Bedroom Posters	6g-7I89Sur8	high	search	78	219	Yellowcard	Bedroom Posters (feat. Good Charlotte)	JhNvLmnOZmQ 50 Better Noise Music and 3 more: Yellowcard ft Good Charlotte - Bedroom Posters (Official Music Video) | KjiFDvjduzU 43 Blippi Songs and 3 more: Yellowcard Helps Blippi Write a Song 🎸 Bedroom Posters (Yellowcard x Blippi) | eI08BaiUYz4 40 Better Noise Music and 2 more: Yellowcard -  Bedroom Posters (Official Lyric Video)
Yellowcard	Ocean Avenue	X9fLbfzCqWw	high	search	87	201	Yellowcard	Yellowcard - Ocean Avenue	DrdOg6kI-tE 84 Yellowcard: Yellowcard + Hammock - Ocean Avenue | WUBWEwjcZXs 46 7clouds Rock: Yellowcard - Ocean Avenue (Lyrics) | iBeyEXd46U8 40 TheSquiggleyPanda: Yellowcard - Ocean Avenue
Yellowcard	Ocean Avenue (Steve Aoki Remix)	Pw3TWFs3PGA	high	manual	54	232	Steve Aoki	Steve Aoki & Yellowcard - Ocean Avenue [OFFICIAL MUSIC VIDEO]	jYLkP7979x0 45 WaveMusic: Yellowcard - Ocean Avenue (Kasum Remix) | Pw3TWFs3PGA 25 Steve Aoki: Steve Aoki & Yellowcard - Ocean Avenue [OFFICIAL MUSIC VIDEO] | WUBWEwjcZXs 13 7clouds Rock: Yellowcard - Ocean Avenue (Lyrics)
Young MC	Bust a Move	0-x1nZqhoHs	high	search	87	263	Young MC	Young MC - Bust A Move	wet0f9sA0eU 43 Miguel Zelaya: Bust A Move - Young M.C. (HD) | 0m3X9MLDRKw 42 The Bicycle Music Company: Young MC - Bust a Move (Official HD Music Video) - from Stone Cold Rhymin' | VpZggpc9RIg 41 Song Lyrics HD: Young MC - Bust A Move (Lyrics HD)
Young The Giant	Evergreen	z0q7V9AasBI	low	search	72	223	Young the Giant and Fearless Records	Young The Giant - Evergreen (Official Music Video)	"EMBew4bTY9I 46 CBS Mornings: Saturday Sessions: Young the Giant performs ""Evergreen"" | SJ5nUjMO6xc 40 OnLyrics United States 🇺🇸: Young the Giant - Evergreen (Lyrics) | DfEoJDd85YI 38 U2Hype 1: Young The Giant - Evergreen @ Bridgeport CT 6.13.26"
Young The Giant	The Walk Home	s8mw0BDagEU	high	search	95	221	Young the Giant	Young the Giant - The Walk Home (Official Video)	"zwGJ7l22uPM 53 Young the Giant: Young The Giant - ""The Walk Home (Acoustic)"" (Official Video) | dvWbYXh_FMs 43 Young the Giant: Young The Giant - The Walk Home (Acoustic) | MDcgL_6GnEw 41 Pumpkin Diary: The Walk Home Lyrics by Young the Giant"
Youngblood Hawke	We Come Running	6ECw5DTULQ8	high	search	87	258	Youngblood Hawke	Youngblood Hawke - We Come Running	hDT90rPF5z4 86 Youngblood Hawke: Youngblood Hawke 'We Come Running' (Lyric Video) | bL8U6NfQ8Bg 40 Pablo: we come running (lyrics) - youngblood hawke | MGZi-QO6KJo 39 TNMthenewmusic: Youngblood Hawke - We come running
YUNGBLUD	I Was Made For Lovin’ You (from The Fall Guy)	gaD55NqPJA0	high	search	87	255	YUNGBLUD	YUNGBLUD - I Was Made For Lovin’ You (from The Fall Guy)	ThDKZe8r-DE 86 YUNGBLUD: YUNGBLUD - I Was Made For Lovin' You (Audio / from The Fall Guy) | 2-CatNRKl6c 75 YUNGBLUD: I Was Made For Lovin’ You (from The Fall Guy) (Orchestral Version) | HjAVfZiMWHw 39 Strain Music: YUNGBLUD - I Was Made For Lovin’ You (from The Fall Guy) [Lyrics]
Zac Brown Band	Someone I Used To Know	IdqEaU0uSPI	high	search	95	276	Zac Brown Band	Zac Brown Band - Someone I Used To Know (Official Music Video) | The Owl	TqMvon5T2l4 86 Zac Brown Band: Zac Brown Band - Someone I Used To Know (AUDIO) | The Owl | qK6loCGbDqU 84 Zac Brown Band: Someone I Used To Know (BTS) | Zac Brown Band | 4nt1lEa5Tlg 40 Brookie Girl †: Someone I Used To Know (Lyrics) - Zac Brown Band
Zach Bryan	American Nights	ax4eWS8UBGY	high	search	87	219	Zach Bryan	Zach Bryan - American Nights	B-yiesKkwxg 41 Posh Plumber: Zach Bryan - American Nights (Music Video) | 5aVcHCHnt8M 40 Whiskey & Wallows: Zach Bryan - American Nights (Lyrics) | 4G6sV77NL9Q 39 Whiskey & Willows: zach bryan - american nights (lyrics)
Zach Bryan	Blue Jean Baby	HL6osaiYTP4	high	search	87	133	Zach Bryan	Zach Bryan - Blue Jean Baby	9anwAA5eyKU 46 BagOnly: Zach Bryan - Blue Jean Baby (Lyrics) | JispWqxvhC4 40 Posh Plumber: Zach Bryan - Blue Jean Baby (Music Video) | bPy19Cl99dc 38 Jeff B: Zach Bryan Blue Jean Baby MetLife July 20, 2025
Zara Larsson	Crush	ZB600rRlPO8	high	search	95	200	Zara Larsson	Zara Larsson - Crush (Official Music Video)	Mu-y_3kIeG0 94 Zara Larsson: Zara Larsson - Crush (Official Audio) | i_r3DI7EpUY 92 Zara Larsson: Zara Larsson, Eli - Crush (Girls Trip - Official Visualizer) | 97mcIgPm8Sc 40 DanceHype: Zara Larsson - Crush
Zara Larsson	Never Forget You (Feat. MNEK)	GTyN-DB_v5M	high	search	95	243	Zara Larsson	Zara Larsson, MNEK - Never Forget You (Official Video)	ZlARJAmytnk 93 Zara Larsson: Zara Larsson & MNEK - Never Forget You (Official Audio) | pv5BDry5ghU 46 7clouds Dance: MNEK, Zara Larsson - Never Forget You (Lyrics) | 4_5YJ_Z5TUU 44 Royal Music: MNEK, Zara Larsson - Never Forget You (Lyrics)
Zara Larsson	You Love Who You Love	YBNYVArkExQ	high	search	95	213	Zara Larsson	Zara Larsson - You Love Who You Love (Official Music Video)	i0mnf58E7oo 93 Zara Larsson: Zara Larsson - You Love Who You Love (Official Audio) | y3xyV_Fa3D0 92 Zara Larsson: Zara Larsson - You Love Who You Love (Official Visualizer) | GfH38BgLjlk 43 Dan Music: Zara Larsson - You Love Who You Love (Lyrics)
Zedd	Clarity (feat. Foxes)	l9Q7GISatW0	high	search	87	272	Zedd	Zedd - Clarity (feat. Foxes)	IxxstCcJlsc 86 Zedd: Zedd - Clarity ft. Foxes | 0SnPwu5Gspg 47 Bachhu Mondal: Zedd   Clarity Official Video ft  Foxes | u6MvE6nypdA 45 Pizza Music: Zedd - Clarity ft. Foxes (LYRICS)
Zedd	Inside Out (Feat. Griff)	ZTwXOn3qZBc	high	search	95	191	Zedd	Zedd, Griff - Inside Out (Official Music Video)	ijC3cp8AlK8 86 Zedd: Zedd, Griff - Inside Out (Lyric Video) | 9rgd65YaBnc 83 Zedd: Zedd, Griff - Inside Out (Dance Version) | AoFWSh-uJ48 48 Zedd: Zedd - Inside Out (3SCAPE DRM Remix/Audio) ft. Griff
Zedd	Out of Time (Feat. Bea Miller)	IhFjM79DtZ8	high	search	94	223	Zedd	Zedd - Out Of Time (feat. Bea Miller) [Official Audio]	ujBqCgClEFo 87 Zedd: Zedd - Out of Time (feat. Bea Miller) [Official Lyric Video] | jCU6f1Neko0 76 Zedd: Out of Time | hW6lYjredz8 75 Zedd: Out of Time
Zedd	Spectrum (feat. Matthew Koma)	IsuVMdnF8A0	high	search	95	248	Zedd	Zedd - Spectrum ft. Matthew Koma (Official Music Video)	wEp9MCQlAa4 86 Zedd: Zedd - Spectrum ft. Matthew Koma (Lyric Video) | jdQrYWfu5hY 85 Zedd: Zedd - Spectrum (feat. Matthew Koma) [Extended Mix] | LKWwU1YBRsg 39 Kevin Liau: Zedd - Spectrum (Feat. Matthew Koma)
Zedd	Stay The Night (feat. Hayley Williams)	i-gyZ35074k	high	search	87	217	Zedd	Zedd - Stay The Night ft. Hayley Williams	RgTTQSkd5lw 47 FUN RADIO 95.3 - Världens största hits: Zedd - Stay The Night ft. Hayley Williams Official Music Video | niBXg0MWhVo 45 Zedd: Zedd - Stay The Night ft. Hayley Williams of Paramore (Acoustic from iTunes Session) | BfVY9-tejX4 41 Dreams Music: Zedd - Stay The Night (Lyrics) ft. Hayley Williams
Zendaya	"Shake Santa Shake (from ""Shake It Up"")"	5NPW4Bo9TRg	high	search	78	177	Zendaya	"Shake Santa Shake (from ""Shake It Up"")"	"dpI-DFUzD74 47 Disney Club UK: Shake It Up | Shake Santa Shake Music Video - Zendaya | Official Disney Channel UK | bIOTn9BszsI 40 BellaDisneyLyrics: ""Shake Santa Shake"" - Zendaya (Lyrics Video) | SkfE8wkDEh8 39 THB: Bella Thorne and Zendaya - Shake Santa Shake"
ZHANGYE, Skylar Grey	DREAMING	VHqRnrBOEIM	low	search	42	191	ZHANGYE and Skylar Grey	ZHANGYE&Skylar Grey - DREAMING (official music video)	0NAlA43n6ag 40 TURNT Music Media: ZHANGYE, Skylar Grey - DREAMING | 0mwHCT5nSaQ 33 ZHANGYE - Topic: DREAMING | py60E_EvlcY -42 Skylar Grey: Skylar Grey - Love The Way You Lie (Live on the Honda Stage at The Peppermint Club)
ZZ Top	Gimme All Your Lovin'	-_FBMDK_nU8	high	search	79	241	ZZ Top	Gimme All Your Lovin' (2019 Remaster)	Ae829mFAGGE 57 RHINO: ZZ Top - Gimme All Your Lovin' (Official Music Video) [HD] | TG2JtdUEMJU 56 ZZ Top: ZZ Top - Gimme All Your Lovin' (Live) | k4VFFBCa5Aw 39 joeybbbbbz: ZZ Top - Gimme All Your Lovin'
ZZ Top	Sharp Dressed Man	83ji4HioauM	high	search	80	253	ZZ Top	Sharp Dressed Man (2019 Remaster)	7wRHBLwpASw 57 RHINO: ZZ Top - Sharp Dressed Man (Official Music Video) [HD Remaster] | mB3SOEsk3zw 53 ZZ Top: ZZ Top - Sharp Dressed Man (Live) | LwH9v0rS7Zg 49 Enhanced Music Videos: ZZ Top - Sharp Dressed Man (Official Music Video), Full HD (Digitally Remaster and
ZZ Top	Sleeping Bag	bbwFaoanxQY	high	search	78	244	ZZ Top	Sleeping Bag	2_xw-dqsAFw 78 ZZ Top: Sleeping Bag (2019 Remaster) | Mjl7EJSBcT4 77 ZZ Top: Sleeping Bag (2003 Remaster) | TKJymx2KDWo 55 RHINO: ZZ Top - Sleeping Bag (Official Music Video)
ZZ Top	Viva Las Vegas	SZK51VyM-oI	high	search	80	285	ZZ Top	Viva Las Vegas (2019 Remaster)	gOoKzw3JSCM 55 RHINO: ZZ Top - Viva Las Vegas (Official Music Video) | Y2nQJo_KD1k 40 Nisse631: ZZ Top Viva Las Vegas | gAcck19Vk4Y 39 Marklen Kennedy: Viva Las Vegas ZZ Top Vegas Golden Knights RIP Dusty Hill
